utterance_id,prompt,asr_transcript,target_language,cefr_level,asr_mean_confidence,asr_word_confidences,human_score,xgboost_pred
utt_00000,Talk about your favorite hobby and why you like it.,mon passe-temps prefere est le foot parce que j'aime jouer en equipe,fr,B1,0.839,"[0.853, 0.807, 0.864, 0.929, 0.8, 0.8, 0.933, 0.873, 0.782, 0.857, 0.783, 0.783]",3,3
utt_00001,Introduce yourself and say where you are from.,me llamo ana,es,A1,0.717,"[0.78, 0.681, 0.69]",1,1
utt_00002,Talk about a book or film you enjoyed recently.,i recently enjoyed a film about space travel; the story was really moving i mean,en,B2,0.83,"[0.861, 0.846, 0.984, 0.807, 0.791, 0.888, 0.862, 0.857, 0.843, 0.802, 0.674, 0.769, 0.998, 0.655, 0.81]",3,3
utt_00003,Describe what you did last weekend.,el fin de semana pasado fui al parque y luego cene con unos i mean,es,B1,0.967,"[0.925, 0.999, 0.999, 0.955, 0.999, 0.999, 0.999, 0.943, 0.999, 0.999, 0.999, 0.886, 0.976, 0.883, 0.947]",4,3
utt_00004,Talk about your favorite hobby and why you like it.,mon passe-temps prefere est le foot parce que j'aime jouer en equipe i mean,fr,B1,0.826,"[0.813, 0.778, 0.88, 0.786, 0.748, 0.968, 0.839, 0.861, 0.747, 0.814, 0.864, 0.768, 0.885, 0.81]",3,3
utt_00005,Ask for directions to the train station.,ou train,fr,A1,0.929,"[0.936, 0.922]",2,1
utt_00006,Describe your typical workday.,"an einem typischen tag fange ich um neun an, beantworte e-mails und habe nachmittags besprechungen also",de,B2,0.772,"[0.921, 0.791, 0.718, 0.849, 0.707, 0.806, 0.656, 0.7, 0.806, 0.843, 0.804, 0.784, 0.771, 0.689, 0.742, 0.76]",2,3
utt_00007,Describe what you did last weekend.,el fin de semana fui al parque con amigos,es,A2,0.673,"[0.739, 0.687, 0.532, 0.685, 0.633, 0.612, 0.706, 0.737, 0.73]",2,2
utt_00008,Talk about a book or film you enjoyed recently.,i watched a good film last week about space,en,B1,0.595,"[0.558, 0.641, 0.641, 0.539, 0.674, 0.535, 0.541, 0.503, 0.725]",2,1
utt_00009,Describe what you did last weekend.,el fin de semana pasado fui al parque y luego cene con unos amigos la verdad,es,B1,0.822,"[0.767, 0.797, 0.835, 0.872, 0.787, 0.805, 0.751, 0.746, 0.863, 0.894, 0.811, 0.874, 0.836, 0.778, 0.836, 0.905]",3,2
utt_00010,Describe your typical workday.,ich arbeite computer,de,A1,0.724,"[0.75, 0.876, 0.547]",3,3
utt_00011,Explain your plans for the summer holidays.,fuer die sommerferien plane ich nach spanien zu reisen und die kueste zu besuchen ehrlich gesagt,de,C1,0.836,"[0.808, 0.8, 0.777, 0.797, 0.892, 0.921, 0.869, 0.834, 0.85, 0.868, 0.897, 0.818, 0.901, 0.697, 0.852, 0.802]",3,4
utt_00012,Talk about a book or film you enjoyed recently.,uh uh [inaudible],en,B1,0.333,"[0.313, 0.297, 0.39]",3,2
utt_00013,Explain your plans for the summer holidays.,diesen sommer moechte ich mit meiner familie nach spanien fahren,de,B1,0.508,"[0.572, 0.521, 0.494, 0.521, 0.376, 0.499, 0.54, 0.618, 0.479, 0.458]",2,2
utt_00014,Explain your plans for the summer holidays.,diesen sommer moechte ich mit meiner familie nach spanien fahren,de,B1,0.805,"[0.762, 0.876, 0.829, 0.76, 0.844, 0.81, 0.88, 0.746, 0.776, 0.771]",2,3
utt_00015,Introduce yourself and say where you are from.,soy de madrid,es,A2,0.619,"[0.553, 0.677, 0.626]",1,1
utt_00016,Talk about a book or film you enjoyed recently.,i like film action,en,A2,0.732,"[0.759, 0.715, 0.682, 0.77]",1,1
utt_00017,Describe what you did last weekend.,"el fin de semana pasado visite el parque, di un largo paseo y luego cene con viejos amigos la verdad",es,C1,0.705,"[0.591, 0.734, 0.731, 0.71, 0.691, 0.594, 0.675, 0.682, 0.644, 0.697, 0.743, 0.863, 0.724, 0.731, 0.704, 0.553, 0.708, 0.715, 0.91, 0.694]",3,3
utt_00018,Describe what you did last weekend.,el fin de semana pasado fui al parque y luego cene con unos amigos sabes,es,B1,0.944,"[0.948, 0.94, 0.912, 0.969, 0.959, 0.96, 0.919, 0.975, 0.907, 0.955, 0.994, 0.917, 0.927, 0.943, 0.929]",1,3
utt_00019,Talk about your favorite hobby and why you like it.,j'aime le foot,fr,A1,0.805,"[0.867, 0.758, 0.791]",1,2
utt_00020,Give your opinion on working from home.,i believe working from home is convenient though it can feel isolating,en,B1,0.797,"[0.762, 0.807, 0.767, 0.789, 0.886, 0.695, 0.783, 0.721, 0.809, 0.91, 0.79, 0.848]",2,3
utt_00021,Give your opinion on working from home.,i think working from home is good but sometimes lonely,en,A2,0.799,"[0.895, 0.916, 0.742, 0.866, 0.71, 0.843, 0.761, 0.682, 0.807, 0.77]",1,3
utt_00022,Introduce yourself and say where you are from.,me llamo ana,es,A1,0.659,"[0.618, 0.712, 0.646]",2,1
utt_00023,Describe what you did last weekend.,dormi y comi,es,A1,0.89,"[0.894, 0.84, 0.936]",3,2
utt_00024,Ask for directions to the train station.,gare s'il vous plait ou,fr,A2,0.765,"[0.723, 0.76, 0.851, 0.687, 0.804]",2,2
utt_00025,Order a coffee and a pastry at a cafe.,cafe por favor,es,A1,0.829,"[0.9, 0.747, 0.841]",1,1
utt_00026,Explain how to get from your house to the office.,cammino poi autobus,it,A1,0.68,"[0.696, 0.722, 0.621]",0,1
utt_00027,Describe what you did last weekend.,el fin de semana fui al parque con amigos well,es,A2,0.818,"[0.733, 0.843, 0.829, 0.827, 0.832, 0.771, 0.825, 0.829, 0.769, 0.923]",4,2
utt_00028,Explain your plans for the summer holidays.,urlaub spanien vielleicht,de,A2,0.883,"[0.914, 0.81, 0.926]",4,3
utt_00029,Order a coffee and a pastry at a cafe.,cafe por favor,es,A1,0.566,"[0.594, 0.471, 0.633]",0,1
utt_00030,Give your opinion on working from home.,i think working from home is good but sometimes lonely,en,B2,0.823,"[0.794, 0.768, 0.897, 0.823, 0.739, 0.909, 0.961, 0.686, 0.771, 0.88]",1,3
utt_00031,Talk about your favorite hobby and why you like it.,j'aime le foot,fr,A1,0.579,"[0.514, 0.602, 0.621]",0,1
utt_00032,Explain your plans for the summer holidays.,sommer ich gehe strand,de,A1,0.69,"[0.6, 0.737, 0.695, 0.726]",2,2
utt_00033,Describe your typical workday.,"an einem typischen tag fange ich um neun an, beantworte e-mails und habe nachmittags besprechungen",de,B2,0.834,"[0.977, 0.791, 0.747, 0.736, 0.742, 0.806, 0.842, 0.836, 0.884, 0.814, 0.938, 0.79, 1.0, 0.867, 0.738]",3,3
utt_00034,Introduce yourself and say where you are from.,"hola, me llamo ana y soy de madrid en espana etcetera",es,C1,0.212,"[0.133, 0.263, 0.204, 0.283, 0.262, 0.217, 0.152, 0.095, 0.185, 0.295, 0.241]",4,3
utt_00035,Ask for directions to the train station.,"pardon, pourriez-vous me dire comment aller a la gare? franchement",fr,B2,0.668,"[0.618, 0.678, 0.687, 0.633, 0.677, 0.673, 0.622, 0.686, 0.694, 0.716]",2,1
utt_00036,Describe what you did last weekend.,el fin de semana fui al parque con amigos,es,A2,0.618,"[0.638, 0.516, 0.538, 0.611, 0.611, 0.611, 0.778, 0.614, 0.642]",1,2
utt_00037,Introduce yourself and say where you are from.,...,es,B2,0.796,[0.796],2,3
utt_00038,Order a coffee and a pastry at a cafe.,"podria darme un cafe y un croissant de chocolate, por favor? gracias",es,C1,0.856,"[0.928, 0.844, 0.937, 0.804, 0.851, 0.829, 0.878, 1.0, 0.709, 0.931, 0.731, 0.83]",4,4
utt_00039,Introduce yourself and say where you are from.,me llamo ana,es,A1,0.508,"[0.579, 0.511, 0.435]",3,1
utt_00040,Talk about a book or film you enjoyed recently.,i watched a good film last week about space,en,B1,0.652,"[0.764, 0.56, 0.792, 0.535, 0.709, 0.695, 0.638, 0.549, 0.622]",1,2
utt_00041,Ask for directions to the train station.,ou train,fr,A1,0.724,"[0.759, 0.69]",0,1
utt_00042,Talk about a book or film you enjoyed recently.,i watched a good film last week about space,en,A1,0.705,"[0.643, 0.763, 0.666, 0.775, 0.702, 0.709, 0.725, 0.652, 0.711]",3,2
utt_00043,Give your opinion on working from home.,*noise* *noise* *noise*,en,A1,0.367,"[0.419, 0.379, 0.304]",3,2
utt_00044,Order a coffee and a pastry at a cafe.,cafe por favor,es,A1,0.696,"[0.692, 0.704, 0.692]",1,1
utt_00045,Talk about your favorite hobby and why you like it.,j'aime le foot,fr,A1,0.824,"[0.943, 0.711, 0.818]",0,2
utt_00046,Order a coffee and a pastry at a cafe.,"podria darme un cafe y un croissant de chocolate, por favor? gracias o sea",es,C1,0.353,"[0.373, 0.358, 0.294, 0.55, 0.411, 0.168, 0.37, 0.293, 0.431, 0.281, 0.343, 0.4, 0.433, 0.243]",2,4
utt_00047,Introduce yourself and say where you are from.,hola me llamo ana soy de madrid bueno,es,B1,0.637,"[0.592, 0.582, 0.569, 0.74, 0.644, 0.526, 0.68, 0.766]",1,1
utt_00048,Give your opinion on working from home.,home work is good,en,A2,0.54,"[0.485, 0.568, 0.555, 0.554]",1,1
utt_00049,Ask for directions to the train station.,excusez-moi ou est la gare s'il vous plait,fr,B1,0.774,"[0.82, 0.707, 0.753, 0.83, 0.743, 0.794, 0.809, 0.733]",1,2
utt_00050,Talk about a book or film you enjoyed recently.,i watched a good film last week about space,en,A2,0.763,"[0.786, 0.777, 0.764, 0.694, 0.782, 0.871, 0.792, 0.694, 0.704]",2,2
utt_00051,Explain how to get from your house to the office.,prendo l'autobus e poi cammino fino all'ufficio,it,B1,0.62,"[0.678, 0.432, 0.603, 0.663, 0.586, 0.809, 0.572]",4,2
utt_00052,Talk about a book or film you enjoyed recently.,no,en,A2,0.457,[0.457],0,1
utt_00053,Talk about a book or film you enjoyed recently.,i like film action,en,A2,0.576,"[0.406, 0.686, 0.643, 0.569]",2,1
utt_00054,Describe what you did last weekend.,el fin de semana pasado fui al parque y luego cene con unos amigos etcetera,es,B1,0.665,"[0.629, 0.665, 0.747, 0.567, 0.729, 0.657, 0.596, 0.686, 0.669, 0.619, 0.661, 0.633, 0.664, 0.698, 0.756]",1,2
utt_00055,Explain how to get from your house to the office.,prendo autobus ufficio,it,A2,0.615,"[0.554, 0.785, 0.505]",1,1
utt_00056,Ask for directions to the train station.,ou train,fr,A1,0.538,"[0.516, 0.561]",2,1
utt_00057,Explain your plans for the summer holidays.,fuer die sommerferien plane ich nach spanien zu reisen und die kueste zu besuchen,de,C1,0.953,"[0.966, 0.92, 0.942, 0.927, 0.922, 0.996, 0.97, 0.917, 0.998, 0.968, 0.994, 0.984, 0.91, 0.924]",4,4
utt_00058,Order a coffee and a pastry at a cafe.,quisiera un cafe y un croissant por favor bueno,es,B1,0.839,"[0.883, 0.871, 0.815, 0.827, 0.929, 0.765, 0.865, 0.799, 0.798]",2,3
utt_00059,Describe your typical workday.,"an einem typischen tag fange ich um neun an, beantworte e-mails und habe nachmittags besprechungen weißt du",de,B2,0.913,"[0.971, 0.95, 0.949, 0.986, 0.89, 0.939, 0.865, 0.912, 0.878, 0.895, 0.933, 0.826, 1.0, 0.812, 0.796, 0.975, 0.948]",3,4
utt_00060,Describe your typical workday.,"an einem typischen tag fange ich um neun an, beantworte e-mails und habe nachmittags besprechungen",de,B2,0.842,"[0.901, 0.901, 0.847, 0.771, 0.854, 0.79, 0.931, 0.835, 0.777, 0.82, 0.883, 0.8, 0.778, 0.869, 0.869]",2,4
utt_00061,Explain how to get from your house to the office.,prendo l'autobus e poi cammino fino all'ufficio eccetera,it,B1,0.772,"[0.774, 0.779, 0.857, 0.669, 0.674, 0.751, 0.807, 0.866]",1,3
utt_00062,Order a coffee and a pastry at a cafe.,"podria darme un cafe y un croissant de chocolate, por gracias o sea i mean",es,B2,0.76,"[0.848, 0.805, 0.735, 0.745, 0.677, 0.745, 0.726, 0.768, 0.689, 0.782, 0.852, 0.739, 0.774, 0.794, 0.719]",4,3
utt_00063,Describe what you did last weekend.,el fin de semana fui al parque con amigos,es,A2,0.852,"[0.829, 0.813, 0.82, 0.753, 0.814, 0.85, 0.923, 0.886, 0.977]",2,2
utt_00064,Explain your plans for the summer holidays.,fuer die sommerferien plane ich nach spanien zu reisen und die kueste zu besuchen ehrlich gesagt,de,B2,0.639,"[0.602, 0.692, 0.654, 0.764, 0.599, 0.598, 0.611, 0.527, 0.615, 0.602, 0.652, 0.662, 0.747, 0.696, 0.612, 0.594]",2,3
utt_00065,Describe your typical workday.,ich fange um neun uhr an zu arbeiten und benutze den ganzen tag den computer,de,B1,0.931,"[0.968, 0.849, 1.0, 1.0, 0.905, 0.823, 1.0, 0.928, 1.0, 0.831, 0.896, 0.936, 0.939, 0.906, 0.977]",3,3
utt_00066,Talk about a book or film you enjoyed recently.,i watched a good film last week about space,en,B1,0.597,"[0.54, 0.574, 0.663, 0.642, 0.493, 0.58, 0.631, 0.7, 0.55]",3,1
utt_00067,Ask for directions to the train station.,excusez-moi ou est la gare s'il vous plait tu vois,fr,B1,0.85,"[0.78, 0.852, 0.872, 0.903, 0.918, 0.775, 0.744, 0.962, 0.889, 0.805]",2,3
utt_00068,Talk about a book or film you enjoyed recently.,i watched a good film last week about space,en,B1,0.694,"[0.593, 0.729, 0.693, 0.534, 0.742, 0.77, 0.695, 0.737, 0.751]",1,2
utt_00069,Talk about your favorite hobby and why you like it.,mon passe-temps est le foot le samedi,fr,A2,0.675,"[0.717, 0.619, 0.692, 0.616, 0.752, 0.731, 0.595]",1,2
utt_00070,Talk about a book or film you enjoyed recently.,i like film action,en,A2,0.736,"[0.681, 0.717, 0.649, 0.898]",2,1
utt_00071,Explain how to get from your house to the office.,prendo autobus ufficio,it,A2,0.981,"[0.981, 0.962, 1.0]",3,2
utt_00072,Talk about your favorite hobby and why you like it.,j'aime le foot you know,fr,A1,0.856,"[0.822, 0.927, 0.95, 0.772, 0.809]",3,2
utt_00073,Talk about a book or film you enjoyed recently.,book is good,en,A1,0.609,"[0.553, 0.716, 0.559]",1,1
utt_00074,Give your opinion on working from home.,i think working from home is good but sometimes lonely,en,B1,0.707,"[0.72, 0.77, 0.586, 0.65, 0.702, 0.601, 0.809, 0.736, 0.833, 0.659]",2,2
utt_00075,Order a coffee and a pastry at a cafe.,un cafe croissant,es,A2,0.762,"[0.593, 0.791, 0.901]",2,2
utt_00076,Ask for directions to the train station.,"pardon, pourriez-vous me dire comment aller a la gare?",fr,B2,0.63,"[0.708, 0.642, 0.714, 0.575, 0.56, 0.636, 0.657, 0.637, 0.543]",2,2
utt_00077,Explain your plans for the summer holidays.,diesen sommer moechte ich mit meiner familie nach spanien fahren also,de,B1,0.721,"[0.732, 0.634, 0.792, 0.768, 0.663, 0.697, 0.654, 0.734, 0.815, 0.66, 0.779]",1,2
utt_00078,Order a coffee and a pastry at a cafe.,un cafe croissant,es,A2,0.132,"[0.129, 0.116, 0.151]",4,3
utt_00079,Give your opinion on working from home.,i think working from home is good but sometimes lonely,en,B2,0.77,"[0.788, 0.689, 0.824, 0.783, 0.648, 0.871, 0.708, 0.789, 0.887, 0.713]",2,3
utt_00080,Talk about a book or film you enjoyed recently.,i recently enjoyed a film about space travel; the story was really moving well,en,B2,0.756,"[0.711, 0.818, 0.783, 0.715, 0.818, 0.688, 0.538, 0.669, 0.792, 0.831, 0.735, 0.865, 0.771, 0.857]",3,4
utt_00081,Talk about a book or film you enjoyed recently.,book is good,en,A1,0.696,"[0.716, 0.603, 0.768]",1,1
utt_00082,Talk about a book or film you enjoyed recently.,i recently enjoyed a film about space travel; the story was really moving,en,A2,0.835,"[0.712, 0.824, 0.834, 0.922, 0.801, 0.881, 0.82, 0.806, 0.652, 0.932, 0.859, 0.964, 0.847]",3,3
utt_00083,Explain how to get from your house to the office.,prendo autobus ufficio,it,A2,0.574,"[0.565, 0.606, 0.551]",2,1
utt_00084,Describe your typical workday.,an einem typischen tag fange ich um neun beantworte e-mails und habe nachmittags besprechungen und so weiter i mean,de,C1,0.842,"[0.975, 0.832, 0.777, 0.845, 0.821, 0.813, 0.874, 0.885, 0.79, 0.786, 0.809, 0.658, 0.716, 0.93, 0.951, 0.81, 0.872, 0.852, 1.0]",1,4
utt_00085,Ask for directions to the train station.,"pardon, pourriez-vous me dire comment aller a la gare? et cetera",fr,B2,0.661,"[0.779, 0.671, 0.6, 0.544, 0.7, 0.617, 0.56, 0.627, 0.589, 0.827, 0.758]",3,3
utt_00086,Introduce yourself and say where you are from.,soy de madrid,es,A2,0.484,"[0.574, 0.374, 0.503]",1,1
utt_00087,Talk about a book or film you enjoyed recently.,i recently enjoyed a film about space travel; the story was really moving,en,A2,0.803,"[0.698, 0.875, 0.826, 0.861, 0.861, 0.767, 0.732, 0.805, 0.778, 0.79, 0.791, 0.787, 0.871]",3,2
utt_00088,Give your opinion on working from home.,i think working from home is good but sometimes lonely,en,A1,0.91,"[0.782, 0.808, 0.879, 0.88, 0.93, 0.945, 0.955, 0.999, 0.942, 0.98]",2,3
utt_00089,Order a coffee and a pastry at a cafe.,quisiera un cafe y un croissant por favor o sea,es,B1,0.759,"[0.761, 0.814, 0.764, 0.731, 0.816, 0.781, 0.725, 0.755, 0.73, 0.712]",0,2
utt_00090,Talk about a book or film you enjoyed recently.,i recently enjoyed a film about space travel; the story was really moving you know,en,B1,0.755,"[0.839, 0.905, 0.659, 0.668, 0.634, 0.757, 0.65, 0.887, 0.658, 0.733, 0.892, 0.755, 0.777, 0.777, 0.73]",3,3
utt_00091,Order a coffee and a pastry at a cafe.,quisiera un cafe y un croissant por favor,es,B1,0.832,"[0.891, 0.949, 0.753, 0.869, 0.797, 0.807, 0.801, 0.785]",2,3
utt_00092,Describe what you did last weekend.,"el fin de semana pasado visite el parque, di un largo paseo y luego cene con viejos amigos o sea",es,B2,0.809,"[0.843, 0.764, 0.863, 0.834, 0.817, 0.757, 0.787, 0.906, 0.883, 0.75, 0.847, 0.906, 0.688, 0.887, 0.779, 0.89, 0.77, 0.676, 0.692, 0.843]",2,3
utt_00093,Order a coffee and a pastry at a cafe.,un cafe croissant,es,A2,0.634,"[0.68, 0.592, 0.629]",1,1
utt_00094,Give your opinion on working from home.,i like home,en,A1,0.502,"[0.435, 0.552, 0.519]",2,1
utt_00095,Explain your plans for the summer holidays.,urlaub spanien vielleicht you know,de,A2,0.724,"[0.731, 0.718, 0.735, 0.71, 0.728]",1,1
utt_00096,Explain your plans for the summer holidays.,fuer die sommerferien plane ich nach spanien zu reisen und die kueste zu besuchen und so weiter,de,B2,0.841,"[0.754, 0.804, 0.867, 0.785, 0.828, 0.953, 0.811, 0.937, 0.761, 0.91, 0.992, 0.641, 0.791, 0.914, 0.844, 0.896, 0.808]",4,4
utt_00097,Give your opinion on working from home.,i think working from home is good but sometimes lonely,en,A1,0.816,"[0.899, 0.843, 0.784, 0.862, 0.783, 0.823, 0.701, 0.74, 0.816, 0.907]",2,3
utt_00098,Explain your plans for the summer holidays.,fuer die sommerferien plane ich nach spanien zu reisen und die kueste zu besuchen also,de,B2,0.886,"[0.874, 0.859, 0.938, 0.884, 0.889, 0.844, 0.84, 0.843, 0.892, 0.844, 0.886, 0.992, 0.92, 0.849, 0.94]",4,4
utt_00099,Describe what you did last weekend.,el fin de semana fui al parque con amigos well,es,A2,0.675,"[0.669, 0.578, 0.636, 0.588, 0.672, 0.693, 0.785, 0.71, 0.68, 0.738]",0,2
utt_00100,Talk about your favorite hobby and why you like it.,mon passe-temps est le foot le samedi,fr,A2,0.171,"[0.04, 0.202, 0.237, 0.089, 0.262, 0.209, 0.159]",2,2
utt_00101,Order a coffee and a pastry at a cafe.,un cafe croissant,es,A2,0.922,"[0.898, 0.998, 0.87]",2,3
utt_00102,Explain your plans for the summer holidays.,sommer ich gehe strand,de,A1,0.735,"[0.76, 0.701, 0.668, 0.809]",1,2
utt_00103,Introduce yourself and say where you are from.,me llamo ana,es,A1,0.695,"[0.69, 0.625, 0.769]",1,1
utt_00104,Talk about your favorite hobby and why you like it.,mmm mmm mmm mmm mmm mmm,fr,B2,0.322,"[0.24, 0.319, 0.272, 0.354, 0.342, 0.402]",2,4
utt_00105,Explain your plans for the summer holidays.,sommer ich gehe strand,de,A1,0.172,"[0.173, 0.179, 0.163, 0.175]",1,2
utt_00106,Describe what you did last weekend.,el fin de semana fui al parque y luego cene con unos amigos sabes you know,es,B1,0.79,"[0.794, 0.81, 0.739, 0.815, 0.836, 0.796, 0.858, 0.745, 0.725, 0.702, 0.842, 0.806, 0.776, 0.79, 0.73, 0.882]",2,2
utt_00107,Introduce yourself and say where you are from.,me llamo ana,es,A1,0.418,"[0.404, 0.387, 0.462]",0,1
utt_00108,Explain how to get from your house to the office.,cammino poi autobus,it,A1,0.377,"[0.345, 0.434, 0.352]",1,1
utt_00109,Order a coffee and a pastry at a cafe.,cafe por favor,es,A1,0.659,"[0.754, 0.672, 0.552]",0,1
utt_00110,Order a coffee and a pastry at a cafe.,"podria darme un cafe y un croissant de chocolate, por favor? gracias la verdad",es,C1,0.714,"[0.7, 0.699, 0.741, 0.724, 0.706, 0.638, 0.723, 0.819, 0.783, 0.799, 0.657, 0.624, 0.683, 0.695]",2,3
utt_00111,Describe your typical workday.,morgens arbeit dann zuhause,de,A2,0.923,"[0.981, 0.808, 1.0, 0.904]",4,3
utt_00112,Talk about a book or film you enjoyed recently.,uh uh brrr klk [inaudible] the the the,en,A1,0.262,"[0.107, 0.267, 0.31, 0.426, 0.228, 0.252, 0.206, 0.304]",4,2
utt_00113,Introduce yourself and say where you are from.,soy de madrid,es,A2,0.949,"[0.969, 0.95, 0.929]",2,1
utt_00114,Ask for directions to the train station.,"pardon, pourriez-vous me dire comment aller a la gare? en fait",fr,B2,0.637,"[0.706, 0.666, 0.595, 0.595, 0.645, 0.75, 0.649, 0.584, 0.65, 0.648, 0.521]",0,2
utt_00115,Explain your plans for the summer holidays.,urlaub spanien vielleicht,de,A2,0.568,"[0.556, 0.544, 0.605]",2,1
utt_00116,Order a coffee and a pastry at a cafe.,un cafe croissant,es,A2,0.962,"[1.0, 0.993, 0.892]",3,4
utt_00117,Talk about your favorite hobby and why you like it.,mon passe-temps prefere est le foot parce que j'aime jouer en equipe you know,fr,B1,0.542,"[0.46, 0.752, 0.552, 0.549, 0.546, 0.563, 0.536, 0.502, 0.504, 0.545, 0.504, 0.491, 0.556, 0.527]",2,3
utt_00118,Give your opinion on working from home.,home work is good,en,A1,0.563,"[0.645, 0.736, 0.389, 0.481]",0,1
utt_00119,Explain your plans for the summer holidays.,diesen sommer moechte ich mit meiner familie nach spanien fahren und so weiter,de,B1,0.84,"[0.971, 0.627, 0.936, 0.949, 0.675, 0.818, 0.815, 0.73, 0.782, 0.754, 0.991, 0.924, 0.951]",4,2
utt_00120,Talk about a book or film you enjoyed recently.,i recently enjoyed a film about space travel; the story was really moving you know,en,B2,0.821,"[0.9, 0.852, 0.878, 0.893, 0.867, 0.687, 0.653, 0.784, 0.845, 0.838, 0.792, 0.829, 0.878, 0.829, 0.795]",3,3
utt_00121,Give your opinion on working from home.,i not know how say,en,A2,0.601,"[0.806, 0.573, 0.502, 0.5, 0.624]",0,1
utt_00122,Explain your plans for the summer holidays.,fuer die sommerferien plane ich nach spanien zu reisen und die kueste zu besuchen,de,C1,0.943,"[0.989, 0.874, 0.912, 0.975, 0.868, 0.989, 0.929, 0.921, 0.989, 0.972, 0.922, 1.0, 0.877, 0.983]",4,4
utt_00123,Talk about a book or film you enjoyed recently.,i watched a good film last week about space,en,B2,0.697,"[0.777, 0.574, 0.659, 0.776, 0.694, 0.716, 0.581, 0.809, 0.687]",2,2
utt_00124,Describe your typical workday.,ich arbeite computer you know,de,A1,0.728,"[0.759, 0.707, 0.743, 0.653, 0.778]",1,2
utt_00125,Introduce yourself and say where you are from.,soy de madrid,es,A2,0.756,"[0.738, 0.717, 0.812]",1,1
utt_00126,Talk about your favorite hobby and why you like it.,mon passe-temps prefere est le foot; je l'adore car ca me maintient en forme et j'aime le travail d'equipe franchement,fr,C1,0.822,"[0.783, 0.732, 0.721, 0.879, 0.741, 0.963, 0.683, 0.959, 0.85, 0.828, 0.795, 0.864, 0.832, 0.916, 0.843, 0.846, 0.808, 0.831, 0.858, 0.71]",2,3
utt_00127,Introduce yourself and say where you are from.,soy de madrid,de,A2,0.746,"[0.656, 0.813, 0.77]",1,1
utt_00128,Describe what you did last weekend.,dormi y comi,es,A1,0.743,"[0.73, 0.74, 0.758]",1,1
utt_00129,Talk about a book or film you enjoyed recently.,i recently enjoyed a film about space travel; the story was really moving,en,B1,0.872,"[0.921, 0.838, 0.906, 0.82, 0.8, 0.713, 0.97, 0.785, 0.856, 0.912, 0.905, 0.984, 0.931]",3,3
utt_00130,Talk about a book or film you enjoyed recently.,i recently enjoyed a film about space travel; the story was really moving,en,B1,0.967,"[0.999, 0.999, 0.887, 0.999, 0.987, 0.999, 0.999, 0.949, 0.812, 0.938, 0.999, 0.999, 0.999]",4,3
utt_00131,Describe what you did last weekend.,dormi y comi,es,A1,0.686,"[0.676, 0.662, 0.719]",1,1
utt_00132,Explain your plans for the summer holidays.,urlaub spanien vielleicht,de,A2,0.467,"[0.446, 0.578, 0.377]",1,1
utt_00133,Describe your typical workday.,ich arbeite computer,de,A1,0.635,"[0.657, 0.63, 0.619]",0,1
utt_00134,Explain how to get from your house to the office.,prendo autobus ufficio,it,A2,0.607,"[0.595, 0.629, 0.596]",0,1
utt_00135,Explain your plans for the summer holidays.,urlaub spanien vielleicht,de,A2,0.626,"[0.596, 0.624, 0.657]",0,1
utt_00136,Explain your plans for the summer holidays.,diesen sommer moechte ich mit meiner familie nach spanien fahren ehrlich gesagt,de,B1,0.94,"[0.96, 0.98, 0.931, 0.967, 0.93, 0.936, 0.905, 0.924, 0.907, 0.922, 1.0, 0.923]",3,3
utt_00137,Explain how to get from your house to the office.,prendo autobus ufficio i mean,it,A2,0.646,"[0.719, 0.641, 0.63, 0.592, 0.649]",1,2
utt_00138,Talk about your favorite hobby and why you like it.,j'aime le foot,fr,A1,0.53,"[0.463, 0.636, 0.492]",0,1
utt_00139,Describe what you did last weekend.,el fin de semana fui al parque con amigos,es,A2,0.678,"[0.607, 0.658, 0.835, 0.642, 0.733, 0.598, 0.647, 0.778, 0.604]",1,2
utt_00140,Order a coffee and a pastry at a cafe.,quisiera un cafe y un croissant por favor,es,B1,0.345,"[0.395, 0.36, 0.32, 0.357, 0.368, 0.357, 0.288, 0.315]",4,1
utt_00141,Describe your typical workday.,morgens arbeit dann zuhause,de,A2,0.755,"[0.715, 0.734, 0.81, 0.761]",2,2
utt_00142,Describe what you did last weekend.,el fin de semana pasado fui al parque y luego cene con unos amigos,es,B1,0.615,"[0.509, 0.65, 0.668, 0.664, 0.707, 0.687, 0.656, 0.613, 0.482, 0.654, 0.635, 0.641, 0.513, 0.529]",2,2
utt_00143,Describe what you did last weekend.,el fin de semana pasado fui al parque y luego cene con unos amigos bueno,es,B1,0.792,"[0.873, 0.782, 0.842, 0.788, 0.788, 0.864, 0.742, 0.793, 0.747, 0.749, 0.759, 0.804, 0.745, 0.89, 0.71]",2,3
utt_00144,Describe what you did last weekend.,dormi y comi,es,A1,0.778,"[0.741, 0.721, 0.872]",2,1
utt_00145,Give your opinion on working from home.,home work is good,en,A1,0.846,"[0.912, 0.654, 0.86, 0.959]",1,2
utt_00146,Order a coffee and a pastry at a cafe.,cafe por favor i mean,es,A1,0.689,"[0.69, 0.732, 0.606, 0.693, 0.724]",0,1
utt_00147,Describe what you did last weekend.,el fin de semana fui al parque con amigos,es,A2,0.82,"[0.761, 0.851, 0.705, 0.883, 0.966, 0.719, 0.712, 0.887, 0.899]",2,2
utt_00148,Describe your typical workday.,"an einem typischen tag fange ich um neun an, beantworte e-mails und habe nachmittags besprechungen also",de,B2,0.56,"[0.534, 0.544, 0.558, 0.454, 0.496, 0.487, 0.51, 0.582, 0.608, 0.737, 0.488, 0.682, 0.565, 0.581, 0.651, 0.476]",2,2
utt_00149,Explain how to get from your house to the office.,prendo l'autobus numero dieci e poi cammino cinque minuti fino all'ufficio sinceramente,it,B2,0.669,"[0.681, 0.653, 0.696, 0.669, 0.951, 0.549, 0.563, 0.551, 0.559, 0.549, 0.786, 0.817]",1,2
utt_00150,Explain how to get from your house to the office.,prendo autobus ufficio,it,A2,0.772,"[0.754, 0.735, 0.827]",2,2
utt_00151,Explain how to get from your house to the office.,cammino poi autobus,it,A1,0.599,"[0.564, 0.694, 0.538]",0,1
utt_00152,Ask for directions to the train station.,gare s'il vous plait ou,fr,A2,0.722,"[0.683, 0.759, 0.731, 0.621, 0.818]",1,1
utt_00153,Talk about a book or film you enjoyed recently.,i like film action,en,A2,0.757,"[0.771, 0.783, 0.862, 0.611]",0,1
utt_00154,Order a coffee and a pastry at a cafe.,"podria darme un cafe y un croissant de chocolate, por favor? gracias",es,C1,0.917,"[1.0, 0.874, 0.892, 0.945, 0.949, 0.974, 1.0, 0.909, 0.86, 0.814, 0.865, 0.92]",4,4
utt_00155,Order a coffee and a pastry at a cafe.,cafe por favor,es,A1,0.448,"[0.48, 0.448, 0.416]",2,1
utt_00156,Introduce yourself and say where you are from.,"hola, me llamo ana y soy de madrid en espana",es,B2,0.689,"[0.753, 0.63, 0.67, 0.657, 0.721, 0.791, 0.63, 0.632, 0.713, 0.694]",2,2
utt_00157,Talk about your favorite hobby and why you like it.,mon passe-temps prefere est le foot parce que j'aime jouer en equipe,fr,B1,0.332,"[0.368, 0.325, 0.294, 0.326, 0.343, 0.333, 0.323, 0.342, 0.345, 0.352, 0.328, 0.3]",1,2
utt_00158,Describe what you did last weekend.,*noise* [inaudible] [inaudible],es,A2,0.877,"[0.875, 0.95, 0.806]",4,3
utt_00159,Explain your plans for the summer holidays.,sommer ich gehe strand well,de,A1,0.828,"[0.834, 0.774, 0.807, 0.905, 0.82]",1,2
utt_00160,Describe what you did last weekend.,el fin de semana pasado fui al parque y luego cene con unos amigos well,es,B1,0.973,"[0.968, 0.91, 0.997, 0.993, 1.0, 0.954, 0.975, 0.976, 1.0, 0.962, 0.978, 0.991, 0.974, 0.948, 0.974]",3,4
utt_00161,Give your opinion on working from home.,i think working from home is good but sometimes lonely,en,B1,0.611,"[0.58, 0.603, 0.563, 0.644, 0.608, 0.719, 0.734, 0.524, 0.597, 0.543]",2,2
utt_00162,Talk about a book or film you enjoyed recently.,the the the xxx,en,A1,0.28,"[0.308, 0.305, 0.315, 0.194]",2,3
utt_00163,Ask for directions to the train station.,gare s'il vous plait ou,fr,A2,0.69,"[0.776, 0.583, 0.69, 0.613, 0.787]",1,1
utt_00164,Introduce yourself and say where you are from.,me llamo ana,es,A1,0.764,"[0.686, 0.765, 0.842]",2,1
utt_00165,Introduce yourself and say where you are from.,me llamo ana,es,A1,0.611,"[0.654, 0.598, 0.582]",0,1
utt_00166,Ask for directions to the train station.,"pardon, pourriez-vous me dire comment aller a la gare?",fr,C1,0.727,"[0.881, 0.643, 0.589, 0.778, 0.711, 0.674, 0.797, 0.764, 0.706]",3,3
utt_00167,Describe what you did last weekend.,dormi y comi,es,A1,0.893,"[0.763, 0.969, 0.948]",2,1
utt_00168,Describe your typical workday.,morgens arbeit dann zuhause you know,de,A2,0.914,"[0.932, 1.0, 0.874, 0.847, 0.897, 0.935]",4,3
utt_00169,Order a coffee and a pastry at a cafe.,un cafe croissant you know,fr,A2,0.728,"[0.74, 0.696, 0.75, 0.606, 0.847]",2,2
utt_00170,Talk about your favorite hobby and why you like it.,mon passe-temps est le foot le samedi,fr,A2,0.773,"[0.726, 0.824, 0.76, 0.77, 0.779, 0.769, 0.785]",2,1
utt_00171,Describe what you did last weekend.,"el fin de semana pasado visite el parque, di un largo paseo y luego cene con viejos amigos la verdad",es,B2,0.716,"[0.788, 0.731, 0.757, 0.717, 0.794, 0.688, 0.812, 0.719, 0.65, 0.728, 0.687, 0.764, 0.689, 0.699, 0.627, 0.699, 0.6, 0.642, 0.76, 0.761]",3,3
utt_00172,Describe your typical workday.,"an einem typischen tag fange ich um neun an, beantworte e-mails und habe nachmittags besprechungen",de,B2,0.578,"[0.593, 0.563, 0.583, 0.584, 0.558, 0.616, 0.603, 0.579, 0.584, 0.588, 0.539, 0.578, 0.569, 0.562, 0.578]",0,2
utt_00173,Talk about a book or film you enjoyed recently.,i recently enjoyed a film about space travel; the story was really moving,en,B1,0.853,"[0.931, 0.924, 0.79, 0.812, 0.819, 0.858, 0.841, 0.66, 0.824, 0.914, 0.92, 0.945, 0.855]",3,3
utt_00174,Talk about a book or film you enjoyed recently.,i recently enjoyed a film about space travel; the story was really moving,en,B1,0.79,"[0.675, 0.723, 0.844, 0.812, 0.735, 0.836, 0.915, 0.886, 0.802, 0.766, 0.654, 0.824, 0.8]",3,3
utt_00175,Introduce yourself and say where you are from.,uh uh [inaudible],es,B2,0.249,"[0.389, 0.251, 0.106]",2,2
utt_00176,Order a coffee and a pastry at a cafe.,un cafe croissant,es,A2,0.791,"[0.77, 0.815, 0.789]",2,2
utt_00177,Describe your typical workday.,ich fange um neun uhr an zu arbeiten und benutze den ganzen tag den computer i mean,de,B1,0.758,"[0.728, 0.655, 0.794, 0.763, 0.815, 0.788, 0.831, 0.667, 0.859, 0.743, 0.937, 0.651, 0.902, 0.743, 0.655, 0.672, 0.689]",3,3
utt_00178,Explain your plans for the summer holidays.,diesen sommer moechte ich mit meiner familie nach spanien fahren also,de,B1,0.957,"[0.882, 0.999, 0.95, 0.958, 0.935, 0.868, 0.999, 0.965, 0.977, 0.999, 0.999]",2,3
utt_00179,Talk about your favorite hobby and why you like it.,mon passe-temps est le foot le samedi,fr,A2,0.904,"[0.888, 0.896, 0.804, 0.85, 1.0, 0.998, 0.889]",3,2
utt_00180,Introduce yourself and say where you are from.,"hola, me llamo ana y soy de madrid en espana",es,B2,0.834,"[0.837, 0.842, 0.872, 0.771, 0.819, 0.732, 0.859, 0.874, 0.805, 0.931]",3,3
utt_00181,Explain how to get from your house to the office.,xxx xxx,it,B1,0.867,"[0.874, 0.859]",3,1
utt_00182,Talk about your favorite hobby and why you like it.,mon passe-temps prefere est le foot parce que j'aime jouer en equipe en fait,fr,B1,0.605,"[0.593, 0.644, 0.684, 0.55, 0.646, 0.576, 0.568, 0.634, 0.62, 0.481, 0.671, 0.665, 0.54, 0.604]",1,2
utt_00183,Introduce yourself and say where you are from.,me llamo ana,es,A1,0.725,"[0.761, 0.741, 0.673]",2,1
utt_00184,Introduce yourself and say where you are from.,me llamo ana,es,A1,0.626,"[0.733, 0.614, 0.531]",0,1
utt_00185,Give your opinion on working from home.,brrr klk,en,B1,0.264,"[0.3, 0.227]",3,2
utt_00186,Talk about your favorite hobby and why you like it.,mon passe-temps prefere est le foot; je l'adore car ca me maintient en forme et j'aime le travail d'equipe,fr,B2,0.812,"[0.785, 0.826, 0.902, 0.862, 0.804, 0.877, 0.646, 0.901, 0.717, 0.804, 0.756, 0.745, 0.902, 0.798, 0.85, 0.825, 0.858, 0.832, 0.746]",3,3
utt_00187,Explain how to get from your house to the office.,cammino poi autobus,it,A1,0.753,"[0.84, 0.744, 0.675]",3,2
utt_00188,Describe what you did last weekend.,el fin de semana fui al parque con amigos,es,A2,0.583,"[0.55, 0.624, 0.599, 0.553, 0.553, 0.554, 0.646, 0.581, 0.583]",1,1
utt_00189,Describe your typical workday.,morgens arbeit dann zuhause,de,A2,0.725,"[0.773, 0.727, 0.698, 0.702]",2,1
utt_00190,Give your opinion on working from home.,...,en,A1,0.595,[0.595],0,1
utt_00191,Order a coffee and a pastry at a cafe.,un cafe croissant,es,A2,0.765,"[0.745, 0.748, 0.801]",2,2
utt_00192,Ask for directions to the train station.,excusez-moi ou est la gare s'il vous plait,fr,B1,0.766,"[0.765, 0.774, 0.763, 0.765, 0.738, 0.776, 0.769, 0.777]",2,1
utt_00193,Describe your typical workday.,morgens arbeit dann zuhause,de,A2,0.502,"[0.303, 0.642, 0.49, 0.575]",2,1
utt_00194,Introduce yourself and say where you are from.,"hola, me llamo ana y soy de madrid en espana la verdad",es,B2,0.946,"[0.875, 0.973, 0.874, 0.9, 1.0, 0.926, 0.95, 0.988, 0.966, 0.946, 0.959, 1.0]",3,4
utt_00195,Introduce yourself and say where you are from.,hola me llamo ana soy de madrid,es,B1,0.98,"[0.967, 0.975, 1.0, 1.0, 1.0, 0.989, 0.932]",4,3
utt_00196,Explain your plans for the summer holidays.,diesen sommer moechte ich mit meiner familie nach spanien fahren ehrlich gesagt,de,B1,0.256,"[0.302, 0.204, 0.255, 0.218, 0.242, 0.256, 0.256, 0.259, 0.302, 0.261, 0.236, 0.279]",3,2
utt_00197,Give your opinion on working from home.,i think working from home is good but sometimes lonely,en,A2,0.81,"[0.802, 0.721, 0.926, 0.829, 0.836, 0.906, 0.779, 0.872, 0.903, 0.531]",2,3
utt_00198,Explain your plans for the summer holidays.,urlaub spanien vielleicht,de,A2,0.613,"[0.733, 0.443, 0.662]",1,1
utt_00199,Introduce yourself and say where you are from.,hola me llamo ana soy de madrid,es,B1,0.671,"[0.704, 0.635, 0.75, 0.645, 0.664, 0.643, 0.656]",4,2
utt_00200,Talk about a book or film you enjoyed recently.,i like film action,en,A1,0.865,"[0.954, 0.832, 0.794, 0.881]",2,1
utt_00201,Describe your typical workday.,ich arbeite computer,de,A1,0.756,"[0.705, 0.682, 0.881]",2,2
utt_00202,Ask for directions to the train station.,"pardon, pourriez-vous me dire comment aller a la gare?",fr,B2,0.844,"[0.795, 0.782, 0.675, 0.815, 0.751, 1.0, 0.967, 0.81, 1.0]",4,3
utt_00203,Ask for directions to the train station.,excusez-moi ou est la gare s'il vous plait bon,fr,B1,0.678,"[0.694, 0.666, 0.621, 0.721, 0.644, 0.638, 0.694, 0.724, 0.702]",1,1
utt_00204,Describe your typical workday.,morgens arbeit dann zuhause you know,de,A2,0.518,"[0.522, 0.525, 0.554, 0.544, 0.49, 0.47]",0,1
utt_00205,Explain how to get from your house to the office.,cammino poi autobus well,it,A1,0.789,"[0.841, 0.784, 0.823, 0.707]",4,2
utt_00206,Order a coffee and a pastry at a cafe.,un cafe croissant,es,A2,0.889,"[0.924, 0.875, 0.869]",1,2
utt_00207,Describe what you did last weekend.,el fin de semana pasado fui al parque y luego cene con unos amigos sabes,es,B1,0.268,"[0.282, 0.319, 0.304, 0.227, 0.245, 0.305, 0.246, 0.269, 0.293, 0.246, 0.279, 0.235, 0.257, 0.286, 0.227]",3,3
utt_00208,Introduce yourself and say where you are from.,soy de madrid,es,A2,0.874,"[0.888, 0.832, 0.902]",1,1
utt_00209,Ask for directions to the train station.,"pardon, pourriez-vous me dire comment aller a la gare? tu vois",fr,B2,0.852,"[0.878, 0.98, 0.869, 0.819, 0.868, 0.906, 0.862, 0.861, 0.795, 0.798, 0.732]",4,3
utt_00210,Describe your typical workday.,ich arbeite computer,de,A1,0.68,"[0.687, 0.794, 0.558]",2,2
utt_00211,Explain your plans for the summer holidays.,sommer ich gehe strand,de,A1,0.857,"[0.896, 0.814, 0.863, 0.856]",1,2
utt_00212,Give your opinion on working from home.,home work is good,en,A1,0.627,"[0.569, 0.741, 0.585, 0.615]",0,1
utt_00213,Talk about a book or film you enjoyed recently.,mmm mmm mmm mmm mmm mmm,en,A1,0.14,"[0.13, 0.144, 0.177, 0.165, 0.167, 0.058]",4,3
utt_00214,Explain your plans for the summer holidays.,urlaub spanien vielleicht you know,de,A2,0.677,"[0.548, 0.656, 0.757, 0.715, 0.71]",0,2
utt_00215,Explain your plans for the summer holidays.,urlaub spanien vielleicht,de,A2,0.716,"[0.825, 0.645, 0.678]",2,2
utt_00216,Ask for directions to the train station.,"pardon, pourriez-vous me dire comment aller a la gare? bon",fr,B2,0.704,"[0.651, 0.754, 0.678, 0.776, 0.653, 0.714, 0.643, 0.833, 0.621, 0.716]",1,2
utt_00217,Introduce yourself and say where you are from.,"hola, me llamo ana y soy de madrid en espana o sea",es,C1,0.735,"[0.752, 0.738, 0.701, 0.704, 0.715, 0.703, 0.772, 0.85, 0.678, 0.627, 0.707, 0.873]",2,3
utt_00218,Order a coffee and a pastry at a cafe.,un cafe croissant,es,A2,0.877,"[0.737, 0.946, 0.949]",1,3
utt_00219,Ask for directions to the train station.,gare s'il vous plait ou well,fr,A2,0.721,"[0.678, 0.755, 0.827, 0.69, 0.702, 0.677]",0,2
utt_00220,Talk about a book or film you enjoyed recently.,i recently watched a film about space travel that i loved - the story was moving and the visuals were stunning to be honest,en,B2,0.932,"[0.917, 0.945, 0.914, 0.983, 0.86, 0.793, 0.999, 0.954, 0.883, 0.933, 0.859, 0.888, 0.912, 0.978, 0.999, 0.882, 0.974, 0.999, 0.954, 0.888, 0.98, 0.892, 0.999, 0.985]",4,3
utt_00221,Talk about a book or film you enjoyed recently.,i watched a good film last week about space,en,B1,0.782,"[0.751, 0.881, 0.773, 0.71, 0.945, 0.644, 0.774, 0.789, 0.775]",2,2
utt_00222,Explain your plans for the summer holidays.,sommer ich gehe strand,de,A1,0.743,"[0.711, 0.75, 0.688, 0.823]",2,2
utt_00223,Introduce yourself and say where you are from.,soy de madrid you know,es,A2,0.709,"[0.658, 0.745, 0.59, 0.753, 0.797]",2,2
utt_00224,Give your opinion on working from home.,i think working from home is good but sometimes lonely,en,B2,0.936,"[0.944, 0.932, 0.88, 0.889, 0.853, 0.912, 0.954, 0.999, 0.999, 0.999]",3,4
utt_00225,Introduce yourself and say where you are from.,"hola, me llamo ana y soy de madrid en espana la verdad",es,B2,0.807,"[0.667, 0.833, 0.893, 0.722, 0.924, 0.836, 0.757, 0.803, 0.846, 0.812, 0.844, 0.742]",4,3
utt_00226,Order a coffee and a pastry at a cafe.,quisiera un cafe y un croissant por favor,es,B1,0.71,"[0.724, 0.601, 0.702, 0.641, 0.654, 0.807, 0.796, 0.758]",1,1
utt_00227,Explain your plans for the summer holidays.,urlaub spanien vielleicht,de,A2,0.619,"[0.544, 0.601, 0.713]",1,1
utt_00228,Talk about a book or film you enjoyed recently.,i like film action,en,B1,0.727,"[0.672, 0.782, 0.716, 0.737]",1,1
utt_00229,Explain your plans for the summer holidays.,diesen sommer moechte ich mit meiner familie nach spanien fahren,de,B1,0.905,"[0.895, 1.0, 0.915, 0.899, 0.858, 0.894, 0.871, 0.941, 0.961, 0.819]",3,3
utt_00230,Describe your typical workday.,morgens arbeit dann zuhause,de,A2,0.75,"[0.707, 0.652, 0.908, 0.732]",4,2
utt_00231,Explain how to get from your house to the office.,cammino poi autobus i mean,it,A1,0.817,"[0.675, 0.821, 0.942, 0.798, 0.847]",2,3
utt_00232,Order a coffee and a pastry at a cafe.,"podria darme un cafe y un croissant de chocolate, por favor? gracias",es,C1,0.959,"[0.962, 0.954, 0.998, 0.946, 0.97, 0.972, 0.929, 1.0, 0.951, 0.925, 0.982, 0.919]",4,4
utt_00233,Order a coffee and a pastry at a cafe.,quisiera un cafe y un croissant por favor sabes,es,B1,0.77,"[0.849, 0.705, 0.759, 0.748, 0.742, 0.764, 0.901, 0.736, 0.727]",2,2
utt_00234,Ask for directions to the train station.,gare s'il vous plait ou,fr,A2,0.86,"[0.842, 0.839, 0.909, 0.87, 0.838]",2,1
utt_00235,Explain how to get from your house to the office.,prendo autobus ufficio,it,A2,0.898,"[0.914, 0.88, 0.901]",0,1
utt_00236,Talk about a book or film you enjoyed recently.,the the the uh uh mmm mmm,en,A2,0.23,"[0.351, 0.344, 0.178, 0.229, 0.128, 0.103, 0.28]",2,2
utt_00237,Explain how to get from your house to the office.,cammino poi autobus you know,it,A1,0.676,"[0.707, 0.741, 0.692, 0.66, 0.582]",3,1
utt_00238,Ask for directions to the train station.,ou train,fr,A1,0.497,"[0.468, 0.526]",3,1
utt_00239,Ask for directions to the train station.,gare s'il vous plait ou,fr,A2,0.878,"[0.838, 0.868, 0.886, 0.921, 0.877]",2,1
utt_00240,Describe what you did last weekend.,"el fin de semana pasado visite el parque, di un largo paseo y luego cene con viejos amigos sabes",es,B2,0.964,"[0.987, 0.971, 0.893, 0.933, 0.963, 0.922, 0.991, 1.0, 1.0, 0.96, 1.0, 0.974, 0.956, 0.945, 0.957, 0.954, 0.975, 0.975, 0.969]",4,4
utt_00241,Order a coffee and a pastry at a cafe.,un cafe croissant,es,A2,0.82,"[0.779, 0.852, 0.828]",1,2
utt_00242,Describe your typical workday.,ich arbeite computer,de,A1,0.702,"[0.679, 0.626, 0.8]",1,2
utt_00243,Introduce yourself and say where you are from.,soy de madrid,es,A2,0.585,"[0.535, 0.662, 0.557]",3,1
utt_00244,Give your opinion on working from home.,i like home,en,A2,0.809,"[0.813, 0.84, 0.774]",1,1
utt_00245,Describe what you did last weekend.,el fin de semana fui al parque con amigos,es,A2,0.624,"[0.511, 0.726, 0.746, 0.624, 0.438, 0.626, 0.713, 0.54, 0.693]",1,2
utt_00246,Describe what you did last weekend.,"el fin de semana pasado visite el parque, di un largo paseo y luego cene con viejos amigos",es,B2,0.801,"[0.805, 0.85, 0.815, 0.733, 0.896, 0.795, 0.804, 0.736, 0.773, 0.74, 0.793, 0.935, 0.704, 0.685, 0.917, 0.791, 0.756, 0.884]",3,3
utt_00247,Talk about your favorite hobby and why you like it.,j'aime le foot,fr,A1,0.55,"[0.488, 0.609, 0.552]",0,1
utt_00248,Describe what you did last weekend.,el fin de semana fui al parque con amigos,es,A2,0.909,"[0.852, 1.0, 0.845, 0.928, 0.9, 0.962, 0.978, 0.884, 0.836]",3,3
utt_00249,Introduce yourself and say where you are from.,soy de madrid,es,A2,0.623,"[0.656, 0.591, 0.621]",0,1
utt_00250,Talk about your favorite hobby and why you like it.,j'aime le foot,fr,A1,0.596,"[0.645, 0.597, 0.547]",1,1
utt_00251,Introduce yourself and say where you are from.,soy de madrid,es,A2,0.995,"[0.996, 0.989, 1.0]",0,3
utt_00252,Order a coffee and a pastry at a cafe.,un cafe croissant,es,A2,0.755,"[0.77, 0.787, 0.709]",1,2
utt_00253,Describe what you did last weekend.,"el fin de semana pasado visite el parque, di un largo paseo y luego cene con viejos amigos",es,C1,0.651,"[0.659, 0.622, 0.662, 0.551, 0.578, 0.736, 0.601, 0.573, 0.688, 0.735, 0.701, 0.721, 0.594, 0.546, 0.758, 0.625, 0.631, 0.745]",4,3
utt_00254,Explain your plans for the summer holidays.,diesen sommer moechte ich mit meiner familie nach spanien fahren also,de,B1,0.703,"[0.699, 0.696, 0.745, 0.665, 0.71, 0.685, 0.691, 0.727, 0.698, 0.699, 0.714]",1,1
utt_00255,Introduce yourself and say where you are from.,me llamo ana,es,A1,0.892,"[0.82, 0.858, 0.999]",0,1
utt_00256,Ask for directions to the train station.,ou train,fr,A1,0.666,"[0.679, 0.653]",1,1
utt_00257,Describe what you did last weekend.,dormi y comi i mean,es,A1,0.517,"[0.473, 0.406, 0.702, 0.469, 0.534]",1,1
utt_00258,Ask for directions to the train station.,gare s'il vous plait ou,fr,A2,0.891,"[0.853, 0.898, 0.937, 0.94, 0.829]",3,1
utt_00259,Explain your plans for the summer holidays.,urlaub spanien vielleicht you know,de,A2,0.702,"[0.684, 0.698, 0.682, 0.74, 0.705]",1,1
utt_00260,Talk about your favorite hobby and why you like it.,mon passe-temps est foot le samedi i mean,fr,A2,0.893,"[0.964, 0.88, 0.742, 0.934, 0.855, 0.954, 0.865, 0.947]",2,2
utt_00261,Ask for directions to the train station.,"pardon, pourriez-vous me dire comment aller a la gare? franchement",fr,C1,0.272,"[0.298, 0.294, 0.322, 0.269, 0.19, 0.28, 0.224, 0.231, 0.29, 0.325]",3,4
utt_00262,Talk about your favorite hobby and why you like it.,mon passe-temps est le foot le samedi,fr,A2,0.894,"[0.865, 0.892, 1.0, 0.886, 1.0, 0.916, 0.698]",1,2
utt_00263,Explain your plans for the summer holidays.,sommer ich gehe strand,de,A1,0.865,"[0.864, 0.843, 0.893, 0.859]",3,1
utt_00264,Explain how to get from your house to the office.,prendo autobus ufficio,it,A2,0.75,"[0.778, 0.699, 0.773]",2,1
utt_00265,Describe your typical workday.,morgens arbeit dann zuhause,de,A2,0.248,"[0.173, 0.192, 0.275, 0.353]",0,2
utt_00266,Talk about a book or film you enjoyed recently.,i like film action,en,A1,0.702,"[0.711, 0.71, 0.631, 0.757]",0,1
utt_00267,Explain how to get from your house to the office.,prendo l'autobus e poi cammino fino all'ufficio sinceramente,it,B1,0.695,"[0.696, 0.693, 0.696, 0.698, 0.694, 0.695, 0.695, 0.694]",1,1
utt_00268,Give your opinion on working from home.,i believe working from home is convenient though it can feel isolating to be honest,en,A2,0.804,"[0.847, 0.75, 0.851, 0.718, 0.93, 0.786, 0.749, 0.754, 0.95, 0.732, 0.833, 0.88, 0.783, 0.651, 0.841]",3,3
utt_00269,Explain your plans for the summer holidays.,diesen sommer moechte ich mit meiner familie nach spanien fahren weißt du,de,B1,0.655,"[0.692, 0.641, 0.677, 0.59, 0.62, 0.697, 0.624, 0.764, 0.622, 0.664, 0.711, 0.555]",1,3
utt_00270,Order a coffee and a pastry at a cafe.,un cafe croissant,es,A2,0.81,"[0.755, 0.767, 0.909]",3,2
utt_00271,Describe your typical workday.,"an einem typischen tag fange ich um neun an, beantworte e-mails und habe nachmittags besprechungen",de,B2,0.842,"[0.767, 0.966, 0.766, 0.814, 0.901, 0.931, 0.934, 0.88, 0.868, 0.84, 0.852, 0.767, 0.75, 0.802, 0.791]",3,3
utt_00272,Describe what you did last weekend.,dormi y comi,es,A1,0.613,"[0.563, 0.631, 0.646]",1,1
utt_00273,Introduce yourself and say where you are from.,soy de madrid,es,A2,0.649,"[0.645, 0.74, 0.562]",2,1
utt_00274,Introduce yourself and say where you are from.,soy de madrid,es,A2,0.819,"[0.884, 0.837, 0.735]",2,2
utt_00275,Talk about your favorite hobby and why you like it.,j'aime le foot,fr,A1,0.359,"[0.335, 0.334, 0.407]",2,1
utt_00276,Order a coffee and a pastry at a cafe.,"podria darme un cafe y un croissant de chocolate, por favor? gracias",es,B2,0.811,"[0.831, 0.616, 0.99, 0.908, 0.825, 0.72, 0.624, 0.701, 0.891, 0.994, 0.95, 0.685]",1,3
utt_00277,Explain how to get from your house to the office.,cammino poi autobus you know,it,A1,0.79,"[0.753, 0.83, 0.714, 0.841, 0.812]",1,3
utt_00278,Order a coffee and a pastry at a cafe.,"podria darme un cafe y un croissant de chocolate, por favor? gracias etcetera",es,B2,0.699,"[0.687, 0.587, 0.774, 0.681, 0.624, 0.473, 0.726, 0.886, 0.876, 0.688, 0.675, 0.77, 0.64]",3,2
utt_00279,Talk about your favorite hobby and why you like it.,mon passe-temps prefere est le foot; je l'adore car ca me maintient en forme et j'aime le travail d'equipe bon,fr,B2,0.708,"[0.74, 0.788, 0.837, 0.698, 0.687, 0.616, 0.622, 0.684, 0.747, 0.804, 0.624, 0.864, 0.68, 0.706, 0.63, 0.454, 0.801, 0.785, 0.679, 0.715]",2,3
utt_00280,Give your opinion on working from home.,i think working from home is good but sometimes lonely,en,A1,0.692,"[0.809, 0.812, 0.622, 0.745, 0.748, 0.625, 0.689, 0.626, 0.614, 0.632]",2,2
utt_00281,Talk about a book or film you enjoyed recently.,the the the xxx ??? ??? [inaudible],en,A2,0.381,"[0.3, 0.377, 0.398, 0.437, 0.415, 0.315, 0.426]",1,2
utt_00282,Explain how to get from your house to the office.,prendo l'autobus numero dieci e poi cammino cinque minuti fino all'ufficio,it,B2,0.347,"[0.401, 0.262, 0.331, 0.419, 0.283, 0.386, 0.276, 0.398, 0.364, 0.258, 0.444]",2,3
utt_00283,Introduce yourself and say where you are from.,hola me llamo ana soy de madrid,es,B1,0.62,"[0.581, 0.576, 0.639, 0.698, 0.563, 0.63, 0.653]",1,1
utt_00284,Describe your typical workday.,"an einem typischen tag fange ich um neun an, beantworte e-mails und habe nachmittags besprechungen und so weiter",de,B2,0.855,"[0.918, 0.882, 0.845, 0.813, 0.876, 0.796, 0.668, 0.9, 0.933, 0.707, 0.8, 0.913, 1.0, 0.872, 0.82, 0.858, 0.965, 0.825]",4,4
utt_00285,Talk about your favorite hobby and why you like it.,mon passe-temps prefere est le foot parce que j'aime jouer en equipe en fait,fr,B1,0.704,"[0.614, 0.644, 0.599, 0.703, 0.848, 0.722, 0.667, 0.663, 0.54, 0.776, 0.683, 0.674, 0.999, 0.72]",2,3
utt_00286,Give your opinion on working from home.,i believe working from home is convenient though it can feel isolating and so on,en,B1,0.878,"[0.81, 0.781, 0.844, 0.885, 0.841, 0.999, 0.805, 0.865, 0.953, 0.886, 0.782, 0.868, 0.961, 0.894, 0.999]",3,4
utt_00287,Introduce yourself and say where you are from.,soy de madrid,es,A2,0.691,"[0.63, 0.657, 0.787]",1,1
utt_00288,Explain your plans for the summer holidays.,sommer ich gehe strand,de,A1,0.532,"[0.564, 0.434, 0.631, 0.498]",0,1
utt_00289,Describe your typical workday.,"an einem typischen tag fange ich um neun an, beantworte e-mails und habe nachmittags besprechungen also",de,B2,0.809,"[0.762, 0.943, 0.884, 0.755, 0.755, 0.745, 0.859, 0.845, 0.744, 0.782, 0.883, 0.818, 0.841, 0.713, 0.811, 0.809]",3,3
utt_00290,Order a coffee and a pastry at a cafe.,cafe por favor,es,A1,0.702,"[0.711, 0.704, 0.69]",0,1
utt_00291,Describe your typical workday.,morgens arbeit dann zuhause,de,A2,0.842,"[0.879, 0.806, 0.853, 0.831]",4,2
utt_00292,Explain your plans for the summer holidays.,urlaub spanien vielleicht,de,A2,0.644,"[0.599, 0.612, 0.721]",2,1
utt_00293,Talk about a book or film you enjoyed recently.,sorry,en,A1,0.56,[0.56],0,1
utt_00294,Talk about your favorite hobby and why you like it.,j'aime le foot,fr,A1,0.62,"[0.631, 0.628, 0.6]",0,1
utt_00295,Talk about your favorite hobby and why you like it.,mon passe-temps est le foot le samedi,fr,A2,0.837,"[0.834, 0.941, 0.737, 0.808, 0.899, 0.801, 0.836]",2,2
utt_00296,Describe what you did last weekend.,el fin de semana fui al parque con amigos,es,A2,0.677,"[0.591, 0.67, 0.637, 0.699, 0.71, 0.784, 0.678, 0.664, 0.658]",1,2
utt_00297,Explain how to get from your house to the office.,prendo autobus ufficio,it,A2,0.756,"[0.741, 0.781, 0.745]",0,2
utt_00298,Talk about your favorite hobby and why you like it.,mon passe-temps est le foot le samedi i mean,fr,A2,0.766,"[0.768, 0.883, 0.65, 0.865, 0.883, 0.739, 0.539, 0.69, 0.881]",3,2
utt_00299,Introduce yourself and say where you are from.,me llamo ana,es,A1,0.58,"[0.599, 0.561, 0.58]",2,1
utt_00300,Talk about a book or film you enjoyed recently.,book is good,en,A1,0.685,"[0.678, 0.695, 0.682]",1,1
utt_00301,Describe what you did last weekend.,el fin de semana fui al parque con amigos,es,A2,0.708,"[0.753, 0.732, 0.674, 0.665, 0.663, 0.625, 0.81, 0.668, 0.781]",3,2
utt_00302,Explain how to get from your house to the office.,prendo autobus ufficio you know,it,A2,0.748,"[0.833, 0.79, 0.672, 0.741, 0.706]",2,2
utt_00303,Explain your plans for the summer holidays.,mmm mmm mmm mmm mmm mmm,de,B1,0.884,"[0.818, 0.924, 0.794, 0.998, 0.856, 0.913]",1,3
utt_00304,Explain how to get from your house to the office.,cammino poi autobus,it,A1,0.78,"[0.784, 0.757, 0.799]",0,2
utt_00305,Describe your typical workday.,morgens arbeit dann zuhause,de,A2,0.732,"[0.676, 0.72, 0.83, 0.7]",2,2
utt_00306,Introduce yourself and say where you are from.,me llamo ana,es,A1,0.504,"[0.496, 0.564, 0.453]",0,1
utt_00307,Talk about a book or film you enjoyed recently.,...,en,A1,0.481,[0.481],0,1
utt_00308,Explain how to get from your house to the office.,prendo autobus ufficio,it,A2,0.804,"[0.83, 0.775, 0.808]",0,2
utt_00309,Order a coffee and a pastry at a cafe.,un cafe croissant,es,A2,0.928,"[0.928, 1.0, 0.855]",4,3
utt_00310,Explain how to get from your house to the office.,prendo l'autobus e poi cammino fino all'ufficio sai,it,B1,0.764,"[0.707, 0.771, 0.753, 0.762, 0.77, 0.778, 0.803, 0.765]",1,2
utt_00311,Ask for directions to the train station.,gare s'il vous plait ou i mean,fr,A2,0.523,"[0.508, 0.533, 0.566, 0.511, 0.488, 0.545, 0.511]",2,1
utt_00312,Talk about your favorite hobby and why you like it.,mon passe-temps prefere est le foot; je l'adore car ca me maintient en forme et j'aime le travail d'equipe,fr,B2,0.864,"[0.672, 0.922, 0.808, 0.845, 0.88, 0.868, 0.911, 0.816, 0.895, 0.831, 0.913, 0.903, 0.775, 0.942, 0.808, 0.919, 0.883, 1.0, 0.834]",4,4
utt_00313,Ask for directions to the train station.,gare s'il vous plait ou,fr,A2,0.537,"[0.532, 0.565, 0.537, 0.648, 0.404]",0,1
utt_00314,Talk about your favorite hobby and why you like it.,mon passe-temps est le foot le samedi,fr,A2,0.718,"[0.594, 0.593, 0.819, 0.904, 0.701, 0.693, 0.72]",1,2
utt_00315,Describe what you did last weekend.,dormi y comi you know,es,A1,0.72,"[0.793, 0.596, 0.706, 0.776, 0.731]",2,1
utt_00316,Introduce yourself and say where you are from.,soy de madrid,es,A2,0.564,"[0.623, 0.691, 0.378]",0,1
utt_00317,Explain how to get from your house to the office.,prendo l'autobus numero dieci e poi cammino minuti fino all'ufficio i mean,it,B2,0.928,"[0.938, 0.854, 0.78, 0.927, 0.982, 0.887, 0.955, 0.997, 0.978, 0.998, 0.942, 0.9]",1,4
utt_00318,Introduce yourself and say where you are from.,...,es,A1,0.464,[0.464],2,1
utt_00319,Explain your plans for the summer holidays.,urlaub spanien vielleicht,de,A2,0.696,"[0.643, 0.59, 0.854]",1,3
utt_00320,Describe your typical workday.,ich arbeite computer,de,A1,0.619,"[0.587, 0.615, 0.656]",1,1
utt_00321,Explain your plans for the summer holidays.,sommer ich gehe strand,de,A1,0.753,"[0.736, 0.834, 0.697, 0.745]",2,2
utt_00322,Introduce yourself and say where you are from.,soy de madrid,es,A2,0.694,"[0.638, 0.733, 0.71]",2,1
utt_00323,Describe your typical workday.,...,de,B2,0.695,[0.695],2,2
utt_00324,Talk about your favorite hobby and why you like it.,*noise* [inaudible] [inaudible],fr,A1,0.874,"[0.824, 0.877, 0.92]",2,3
utt_00325,Explain your plans for the summer holidays.,urlaub spanien vielleicht,de,A2,0.421,"[0.461, 0.436, 0.367]",2,1
utt_00326,Explain how to get from your house to the office.,prendo autobus ufficio,it,A2,0.853,"[0.861, 0.8, 0.898]",2,2
utt_00327,Introduce yourself and say where you are from.,soy de madrid,es,A2,0.579,"[0.601, 0.547, 0.588]",1,1
utt_00328,Ask for directions to the train station.,excusez-moi ou est la gare vous plait i mean,fr,B1,0.895,"[0.837, 0.939, 1.0, 0.73, 0.92, 0.894, 0.973, 0.929, 0.837]",2,3
utt_00329,Ask for directions to the train station.,gare s'il vous plait ou,fr,A2,0.821,"[0.762, 0.721, 0.881, 0.791, 0.951]",2,2
utt_00330,Talk about a book or film you enjoyed recently.,i watched a good film last week about space,en,A2,0.553,"[0.492, 0.691, 0.662, 0.56, 0.62, 0.444, 0.665, 0.428, 0.418]",1,2
utt_00331,Give your opinion on working from home.,i think working from home is good but sometimes lonely,en,B2,0.629,"[0.637, 0.76, 0.602, 0.63, 0.449, 0.581, 0.551, 0.631, 0.815, 0.634]",2,4
utt_00332,Describe your typical workday.,ich fange um neun uhr an zu arbeiten und benutze den ganzen tag den computer,de,B1,0.707,"[0.724, 0.678, 0.621, 0.6, 0.616, 0.748, 0.765, 0.616, 0.792, 0.694, 0.739, 0.844, 0.793, 0.709, 0.665]",3,2
utt_00333,Explain how to get from your house to the office.,prendo autobus ufficio,it,A2,0.649,"[0.568, 0.671, 0.708]",2,1
utt_00334,Talk about a book or film you enjoyed recently.,??? ???,en,A2,0.315,"[0.388, 0.242]",2,2
utt_00335,Order a coffee and a pastry at a cafe.,cafe por favor you know,es,A1,0.542,"[0.51, 0.556, 0.567, 0.551, 0.528]",1,1
utt_00336,Describe what you did last weekend.,el fin de semana fui al parque con amigos well,es,A2,0.921,"[0.912, 0.93, 0.831, 0.992, 0.895, 0.903, 0.947, 0.916, 0.963, 0.92]",3,2
utt_00337,Talk about a book or film you enjoyed recently.,i recently enjoyed a film about space travel; the story was really moving,en,B1,0.843,"[0.867, 0.765, 0.8, 0.862, 0.731, 0.815, 0.897, 0.829, 0.893, 0.888, 0.864, 0.82, 0.928]",3,3
utt_00338,Explain your plans for the summer holidays.,diesen sommer moechte ich mit meiner familie nach spanien fahren,de,B1,0.683,"[0.668, 0.737, 0.631, 0.719, 0.709, 0.697, 0.702, 0.579, 0.673, 0.718]",2,2
utt_00339,Introduce yourself and say where you are from.,hola me llamo ana soy de madrid,es,B1,0.83,"[0.838, 0.757, 0.914, 0.768, 0.893, 0.856, 0.783]",3,2
utt_00340,Describe your typical workday.,"an einem typischen tag fange ich um neun an, beantworte e-mails und habe nachmittags besprechungen ehrlich gesagt",de,B2,0.834,"[0.952, 0.716, 0.884, 0.89, 0.757, 0.922, 0.791, 0.834, 0.831, 0.8, 0.875, 0.874, 0.672, 0.915, 0.678, 0.893, 0.9]",3,4
utt_00341,Talk about your favorite hobby and why you like it.,mon passe-temps est le foot le samedi,fr,A2,0.752,"[0.704, 0.738, 0.704, 0.748, 0.744, 0.798, 0.825]",0,2
utt_00342,Introduce yourself and say where you are from.,"hola, me llamo ana y soy de madrid en espana",es,B2,0.816,"[0.904, 0.789, 0.81, 0.724, 0.775, 0.879, 0.917, 0.75, 0.788, 0.821]",2,3
utt_00343,Describe your typical workday.,morgens arbeit dann zuhause,de,A2,0.354,"[0.379, 0.315, 0.387, 0.335]",2,1
utt_00344,Explain your plans for the summer holidays.,urlaub spanien vielleicht i mean,de,A2,0.777,"[0.776, 0.808, 0.777, 0.752, 0.771]",1,1
utt_00345,Describe your typical workday.,morgens arbeit dann zuhause,de,A2,0.251,"[0.258, 0.25, 0.299, 0.196]",0,3
utt_00346,Explain your plans for the summer holidays.,urlaub spanien vielleicht well,de,A2,0.727,"[0.699, 0.674, 0.684, 0.851]",2,2
utt_00347,Describe your typical workday.,morgens arbeit dann zuhause,de,A2,0.756,"[0.781, 0.728, 0.79, 0.725]",3,1
utt_00348,Talk about a book or film you enjoyed recently.,i recently watched a film about space travel that i loved - the story was moving and the visuals were stunning,en,B1,0.875,"[0.913, 0.833, 0.9, 0.756, 0.855, 0.84, 0.848, 0.712, 0.999, 0.89, 0.976, 0.856, 0.999, 0.898, 0.823, 0.999, 0.972, 0.912, 0.76, 0.877, 0.749]",3,3
utt_00349,Describe what you did last weekend.,dormi y comi,es,A1,0.604,"[0.639, 0.598, 0.575]",0,1
utt_00350,Describe your typical workday.,ich arbeite computer i mean,de,A1,0.507,"[0.585, 0.443, 0.474, 0.469, 0.564]",2,1
utt_00351,Explain your plans for the summer holidays.,urlaub spanien vielleicht,de,A2,0.91,"[0.926, 0.965, 0.84]",2,3
utt_00352,Explain how to get from your house to the office.,prendo autobus ufficio,it,A2,0.232,"[0.281, 0.179, 0.235]",3,2
utt_00353,Give your opinion on working from home.,i believe working from home is convenient though it can feel isolating you know,en,B2,0.773,"[0.796, 0.721, 0.794, 0.73, 0.836, 0.771, 0.909, 0.665, 0.806, 0.703, 0.868, 0.599, 0.727, 0.898]",3,4
utt_00354,Talk about your favorite hobby and why you like it.,j'aime le foot,fr,A1,0.688,"[0.726, 0.633, 0.706]",2,1
utt_00355,Talk about your favorite hobby and why you like it.,j'aime le foot,fr,A1,0.64,"[0.625, 0.564, 0.732]",0,1
utt_00356,Introduce yourself and say where you are from.,"hola, me llamo ana y soy de madrid en espana",es,C1,0.77,"[0.72, 0.738, 0.785, 0.753, 0.595, 0.881, 0.69, 0.828, 1.0, 0.707]",3,3
utt_00357,Talk about a book or film you enjoyed recently.,i recently enjoyed a film about space travel; the story was really moving,en,B2,0.863,"[0.889, 0.775, 0.961, 0.773, 0.999, 0.711, 0.945, 0.934, 0.761, 0.891, 0.785, 0.935, 0.865]",3,3
utt_00358,Talk about a book or film you enjoyed recently.,i watched a good film last week about space,en,B2,0.627,"[0.676, 0.621, 0.663, 0.565, 0.634, 0.539, 0.705, 0.589, 0.647]",1,1
utt_00359,Talk about a book or film you enjoyed recently.,book is good,en,A1,0.658,"[0.659, 0.695, 0.62]",0,1
utt_00360,Introduce yourself and say where you are from.,me llamo ana,es,A1,0.724,"[0.55, 0.75, 0.873]",3,2
utt_00361,Describe your typical workday.,"an einem typischen tag fange ich um neun an, beantworte e-mails und habe nachmittags besprechungen",de,C1,0.961,"[1.0, 0.895, 0.987, 0.936, 0.955, 1.0, 0.881, 0.974, 0.986, 1.0, 0.966, 0.977, 0.94, 0.975, 0.942]",4,4
utt_00362,Explain how to get from your house to the office.,prendo autobus ufficio,it,A2,0.595,"[0.617, 0.564, 0.604]",1,1
utt_00363,Introduce yourself and say where you are from.,soy de madrid,es,A2,0.823,"[0.801, 0.855, 0.812]",2,1
utt_00364,Describe what you did last weekend.,dormi y comi,fr,A1,0.686,"[0.66, 0.74, 0.659]",3,1
utt_00365,Ask for directions to the train station.,ou train,fr,A1,0.837,"[0.74, 0.933]",2,2
utt_00366,Explain your plans for the summer holidays.,fuer die sommerferien plane ich nach spanien zu reisen und die kueste zu besuchen weißt du,de,B2,0.72,"[0.599, 0.628, 0.634, 0.856, 0.461, 1.0, 0.82, 0.726, 0.695, 0.733, 0.76, 0.774, 0.764, 0.711, 0.679, 0.684]",1,2
utt_00367,Talk about your favorite hobby and why you like it.,mon passe-temps est le foot le samedi,fr,A2,0.526,"[0.523, 0.547, 0.538, 0.474, 0.539, 0.531, 0.527]",0,1
utt_00368,Give your opinion on working from home.,i think working from home is good but sometimes lonely,en,A1,0.6,"[0.732, 0.585, 0.638, 0.55, 0.559, 0.523, 0.502, 0.664, 0.664, 0.581]",1,2
utt_00369,Talk about your favorite hobby and why you like it.,mon passe-temps prefere est le foot parce que j'aime jouer en equipe tu vois i mean,fr,B1,0.691,"[0.664, 0.738, 0.729, 0.646, 0.703, 0.636, 0.616, 0.653, 0.725, 0.73, 0.708, 0.719, 0.708, 0.652, 0.704, 0.722]",2,2
utt_00370,Talk about your favorite hobby and why you like it.,mon passe-temps prefere est le foot; je l'adore car ca me maintient en forme et j'aime le travail d'equipe en fait,fr,B2,0.826,"[0.898, 0.933, 0.894, 0.866, 0.923, 0.835, 0.767, 0.824, 0.778, 0.783, 0.826, 0.774, 0.813, 0.686, 0.855, 0.838, 0.772, 0.89, 0.913, 0.709, 0.776]",3,3
utt_00371,Ask for directions to the train station.,gare s'il vous plait ou,fr,A2,0.821,"[0.78, 0.766, 0.911, 0.827, 0.821]",3,3
utt_00372,Ask for directions to the train station.,ou train,fr,A1,0.659,"[0.503, 0.816]",1,1
utt_00373,Introduce yourself and say where you are from.,me llamo ana,es,A1,0.472,"[0.403, 0.498, 0.514]",1,1
utt_00374,Explain your plans for the summer holidays.,diesen sommer moechte ich mit meiner familie nach spanien fahren ehrlich gesagt,de,B1,0.764,"[0.917, 0.601, 0.398, 0.778, 0.97, 0.903, 0.781, 0.698, 0.852, 0.64, 0.812, 0.816]",2,1
utt_00375,Describe what you did last weekend.,el fin de semana fui al parque con amigos,es,A2,0.937,"[0.989, 1.0, 0.96, 0.92, 0.941, 0.864, 0.912, 0.924, 0.919]",2,3
utt_00376,Talk about a book or film you enjoyed recently.,i watched a good film last week about space,en,B1,0.723,"[0.79, 0.655, 0.657, 0.711, 0.905, 0.755, 0.638, 0.683, 0.709]",2,2
utt_00377,Describe your typical workday.,ich fange um neun uhr an zu arbeiten und benutze den ganzen tag den computer sozusagen,de,B1,0.822,"[0.855, 0.746, 0.962, 0.838, 0.837, 0.801, 0.855, 0.93, 0.741, 0.764, 0.804, 0.688, 0.746, 0.785, 0.935, 0.867]",0,3
utt_00378,Order a coffee and a pastry at a cafe.,un cafe croissant,es,A2,0.737,"[0.729, 0.774, 0.707]",1,2
utt_00379,Explain how to get from your house to the office.,prendo l'autobus numero dieci e poi cammino cinque minuti fino all'ufficio beh,it,B2,0.647,"[0.662, 0.627, 0.653, 0.593, 0.461, 0.625, 0.735, 0.7, 0.703, 0.722, 0.64, 0.648]",2,3
utt_00380,Introduce yourself and say where you are from.,soy de madrid,es,A2,0.839,"[0.802, 0.824, 0.89]",0,2
utt_00381,Introduce yourself and say where you are from.,"hola, me llamo ana y soy de madrid en espana",es,C1,0.869,"[1.0, 0.898, 0.872, 0.91, 0.959, 0.79, 0.72, 0.864, 0.809, 0.868]",4,3
utt_00382,Talk about your favorite hobby and why you like it.,mon passe-temps est le foot le samedi,fr,A2,0.655,"[0.64, 0.625, 0.72, 0.664, 0.663, 0.679, 0.591]",2,2
utt_00383,Explain your plans for the summer holidays.,urlaub spanien vielleicht,de,A2,0.672,"[0.708, 0.628, 0.681]",2,2
utt_00384,Give your opinion on working from home.,i think working from home is good but sometimes lonely,en,A2,0.625,"[0.588, 0.533, 0.599, 0.821, 0.814, 0.618, 0.678, 0.596, 0.511, 0.493]",1,4
utt_00385,Order a coffee and a pastry at a cafe.,cafe por favor,es,A1,0.68,"[0.622, 0.562, 0.857]",2,1
utt_00386,Give your opinion on working from home.,i believe working from home is convenient though it can feel isolating and so on,en,B1,0.68,"[0.719, 0.625, 0.611, 0.741, 0.575, 0.81, 0.758, 0.671, 0.669, 0.805, 0.629, 0.708, 0.586, 0.592, 0.702]",3,3
utt_00387,Explain how to get from your house to the office.,prendo l'autobus numero dieci e poi cammino cinque minuti fino all'ufficio sai,it,B2,0.973,"[0.992, 0.949, 0.95, 1.0, 0.939, 1.0, 0.949, 1.0, 0.968, 0.999, 0.961, 0.974]",4,4
utt_00388,Give your opinion on working from home.,i like home,en,A2,0.765,"[0.764, 0.661, 0.871]",1,1
utt_00389,Order a coffee and a pastry at a cafe.,cafe por favor,es,A1,0.685,"[0.687, 0.672, 0.697]",1,1
utt_00390,Explain your plans for the summer holidays.,sommer ich gehe strand,de,A1,0.545,"[0.599, 0.626, 0.553, 0.404]",2,1
utt_00391,Explain your plans for the summer holidays.,urlaub spanien vielleicht,de,A2,0.75,"[0.674, 0.841, 0.736]",3,3
utt_00392,Give your opinion on working from home.,i believe working from home is convenient though it can feel isolating,en,B1,0.734,"[0.657, 0.8, 0.713, 0.87, 0.746, 0.684, 0.812, 0.834, 0.695, 0.522, 0.755, 0.723]",3,3
utt_00393,Explain how to get from your house to the office.,cammino poi autobus,de,A1,0.763,"[0.769, 0.747, 0.773]",2,2
utt_00394,Give your opinion on working from home.,home work is good,en,A2,0.611,"[0.658, 0.709, 0.53, 0.548]",2,1
utt_00395,Order a coffee and a pastry at a cafe.,un cafe croissant,es,A2,0.733,"[0.752, 0.67, 0.778]",2,1
utt_00396,Talk about your favorite hobby and why you like it.,mon passe-temps est le foot le samedi,fr,A2,0.779,"[0.793, 0.793, 0.781, 0.763, 0.791, 0.787, 0.747]",1,1
utt_00397,Talk about your favorite hobby and why you like it.,mon passe-temps prefere est le foot; je l'adore car ca me maintient en forme et j'aime le travail d'equipe,fr,C1,0.703,"[0.671, 0.718, 0.819, 0.624, 0.608, 0.722, 0.714, 0.723, 0.728, 0.695, 0.815, 0.599, 0.653, 0.703, 0.596, 0.698, 0.827, 0.712, 0.727]",2,3
utt_00398,Describe what you did last weekend.,dormi y comi,es,A1,0.708,"[0.676, 0.716, 0.731]",1,1
utt_00399,Talk about your favorite hobby and why you like it.,mon passe-temps est le foot le samedi,fr,A2,0.633,"[0.594, 0.691, 0.647, 0.545, 0.628, 0.643, 0.683]",2,1
utt_00400,Describe what you did last weekend.,"el fin de semana pasado visite el parque, di un largo paseo y luego cene con amigos bueno i mean",es,B2,0.632,"[0.73, 0.558, 0.572, 0.542, 0.61, 0.656, 0.691, 0.62, 0.604, 0.635, 0.57, 0.764, 0.519, 0.638, 0.759, 0.626, 0.613, 0.602, 0.613, 0.716]",4,2
utt_00401,Give your opinion on working from home.,"personally i think remote work boosts productivity, but you have to be disciplined to avoid isolation",en,B2,0.89,"[0.876, 0.791, 0.778, 0.822, 0.892, 0.924, 0.881, 0.713, 0.882, 0.999, 0.999, 0.898, 0.979, 0.857, 0.977, 0.967]",4,4
utt_00402,Order a coffee and a pastry at a cafe.,un cafe croissant well,es,A2,0.69,"[0.59, 0.82, 0.638, 0.71]",1,2
utt_00403,Describe what you did last weekend.,el fin de semana pasado fui al parque y luego cene con unos amigos o sea,es,B1,0.707,"[0.673, 0.748, 0.587, 0.738, 0.853, 0.604, 0.718, 0.656, 0.736, 0.706, 0.657, 0.74, 0.837, 0.69, 0.757, 0.609]",1,3
utt_00404,Describe your typical workday.,morgens arbeit dann zuhause,de,A2,0.715,"[0.596, 0.727, 0.82, 0.716]",2,2
utt_00405,Talk about a book or film you enjoyed recently.,i watched a good film last week about space,en,B1,0.633,"[0.631, 0.568, 0.566, 0.519, 0.636, 0.737, 0.665, 0.8, 0.571]",1,2
utt_00406,Describe your typical workday.,[inaudible] brrr klk mmm mmm,de,B2,0.867,"[0.85, 0.868, 0.796, 0.903, 0.919]",3,3
utt_00407,Talk about a book or film you enjoyed recently.,mmm mmm xxx the the the,en,A2,0.07,"[0.067, 0.087, 0.08, 0.087, 0.05, 0.05]",3,2
utt_00408,Order a coffee and a pastry at a cafe.,un cafe croissant,es,A2,0.783,"[0.772, 0.771, 0.807]",1,2
utt_00409,Ask for directions to the train station.,ou train,fr,A1,0.7,"[0.684, 0.715]",1,1
utt_00410,Explain your plans for the summer holidays.,fuer die sommerferien plane ich nach spanien zu reisen und die kueste zu besuchen ehrlich gesagt,de,C1,0.657,"[0.808, 0.634, 0.625, 0.604, 0.707, 0.638, 0.604, 0.75, 0.757, 0.607, 0.513, 0.727, 0.601, 0.711, 0.506, 0.718]",3,3
utt_00411,Explain how to get from your house to the office.,cammino poi autobus you know,it,A1,0.668,"[0.604, 0.751, 0.696, 0.623, 0.665]",4,1
utt_00412,Ask for directions to the train station.,excusez-moi ou est la gare s'il vous plait,fr,B1,0.899,"[0.91, 0.893, 0.907, 0.946, 0.846, 0.936, 0.893, 0.865]",1,2
utt_00413,Introduce yourself and say where you are from.,soy de madrid,es,A2,0.892,"[0.857, 0.962, 0.857]",1,2
utt_00414,Order a coffee and a pastry at a cafe.,un cafe croissant,it,A2,0.799,"[0.709, 0.8, 0.889]",4,2
utt_00415,Talk about a book or film you enjoyed recently.,i watched a good film last week about space,en,B1,0.618,"[0.526, 0.65, 0.627, 0.611, 0.614, 0.831, 0.625, 0.573, 0.509]",2,1
utt_00416,Describe your typical workday.,"an einem typischen tag fange ich um neun an, beantworte e-mails und habe nachmittags besprechungen",de,B2,0.721,"[0.717, 0.858, 0.603, 0.727, 0.62, 0.759, 0.805, 0.692, 0.503, 0.745, 0.766, 0.763, 0.835, 0.636, 0.787]",3,3
utt_00417,Introduce yourself and say where you are from.,soy de madrid,es,A2,0.839,"[0.897, 0.762, 0.857]",2,2
utt_00418,Describe your typical workday.,[inaudible] brrr klk mmm mmm,de,B2,0.661,"[0.651, 0.669, 0.688, 0.652, 0.644]",2,1
utt_00419,Give your opinion on working from home.,i believe working from home is convenient though it can feel isolating to be honest,en,A2,0.641,"[0.597, 0.604, 0.662, 0.737, 0.538, 0.525, 0.632, 0.727, 0.539, 0.711, 0.658, 0.557, 0.674, 0.75, 0.707]",3,2
utt_00420,Explain your plans for the summer holidays.,fuer die sommerferien plane ich nach spanien zu reisen und die kueste zu besuchen und so weiter,de,C1,0.187,"[0.196, 0.139, 0.139, 0.228, 0.136, 0.228, 0.217, 0.107, 0.16, 0.254, 0.144, 0.17, 0.217, 0.234, 0.181, 0.164, 0.266]",4,3
utt_00421,Ask for directions to the train station.,excusez-moi ou est la gare s'il vous plait tu vois,fr,B1,0.628,"[0.75, 0.687, 0.614, 0.54, 0.538, 0.649, 0.641, 0.722, 0.66, 0.483]",1,2
utt_00422,Describe your typical workday.,morgens arbeit dann zuhause,de,A2,0.762,"[0.83, 0.701, 0.739, 0.779]",4,2
utt_00423,Talk about a book or film you enjoyed recently.,i recently enjoyed a film about space travel; the story was really moving,en,B2,0.742,"[0.689, 0.733, 0.879, 0.812, 0.752, 0.732, 0.691, 0.714, 0.595, 0.763, 0.876, 0.668, 0.739]",4,3
utt_00424,Describe your typical workday.,morgens arbeit dann zuhause,de,A2,0.565,"[0.58, 0.607, 0.546, 0.526]",0,1
utt_00425,Describe your typical workday.,morgens arbeit dann zuhause,de,A2,0.669,"[0.66, 0.676, 0.62, 0.719]",0,2
utt_00426,Describe what you did last weekend.,el fin de semana pasado fui al parque y luego cene con unos amigos,es,B1,0.775,"[0.768, 0.788, 0.8, 0.783, 0.813, 0.706, 0.71, 0.671, 0.784, 0.809, 0.785, 0.875, 0.751, 0.801]",3,3
utt_00427,Explain how to get from your house to the office.,prendo autobus ufficio,it,A2,0.784,"[0.712, 0.773, 0.868]",4,2
utt_00428,Talk about your favorite hobby and why you like it.,mon passe-temps prefere est le foot; je l'adore car ca me maintient en forme et j'aime le travail d'equipe en fait,fr,C1,0.824,"[0.892, 0.806, 0.823, 0.714, 0.801, 0.895, 0.871, 0.866, 0.832, 0.829, 0.778, 0.881, 0.86, 0.865, 0.789, 0.666, 0.911, 0.792, 0.763, 0.88, 0.799]",4,3
utt_00429,Explain how to get from your house to the office.,cammino poi autobus,it,A1,0.79,"[0.807, 0.78, 0.784]",3,1
utt_00430,Describe what you did last weekend.,"el fin de semana pasado visite el parque, di un largo paseo y luego cene con viejos amigos bueno",es,B2,0.652,"[0.583, 0.754, 0.691, 0.65, 0.684, 0.556, 0.701, 0.606, 0.584, 0.573, 0.748, 0.632, 0.776, 0.638, 0.561, 0.6, 0.756, 0.664, 0.638]",4,3
utt_00431,Describe your typical workday.,ich arbeite computer,de,A1,0.748,"[0.716, 0.741, 0.787]",3,2
utt_00432,Explain your plans for the summer holidays.,urlaub spanien vielleicht,de,A2,0.861,"[0.968, 0.841, 0.773]",3,3
utt_00433,Explain your plans for the summer holidays.,fuer die sommerferien plane ich nach spanien zu reisen und die kueste zu besuchen und so weiter,de,B2,0.778,"[0.798, 0.782, 0.686, 0.745, 0.676, 0.876, 0.787, 0.838, 0.707, 0.899, 0.811, 0.726, 0.704, 0.811, 0.79, 0.86, 0.728]",3,3
utt_00434,Describe your typical workday.,ich arbeite computer,de,A1,0.527,"[0.567, 0.505, 0.51]",0,1
utt_00435,Explain how to get from your house to the office.,prendo l'autobus e poi cammino fino all'ufficio,it,B1,0.909,"[0.898, 0.944, 0.86, 0.86, 0.95, 0.923, 0.929]",2,3
utt_00436,Explain your plans for the summer holidays.,urlaub spanien vielleicht well,de,A2,0.596,"[0.571, 0.597, 0.562, 0.653]",0,1
utt_00437,Explain your plans for the summer holidays.,urlaub spanien vielleicht,de,A2,0.665,"[0.745, 0.603, 0.648]",2,2
utt_00438,Ask for directions to the train station.,excusez-moi ou est la gare s'il vous plait,fr,B1,0.836,"[0.853, 0.855, 0.999, 0.889, 0.818, 0.742, 0.746, 0.786]",2,2
utt_00439,Describe what you did last weekend.,dormi y comi,es,A1,0.561,"[0.53, 0.564, 0.588]",1,1
utt_00440,Order a coffee and a pastry at a cafe.,cafe por favor,es,A1,0.552,"[0.536, 0.562, 0.558]",2,1
utt_00441,Describe your typical workday.,ich arbeite computer,de,A1,0.529,"[0.604, 0.494, 0.488]",1,2
utt_00442,Explain your plans for the summer holidays.,sommer gehe strand i mean,de,A1,0.516,"[0.562, 0.545, 0.446, 0.559, 0.468]",1,1
utt_00443,Talk about your favorite hobby and why you like it.,j'aime le foot,fr,A1,0.595,"[0.5, 0.656, 0.629]",2,1
utt_00444,Describe your typical workday.,"an einem typischen tag fange ich um neun an, beantworte e-mails und habe nachmittags besprechungen",de,B2,0.938,"[0.856, 0.981, 0.98, 0.865, 0.981, 1.0, 0.866, 0.879, 0.993, 0.949, 0.965, 0.953, 0.956, 0.854, 0.994]",4,4
utt_00445,Ask for directions to the train station.,gare s'il vous plait ou,fr,A2,0.678,"[0.774, 0.661, 0.676, 0.556, 0.722]",3,1
utt_00446,Explain your plans for the summer holidays.,sommer ich gehe strand,de,A1,0.809,"[0.817, 0.797, 0.834, 0.789]",2,1
utt_00447,Introduce yourself and say where you are from.,"hola, me llamo ana y soy de madrid en espana",es,B2,0.766,"[0.839, 0.69, 0.784, 0.769, 0.807, 0.751, 0.773, 0.864, 0.745, 0.634]",2,3
utt_00448,Explain your plans for the summer holidays.,sommer ich gehe strand,de,A1,0.762,"[0.834, 0.671, 0.777, 0.768]",1,2
utt_00449,Give your opinion on working from home.,i like home,en,B2,0.626,"[0.624, 0.701, 0.554]",1,1
utt_00450,Describe your typical workday.,ich arbeite computer,de,A1,0.794,"[0.65, 0.883, 0.848]",1,3
utt_00451,Describe your typical workday.,"an einem typischen tag fange ich um neun an, beantworte e-mails und habe nachmittags besprechungen weißt du",de,B2,0.683,"[0.71, 0.704, 0.663, 0.694, 0.675, 0.687, 0.688, 0.679, 0.671, 0.672, 0.669, 0.67, 0.682, 0.672, 0.694, 0.706, 0.674]",0,2
utt_00452,Describe what you did last weekend.,el fin de semana fui al parque con amigos,es,A2,0.783,"[0.772, 0.802, 0.799, 0.753, 0.83, 0.8, 0.601, 0.845, 0.847]",0,2
utt_00453,Give your opinion on working from home.,"personally i think remote work boosts productivity, but you have to be disciplined to avoid isolation",en,B1,0.939,"[0.899, 0.847, 0.96, 0.999, 0.95, 0.999, 0.999, 0.999, 0.904, 0.882, 0.988, 0.973, 0.744, 0.996, 0.96, 0.932]",4,4
utt_00454,Explain your plans for the summer holidays.,urlaub spanien vielleicht well,de,A2,0.718,"[0.661, 0.726, 0.778, 0.706]",2,2
utt_00455,Give your opinion on working from home.,i believe working from home is convenient though it can feel isolating,en,A2,0.612,"[0.558, 0.621, 0.576, 0.619, 0.617, 0.669, 0.555, 0.487, 0.659, 0.621, 0.649, 0.71]",4,2
utt_00456,Describe what you did last weekend.,el fin de semana fui al parque con amigos,es,A2,0.668,"[0.71, 0.775, 0.616, 0.586, 0.671, 0.692, 0.644, 0.729, 0.588]",2,2
utt_00457,Order a coffee and a pastry at a cafe.,un cafe croissant,es,A2,0.808,"[0.815, 0.718, 0.892]",1,1
utt_00458,Explain how to get from your house to the office.,prendo autobus ufficio,it,A2,0.61,"[0.737, 0.538, 0.554]",1,1
utt_00459,Explain your plans for the summer holidays.,diesen sommer moechte ich mit meiner familie nach spanien fahren sozusagen,de,B1,0.645,"[0.596, 0.637, 0.704, 0.519, 0.743, 0.675, 0.846, 0.639, 0.478, 0.646, 0.614]",3,2
utt_00460,Give your opinion on working from home.,i think working from home is good but sometimes lonely,en,A1,0.652,"[0.572, 0.755, 0.7, 0.562, 0.565, 0.679, 0.683, 0.689, 0.667, 0.651]",2,2
utt_00461,Give your opinion on working from home.,"personally i think remote work boosts productivity, but you have to be disciplined to avoid isolation well",en,C1,0.958,"[0.888, 0.999, 0.834, 0.999, 0.898, 0.999, 0.952, 0.949, 0.999, 0.89, 0.999, 0.997, 0.991, 0.999, 0.97, 0.983, 0.945]",4,4
utt_00462,Order a coffee and a pastry at a cafe.,mmm mmm mmm mmm mmm mmm,es,A1,0.691,"[0.811, 0.676, 0.713, 0.72, 0.509, 0.716]",2,2
utt_00463,Give your opinion on working from home.,i like home,en,A1,0.551,"[0.589, 0.458, 0.606]",1,1
utt_00464,Introduce yourself and say where you are from.,soy de madrid,es,A2,0.865,"[0.801, 0.817, 0.976]",3,2
utt_00465,Give your opinion on working from home.,i think working from home is good but sometimes lonely,en,A1,0.714,"[0.616, 0.757, 0.791, 0.743, 0.879, 0.543, 0.726, 0.752, 0.694, 0.634]",1,3
utt_00466,Talk about your favorite hobby and why you like it.,mon passe-temps prefere est le foot; je l'adore car ca me maintient en forme et j'aime le travail d'equipe franchement,fr,B2,0.787,"[0.702, 0.834, 0.764, 0.764, 0.832, 0.804, 0.818, 0.844, 0.761, 0.743, 0.713, 0.729, 0.97, 0.861, 0.696, 0.698, 0.813, 0.817, 0.817, 0.766]",3,3
utt_00467,Order a coffee and a pastry at a cafe.,[inaudible] brrr klk mmm mmm,es,A1,0.654,"[0.677, 0.712, 0.693, 0.519, 0.669]",3,2
utt_00468,Explain your plans for the summer holidays.,fuer die sommerferien plane ich nach spanien zu reisen und die kueste zu besuchen,de,B2,0.98,"[0.941, 0.982, 1.0, 0.99, 0.963, 1.0, 0.995, 0.992, 1.0, 1.0, 0.93, 0.994, 0.938, 0.998]",4,4
utt_00469,Talk about your favorite hobby and why you like it.,j'aime le foot,fr,A1,0.287,"[0.272, 0.292, 0.297]",2,1
utt_00470,Explain how to get from your house to the office.,prendo l'autobus e poi cammino fino all'ufficio,it,B1,0.825,"[0.952, 0.946, 0.714, 0.853, 0.771, 0.712, 0.824]",4,3
utt_00471,Describe your typical workday.,ich fange um neun uhr an zu arbeiten und benutze den ganzen tag den computer,es,B1,0.709,"[0.69, 0.873, 0.74, 0.619, 0.673, 0.779, 0.85, 0.605, 0.585, 0.836, 0.737, 0.653, 0.746, 0.535, 0.711]",3,3
utt_00472,Describe what you did last weekend.,dormi y comi,es,A1,0.786,"[0.808, 0.86, 0.691]",3,1
utt_00473,Describe what you did last weekend.,dormi y comi,es,A1,0.858,"[0.881, 0.796, 0.896]",2,2
utt_00474,Describe your typical workday.,ich arbeite computer,fr,A1,0.584,"[0.531, 0.587, 0.635]",1,1
utt_00475,Introduce yourself and say where you are from.,soy de madrid,es,A2,0.771,"[0.762, 0.795, 0.755]",3,1
utt_00476,Talk about a book or film you enjoyed recently.,book is good,en,A1,0.732,"[0.662, 0.743, 0.792]",0,1
utt_00477,Ask for directions to the train station.,"pardon, pourriez-vous me dire comment aller a la gare? en fait",fr,B2,0.671,"[0.709, 0.732, 0.61, 0.64, 0.474, 0.602, 0.63, 0.929, 0.511, 0.8, 0.748]",2,2
utt_00478,Introduce yourself and say where you are from.,me llamo ana,es,A1,0.289,"[0.247, 0.365, 0.255]",2,1
utt_00479,Order a coffee and a pastry at a cafe.,quisiera un cafe y un croissant por favor,es,B1,0.861,"[0.901, 0.86, 0.98, 0.968, 0.806, 0.74, 0.846, 0.789]",3,3
utt_00480,Order a coffee and a pastry at a cafe.,"podria darme un cafe y un croissant de chocolate, por favor? gracias",es,B2,0.721,"[0.731, 0.836, 0.699, 0.732, 0.74, 0.805, 0.554, 0.687, 0.753, 0.833, 0.696, 0.584]",2,3
utt_00481,Talk about your favorite hobby and why you like it.,mon passe-temps est le foot le samedi,fr,A2,0.203,"[0.268, 0.205, 0.178, 0.206, 0.228, 0.207, 0.127]",2,3
utt_00482,Give your opinion on working from home.,no sé,en,B1,0.556,"[0.556, 0.555]",0,1
utt_00483,Describe your typical workday.,ich arbeite computer,de,A1,0.656,"[0.654, 0.673, 0.642]",1,1
utt_00484,Introduce yourself and say where you are from.,soy de madrid,es,A2,0.669,"[0.615, 0.689, 0.704]",1,1
utt_00485,Describe what you did last weekend.,el fin de semana fui al parque con amigos,es,A2,0.309,"[0.317, 0.321, 0.238, 0.287, 0.309, 0.368, 0.323, 0.328, 0.287]",1,3
utt_00486,Explain your plans for the summer holidays.,fuer die sommerferien plane ich nach spanien zu reisen und die kueste zu besuchen sozusagen,de,B2,0.867,"[0.933, 0.861, 0.769, 0.933, 0.882, 0.799, 0.797, 0.853, 0.865, 0.846, 0.854, 0.954, 0.909, 0.845, 0.899]",3,3
utt_00487,Talk about your favorite hobby and why you like it.,j'aime le foot,fr,A1,0.6,"[0.475, 0.6, 0.724]",2,1
utt_00488,Describe your typical workday.,morgens arbeit dann zuhause,de,A2,0.688,"[0.73, 0.675, 0.692, 0.654]",3,1
utt_00489,Order a coffee and a pastry at a cafe.,cafe por favor,es,A1,0.392,"[0.395, 0.414, 0.366]",1,1
utt_00490,Explain how to get from your house to the office.,prendo autobus ufficio,fr,A2,0.418,"[0.419, 0.452, 0.384]",1,1
utt_00491,Talk about your favorite hobby and why you like it.,mon passe-temps prefere est le foot; je l'adore car ca me maintient en forme et j'aime le travail d'equipe bon,fr,B2,0.834,"[0.936, 0.867, 0.903, 0.787, 0.891, 0.757, 0.893, 0.844, 0.87, 0.751, 0.77, 0.873, 0.767, 0.864, 0.738, 0.89, 0.747, 0.87, 0.875, 0.784]",2,3
utt_00492,Describe what you did last weekend.,el fin de semana pasado fui al parque y luego cene con unos amigos o sea,es,B1,0.652,"[0.694, 0.675, 0.628, 0.6, 0.543, 0.681, 0.567, 0.665, 0.644, 0.7, 0.642, 0.64, 0.703, 0.68, 0.679, 0.688]",3,1
utt_00493,Talk about your favorite hobby and why you like it.,j'aime le foot,fr,A1,0.584,"[0.503, 0.548, 0.701]",1,1
utt_00494,Talk about a book or film you enjoyed recently.,i watched a good film last week about space,en,B2,0.799,"[0.86, 0.76, 0.929, 0.612, 0.851, 0.729, 0.811, 0.763, 0.879]",3,3
utt_00495,Order a coffee and a pastry at a cafe.,un cafe croissant,es,A2,0.783,"[0.665, 0.847, 0.836]",3,2
utt_00496,Explain how to get from your house to the office.,mmm mmm mmm mmm mmm mmm,it,A1,0.669,"[0.621, 0.656, 0.665, 0.661, 0.682, 0.73]",3,2
utt_00497,Introduce yourself and say where you are from.,"hola, me llamo ana y soy de madrid en espana la verdad well",es,B2,0.814,"[0.845, 0.699, 0.817, 0.86, 0.803, 0.846, 0.902, 0.842, 0.794, 0.843, 0.788, 0.781, 0.758]",1,3
utt_00498,Explain your plans for the summer holidays.,urlaub spanien vielleicht,de,A2,0.751,"[0.797, 0.66, 0.796]",1,3
utt_00499,Explain how to get from your house to the office.,prendo autobus ufficio,it,A2,0.565,"[0.58, 0.537, 0.577]",0,1
utt_00500,Order a coffee and a pastry at a cafe.,cafe por favor,es,A1,0.652,"[0.545, 0.698, 0.713]",2,1
utt_00501,Give your opinion on working from home.,[inaudible] xxx xxx *noise*,en,A2,0.348,"[0.423, 0.296, 0.306, 0.369]",3,2
utt_00502,Describe your typical workday.,ich fange um neun uhr an zu arbeiten und benutze den ganzen tag den computer,de,B1,0.811,"[0.722, 0.779, 0.923, 0.729, 0.685, 0.886, 0.924, 0.769, 0.849, 0.875, 0.71, 0.731, 0.866, 0.902, 0.814]",2,2
utt_00503,Talk about a book or film you enjoyed recently.,i watched a good film last week about space,en,A2,0.805,"[0.795, 0.641, 0.831, 0.776, 0.802, 0.853, 0.758, 0.949, 0.838]",2,2
utt_00504,Introduce yourself and say where you are from.,me llamo ana,es,A1,0.781,"[0.821, 0.804, 0.719]",0,2
utt_00505,Introduce yourself and say where you are from.,soy de madrid i mean,es,A2,0.812,"[0.729, 0.968, 0.758, 0.775, 0.831]",2,2
utt_00506,Explain your plans for the summer holidays.,diesen sommer moechte ich mit meiner familie nach spanien fahren,de,B1,0.801,"[0.89, 0.849, 0.824, 0.826, 0.802, 0.832, 0.653, 0.782, 0.814, 0.733]",3,3
utt_00507,Introduce yourself and say where you are from.,...,es,A2,0.922,[0.922],1,3
utt_00508,Explain your plans for the summer holidays.,sommer ich gehe strand,de,A1,0.677,"[0.569, 0.812, 0.789, 0.537]",1,1
utt_00509,Ask for directions to the train station.,ou train,fr,A1,0.383,"[0.404, 0.362]",0,1
utt_00510,Introduce yourself and say where you are from.,xxx xxx,es,A1,0.649,"[0.647, 0.652]",1,2
utt_00511,Describe your typical workday.,"an einem typischen tag fange ich um neun an, beantworte e-mails und habe nachmittags besprechungen",de,C1,0.957,"[0.937, 0.968, 0.923, 0.905, 0.989, 0.989, 0.92, 1.0, 0.929, 0.971, 0.998, 0.957, 0.981, 0.934, 0.95]",4,4
utt_00512,Talk about a book or film you enjoyed recently.,xxx mmm mmm brrr klk ??? ???,en,A1,0.372,"[0.403, 0.401, 0.349, 0.466, 0.344, 0.333, 0.308]",3,2
utt_00513,Talk about a book or film you enjoyed recently.,no sé,en,A1,0.664,"[0.688, 0.641]",0,1
utt_00514,Ask for directions to the train station.,"pardon, pourriez-vous me dire comment aller a la gare? tu vois",fr,B2,0.889,"[0.892, 0.856, 0.894, 0.804, 0.873, 0.887, 0.888, 0.889, 0.901, 0.937, 0.963]",2,3
utt_00515,Explain how to get from your house to the office.,prendo l'autobus numero dieci e poi cammino cinque minuti fino all'ufficio eccetera,it,B2,0.683,"[0.676, 0.64, 0.65, 0.686, 0.695, 0.668, 0.633, 0.688, 0.73, 0.757, 0.682, 0.691]",1,2
utt_00516,Explain your plans for the summer holidays.,fuer die sommerferien plane ich nach spanien zu reisen und die kueste zu besuchen,de,C1,0.707,"[0.658, 0.719, 0.663, 0.76, 0.599, 0.696, 0.741, 0.733, 0.904, 0.745, 0.652, 0.714, 0.6, 0.715]",3,3
utt_00517,Give your opinion on working from home.,home work is good,en,A1,0.492,"[0.456, 0.478, 0.574, 0.459]",1,1
utt_00518,Describe what you did last weekend.,"el fin de semana pasado visite el parque, di un largo paseo y luego cene con viejos amigos la verdad",es,B2,0.603,"[0.549, 0.639, 0.563, 0.586, 0.559, 0.682, 0.575, 0.687, 0.634, 0.617, 0.611, 0.612, 0.492, 0.577, 0.635, 0.589, 0.519, 0.589, 0.68, 0.656]",1,2
utt_00519,Talk about your favorite hobby and why you like it.,mon passe-temps prefere est le foot; je l'adore car ca me maintient en forme et j'aime le travail d'equipe et cetera,fr,B2,0.92,"[0.927, 1.0, 0.904, 0.804, 0.862, 1.0, 0.911, 0.914, 0.909, 1.0, 1.0, 1.0, 0.92, 0.954, 0.818, 1.0, 0.844, 0.948, 0.85, 0.888, 0.869]",2,4
utt_00520,Talk about a book or film you enjoyed recently.,i watched a good film last week about space,en,A1,0.926,"[0.801, 0.96, 0.999, 0.913, 0.968, 0.828, 0.906, 0.999, 0.96]",2,2
utt_00521,Explain your plans for the summer holidays.,fuer die sommerferien plane ich nach spanien zu reisen und die kueste zu besuchen,de,C1,0.287,"[0.28, 0.281, 0.281, 0.299, 0.274, 0.291, 0.304, 0.281, 0.279, 0.285, 0.303, 0.291, 0.281, 0.294]",3,3
utt_00522,Talk about a book or film you enjoyed recently.,i watched a good film last week about space,en,A1,0.777,"[0.717, 0.796, 0.742, 0.891, 0.827, 0.667, 0.731, 0.765, 0.853]",2,2
utt_00523,Describe what you did last weekend.,"el fin de semana pasado visite el parque, di un largo paseo y luego cene con viejos amigos",es,C1,0.746,"[0.697, 0.807, 0.79, 0.746, 0.714, 0.711, 0.798, 0.841, 0.726, 0.793, 0.637, 0.729, 0.763, 0.709, 0.708, 0.724, 0.783, 0.754]",3,3
utt_00524,Ask for directions to the train station.,"pardon, pourriez-vous me dire comment aller a la gare? bon well",fr,C1,0.615,"[0.471, 0.481, 0.616, 0.711, 0.425, 0.626, 0.623, 0.794, 0.636, 0.704, 0.683]",4,2
utt_00525,Explain your plans for the summer holidays.,urlaub spanien vielleicht,de,A2,0.875,"[0.763, 0.948, 0.913]",1,3
utt_00526,Ask for directions to the train station.,ou train,fr,A1,0.456,"[0.265, 0.647]",2,1
utt_00527,Describe what you did last weekend.,"el fin de semana pasado visite el parque, di un largo paseo y luego cene con viejos amigos",es,B2,0.661,"[0.5, 0.818, 0.65, 0.698, 0.67, 0.638, 0.626, 0.701, 0.547, 0.736, 0.639, 0.579, 0.636, 0.779, 0.629, 0.704, 0.613, 0.737]",3,3
utt_00528,Ask for directions to the train station.,"pardon, pourriez-vous me dire comment aller a la gare?",fr,C1,0.772,"[0.793, 0.909, 0.708, 0.792, 0.735, 0.854, 0.654, 0.799, 0.706]",3,3
utt_00529,Talk about a book or film you enjoyed recently.,i like film action,en,A2,0.736,"[0.719, 0.722, 0.828, 0.677]",1,1
utt_00530,Explain how to get from your house to the office.,prendo l'autobus numero dieci e poi cammino cinque minuti fino all'ufficio sai,it,C1,0.786,"[0.748, 0.762, 0.777, 0.743, 0.773, 0.896, 0.843, 0.832, 0.713, 0.674, 0.84, 0.833]",4,4
utt_00531,Describe what you did last weekend.,el de semana fui al parque con amigos you know,es,A2,0.534,"[0.461, 0.487, 0.56, 0.477, 0.568, 0.421, 0.576, 0.65, 0.586, 0.553]",2,2
utt_00532,Ask for directions to the train station.,"pardon, pourriez-vous me dire comment aller a la gare? bon",fr,B2,0.822,"[0.974, 0.761, 0.799, 0.655, 0.783, 0.925, 0.775, 0.889, 0.803, 0.856]",2,3
utt_00533,Talk about a book or film you enjoyed recently.,i recently watched a film about space travel that i loved - the story was moving and the visuals were stunning,en,B1,0.881,"[0.886, 0.871, 0.999, 0.931, 0.994, 0.796, 0.754, 0.862, 0.955, 0.999, 0.7, 0.817, 0.951, 0.835, 0.9, 0.837, 0.874, 0.933, 0.9, 0.783, 0.928]",4,3
utt_00534,Talk about your favorite hobby and why you like it.,j'aime le foot,fr,A1,0.641,"[0.653, 0.727, 0.543]",2,1
utt_00535,Talk about a book or film you enjoyed recently.,i like film action,en,A2,0.625,"[0.728, 0.612, 0.531, 0.628]",1,1
utt_00536,Give your opinion on working from home.,home work is good,en,B1,0.734,"[0.765, 0.852, 0.729, 0.591]",1,2
utt_00537,Explain how to get from your house to the office.,prendo autobus ufficio,it,A2,0.923,"[0.925, 0.843, 1.0]",3,3
utt_00538,Introduce yourself and say where you are from.,hola me llamo ana soy de madrid,es,B1,0.944,"[0.951, 0.938, 0.981, 0.881, 0.991, 0.957, 0.91]",3,3
utt_00539,Describe your typical workday.,morgens arbeit dann zuhause,de,A2,0.131,"[0.207, 0.092, 0.106, 0.117]",3,2
utt_00540,Give your opinion on working from home.,i not know how say,en,A1,0.497,"[0.626, 0.489, 0.511, 0.381, 0.479]",0,1
utt_00541,Explain your plans for the summer holidays.,sommer ich gehe strand,de,A1,0.699,"[0.652, 0.647, 0.738, 0.759]",1,1
utt_00542,Order a coffee and a pastry at a cafe.,quisiera un cafe y un croissant por favor,es,B1,0.768,"[0.749, 0.703, 0.899, 0.772, 0.824, 0.745, 0.638, 0.817]",2,2
utt_00543,Describe your typical workday.,"an einem typischen tag fange ich um neun an, beantworte e-mails und habe nachmittags besprechungen ehrlich gesagt",de,C1,0.862,"[0.711, 0.855, 0.754, 1.0, 0.931, 0.868, 0.959, 0.794, 0.903, 0.876, 0.881, 0.959, 0.917, 0.883, 0.731, 0.785, 0.851]",4,4
utt_00544,Describe what you did last weekend.,"el fin de semana pasado visite el parque, di un largo paseo y luego cene con viejos amigos",es,B2,0.919,"[0.927, 0.856, 1.0, 1.0, 0.956, 0.925, 0.909, 0.867, 0.926, 0.936, 0.85, 0.94, 0.912, 0.812, 0.872, 0.897, 1.0, 0.953]",2,3
utt_00545,Describe what you did last weekend.,el fin de semana pasado fui al parque y luego cene con unos amigos,es,B1,0.735,"[0.686, 0.797, 0.673, 0.834, 0.739, 0.762, 0.848, 0.689, 0.682, 0.732, 0.831, 0.675, 0.595, 0.74]",2,3
utt_00546,Talk about your favorite hobby and why you like it.,mon passe-temps prefere est le foot parce que j'aime jouer en equipe franchement,fr,B1,0.742,"[0.784, 0.818, 0.731, 0.734, 0.815, 0.658, 0.735, 0.765, 0.779, 0.729, 0.757, 0.626, 0.721]",2,3
utt_00547,Explain your plans for the summer holidays.,urlaub spanien vielleicht,de,A2,0.647,"[0.683, 0.598, 0.66]",2,1
utt_00548,Introduce yourself and say where you are from.,"hola, me llamo ana y soy de madrid en espana",es,B2,0.675,"[0.7, 0.653, 0.684, 0.616, 0.661, 0.71, 0.683, 0.638, 0.687, 0.716]",3,1
utt_00549,Introduce yourself and say where you are from.,"hola, me llamo ana y soy de madrid en espana",es,C1,0.94,"[0.841, 1.0, 0.936, 0.979, 1.0, 0.879, 0.916, 0.939, 0.911, 1.0]",4,4
utt_00550,Talk about your favorite hobby and why you like it.,j'aime le foot,fr,A1,0.633,"[0.598, 0.621, 0.681]",3,1
utt_00551,Explain your plans for the summer holidays.,sommer ich gehe strand,de,A1,0.749,"[0.785, 0.682, 0.835, 0.695]",1,2
utt_00552,Order a coffee and a pastry at a cafe.,un cafe croissant,es,A2,0.288,"[0.249, 0.289, 0.325]",1,3
utt_00553,Describe what you did last weekend.,dormi y comi,es,A1,0.53,"[0.529, 0.541, 0.52]",1,1
utt_00554,Explain how to get from your house to the office.,cammino poi autobus,it,A1,0.722,"[0.64, 0.728, 0.797]",2,1
utt_00555,Order a coffee and a pastry at a cafe.,quisiera un cafe y un croissant por favor,es,B1,0.546,"[0.532, 0.542, 0.566, 0.468, 0.616, 0.541, 0.613, 0.494]",0,1
utt_00556,Ask for directions to the train station.,ou train,fr,A1,0.588,"[0.616, 0.56]",0,1
utt_00557,Order a coffee and a pastry at a cafe.,un cafe croissant,es,A2,0.623,"[0.642, 0.626, 0.602]",0,1
utt_00558,Describe what you did last weekend.,el fin de semana fui al parque con amigos,es,A2,0.589,"[0.719, 0.625, 0.439, 0.514, 0.596, 0.64, 0.608, 0.72, 0.44]",2,2
utt_00559,Explain how to get from your house to the office.,prendo l'autobus numero dieci e poi cammino cinque minuti fino all'ufficio sai,it,C1,0.748,"[0.753, 0.564, 0.812, 0.73, 0.779, 0.656, 0.862, 0.839, 0.795, 0.726, 0.794, 0.671]",3,4
utt_00560,Order a coffee and a pastry at a cafe.,"podria darme un cafe y un croissant de chocolate, por favor? gracias",de,C1,0.921,"[0.971, 1.0, 0.982, 0.887, 0.945, 0.857, 0.956, 0.949, 0.826, 0.864, 0.91, 0.909]",3,4
utt_00561,Give your opinion on working from home.,i like home,en,A1,0.706,"[0.737, 0.705, 0.676]",0,1
utt_00562,Explain your plans for the summer holidays.,xxx,de,A2,0.801,[0.801],3,1
utt_00563,Talk about a book or film you enjoyed recently.,i recently enjoyed a film about space travel; the story was really moving,en,A2,0.796,"[0.768, 0.87, 0.923, 0.875, 0.831, 0.709, 0.86, 0.879, 0.798, 0.622, 0.792, 0.782, 0.636]",3,3
utt_00564,Explain your plans for the summer holidays.,sommer ich gehe strand,de,A1,0.697,"[0.724, 0.716, 0.69, 0.656]",1,1
utt_00565,Order a coffee and a pastry at a cafe.,cafe por favor well,es,A1,0.729,"[0.772, 0.812, 0.67, 0.661]",1,1
utt_00566,Explain your plans for the summer holidays.,diesen sommer moechte ich mit familie nach spanien fahren also well,de,B1,0.62,"[0.656, 0.739, 0.624, 0.706, 0.652, 0.643, 0.696, 0.611, 0.515, 0.452, 0.528]",1,2
utt_00567,Describe your typical workday.,morgens arbeit dann zuhause,de,A2,0.566,"[0.595, 0.514, 0.535, 0.619]",3,1
utt_00568,Explain how to get from your house to the office.,cammino poi autobus you know,it,A1,0.63,"[0.474, 0.77, 0.656, 0.611, 0.641]",2,1
utt_00569,Describe what you did last weekend.,dormi y comi you know,es,A1,0.4,"[0.394, 0.267, 0.509, 0.4, 0.43]",1,1
utt_00570,Give your opinion on working from home.,i think working from home is good but sometimes lonely,en,B1,0.544,"[0.425, 0.528, 0.515, 0.438, 0.493, 0.565, 0.618, 0.586, 0.713, 0.561]",1,2
utt_00571,Introduce yourself and say where you are from.,soy de madrid you know,es,A2,0.723,"[0.812, 0.58, 0.756, 0.669, 0.8]",2,2
utt_00572,Talk about your favorite hobby and why you like it.,j'aime le foot,fr,A1,0.729,"[0.644, 0.79, 0.754]",1,1
utt_00573,Give your opinion on working from home.,i think working from home is good but sometimes lonely,en,A1,0.788,"[0.824, 0.813, 0.875, 0.804, 0.778, 0.78, 0.754, 0.845, 0.671, 0.735]",3,3
utt_00574,Talk about your favorite hobby and why you like it.,mon passe-temps est le foot le samedi,fr,A2,0.185,"[0.212, 0.214, 0.155, 0.154, 0.184, 0.145, 0.232]",2,2
utt_00575,Give your opinion on working from home.,i think working from home is good but sometimes lonely,en,C1,0.797,"[0.665, 0.715, 0.797, 0.806, 0.854, 0.698, 0.896, 0.811, 0.848, 0.875]",1,4
utt_00576,Ask for directions to the train station.,ou train,fr,A1,0.677,"[0.789, 0.565]",1,2
utt_00577,Describe your typical workday.,ich arbeite computer,de,A1,0.678,"[0.739, 0.575, 0.719]",1,1
utt_00578,Explain how to get from your house to the office.,prendo l'autobus numero dieci e poi cammino cinque minuti fino all'ufficio beh well,it,C1,0.819,"[0.83, 0.778, 0.732, 0.763, 0.868, 0.963, 0.884, 0.812, 0.895, 0.824, 0.805, 0.769, 0.723]",2,4
utt_00579,Describe what you did last weekend.,dormi y comi,es,A1,0.595,"[0.577, 0.613, 0.596]",1,1
utt_00580,Describe what you did last weekend.,*noise* [inaudible] [inaudible],es,A2,0.603,"[0.594, 0.564, 0.651]",1,2
utt_00581,Give your opinion on working from home.,i believe working from home is convenient though it can feel isolating well,en,B1,0.845,"[0.836, 0.868, 0.849, 0.845, 0.852, 0.895, 0.899, 0.818, 0.94, 0.755, 0.839, 0.807, 0.778]",4,3
utt_00582,Describe your typical workday.,ich arbeite computer,de,A1,0.746,"[0.694, 0.829, 0.714]",2,2
utt_00583,Explain your plans for the summer holidays.,fuer die sommerferien plane ich nach spanien zu reisen und die kueste zu besuchen weißt du,de,C1,0.774,"[0.689, 0.617, 0.714, 0.864, 0.818, 0.864, 0.818, 0.653, 0.732, 0.686, 0.9, 0.644, 0.856, 0.856, 0.951, 0.724]",2,3
utt_00584,Explain your plans for the summer holidays.,fuer die sommerferien plane ich nach spanien zu reisen und die kueste zu besuchen,de,B2,0.864,"[0.931, 1.0, 0.824, 0.75, 0.722, 0.931, 0.721, 0.844, 0.909, 0.889, 0.908, 0.892, 0.977, 0.797]",4,4
utt_00585,Explain how to get from your house to the office.,prendo l'autobus numero dieci e poi cammino cinque minuti fino all'ufficio cioe,it,B2,0.691,"[0.622, 0.616, 0.719, 0.723, 0.694, 0.741, 0.59, 0.772, 0.763, 0.713, 0.78, 0.559]",4,2
utt_00586,Talk about a book or film you enjoyed recently.,i watched a good film last week about space,en,B1,0.55,"[0.421, 0.569, 0.528, 0.56, 0.521, 0.522, 0.554, 0.601, 0.673]",2,1
utt_00587,Ask for directions to the train station.,gare s'il vous plait ou,fr,A2,0.569,"[0.567, 0.565, 0.576, 0.563, 0.576]",1,1
utt_00588,Order a coffee and a pastry at a cafe.,"podria darme un cafe y un croissant de chocolate, por favor? gracias",es,B2,0.942,"[1.0, 0.983, 0.961, 0.891, 0.899, 1.0, 0.988, 0.943, 0.922, 0.834, 0.886, 1.0]",1,4
utt_00589,Describe what you did last weekend.,el fin de semana pasado fui al parque y luego cene con unos amigos o sea,es,B1,0.728,"[0.647, 0.737, 0.787, 0.649, 0.737, 0.783, 0.726, 0.901, 0.623, 0.79, 0.715, 0.773, 0.753, 0.681, 0.74, 0.612]",1,3
utt_00590,Explain how to get from your house to the office.,prendo autobus ufficio you know,it,A2,0.841,"[0.841, 0.821, 0.844, 0.871, 0.826]",2,2
utt_00591,Describe what you did last weekend.,dormi y comi,es,A1,0.653,"[0.708, 0.619, 0.633]",2,1
utt_00592,Introduce yourself and say where you are from.,soy de madrid,es,A2,0.895,"[0.918, 0.933, 0.835]",2,2
utt_00593,Introduce yourself and say where you are from.,me llamo ana you know,es,A1,0.699,"[0.686, 0.662, 0.713, 0.701, 0.732]",1,1
utt_00594,Order a coffee and a pastry at a cafe.,cafe por favor well,es,A1,0.455,"[0.416, 0.441, 0.472, 0.492]",0,1
utt_00595,Give your opinion on working from home.,"personally i think remote work boosts productivity, but you have to be disciplined to avoid isolation well",en,C1,0.929,"[0.885, 0.849, 0.999, 0.897, 0.882, 0.999, 0.999, 0.947, 0.999, 0.999, 0.957, 0.809, 0.96, 0.999, 0.798, 0.999, 0.821]",4,4
utt_00596,Introduce yourself and say where you are from.,uh uh [inaudible],es,A1,0.51,"[0.499, 0.447, 0.585]",1,1
utt_00597,Describe your typical workday.,"an einem typischen tag fange ich um neun an, beantworte e-mails und habe nachmittags besprechungen ehrlich gesagt well",de,C1,0.718,"[0.76, 0.657, 0.8, 0.788, 0.723, 0.72, 0.749, 0.66, 0.716, 0.579, 0.77, 0.616, 0.809, 0.694, 0.701, 0.675, 0.696, 0.804]",3,3
utt_00598,Describe your typical workday.,ich fange um neun uhr an zu arbeiten und benutze den ganzen tag den computer,de,B1,0.52,"[0.401, 0.59, 0.543, 0.465, 0.472, 0.61, 0.478, 0.468, 0.583, 0.543, 0.479, 0.537, 0.474, 0.581, 0.579]",2,1
utt_00599,Explain your plans for the summer holidays.,diesen sommer moechte ich mit meiner familie nach spanien fahren,de,B1,0.709,"[0.723, 0.712, 0.799, 0.69, 0.617, 0.718, 0.819, 0.627, 0.667, 0.716]",2,2
utt_00600,Explain how to get from your house to the office.,??? ???,it,B1,0.756,"[0.79, 0.722]",2,1
utt_00601,Explain your plans for the summer holidays.,sommer ich gehe strand,de,A1,0.473,"[0.495, 0.555, 0.449, 0.394]",0,1
utt_00602,Explain your plans for the summer holidays.,diesen sommer moechte ich mit meiner familie nach spanien fahren ehrlich gesagt,de,B1,0.645,"[0.541, 0.656, 0.71, 0.67, 0.639, 0.602, 0.57, 0.692, 0.697, 0.541, 0.74, 0.676]",3,2
utt_00603,Talk about a book or film you enjoyed recently.,i watched a good film last week about space,en,B2,0.966,"[0.877, 0.987, 0.999, 0.999, 0.977, 0.874, 0.982, 0.999, 0.999]",2,3
utt_00604,Order a coffee and a pastry at a cafe.,cafe por favor,es,A1,0.697,"[0.805, 0.643, 0.642]",1,1
utt_00605,Order a coffee and a pastry at a cafe.,cafe por favor,es,A1,0.295,"[0.25, 0.284, 0.351]",2,2
utt_00606,Describe what you did last weekend.,el fin de semana fui al parque con amigos,es,A2,0.639,"[0.644, 0.63, 0.618, 0.651, 0.619, 0.657, 0.629, 0.657, 0.643]",2,1
utt_00607,Describe what you did last weekend.,dormi y comi,es,A1,0.814,"[0.824, 0.805, 0.814]",0,1
utt_00608,Explain your plans for the summer holidays.,urlaub spanien vielleicht,de,A2,0.707,"[0.752, 0.717, 0.651]",2,2
utt_00609,Describe your typical workday.,ich arbeite computer,de,A1,0.534,"[0.592, 0.616, 0.394]",1,1
utt_00610,Explain how to get from your house to the office.,cammino poi autobus,it,A1,0.393,"[0.444, 0.372, 0.363]",0,1
utt_00611,Describe your typical workday.,ich arbeite computer,de,A1,0.672,"[0.669, 0.664, 0.684]",1,1
utt_00612,Talk about your favorite hobby and why you like it.,j'aime le foot,fr,A1,0.727,"[0.65, 0.866, 0.665]",2,2
utt_00613,Explain how to get from your house to the office.,prendo l'autobus numero dieci e poi cammino cinque minuti fino all'ufficio,it,B2,0.691,"[0.686, 0.783, 0.76, 0.665, 0.683, 0.721, 0.703, 0.714, 0.642, 0.602, 0.64]",2,2
utt_00614,Talk about a book or film you enjoyed recently.,i watched a good film last week about space,en,B1,0.72,"[0.642, 0.7, 0.52, 0.822, 0.771, 0.813, 0.748, 0.702, 0.758]",1,2
utt_00615,Describe your typical workday.,morgens arbeit dann zuhause,de,A2,0.866,"[0.867, 0.881, 0.864, 0.851]",2,1
utt_00616,Explain your plans for the summer holidays.,sommer ich gehe strand,de,A1,0.57,"[0.496, 0.648, 0.668, 0.468]",3,1
utt_00617,Talk about a book or film you enjoyed recently.,i like film action,en,A1,0.595,"[0.658, 0.638, 0.475, 0.609]",1,1
utt_00618,Ask for directions to the train station.,gare s'il vous plait ou,fr,A2,0.756,"[0.73, 0.766, 0.733, 0.805, 0.744]",2,1
utt_00619,Explain how to get from your house to the office.,prendo autobus ufficio i mean,it,A2,0.954,"[1.0, 0.966, 0.89, 0.953, 0.959]",2,3
utt_00620,Give your opinion on working from home.,"personally i think remote work boosts productivity, but you have to be disciplined to avoid isolation",en,B2,0.818,"[0.782, 0.738, 0.708, 0.722, 0.849, 0.886, 0.913, 0.918, 0.741, 0.898, 0.877, 0.842, 0.741, 0.737, 0.875, 0.854]",4,4
utt_00621,Order a coffee and a pastry at a cafe.,un cafe croissant,es,A2,0.862,"[0.853, 0.836, 0.898]",2,2
utt_00622,Talk about a book or film you enjoyed recently.,uh uh the the the brrr klk ??? ???,en,A2,0.266,"[0.209, 0.182, 0.37, 0.283, 0.204, 0.366, 0.273, 0.283, 0.222]",2,2
utt_00623,Ask for directions to the train station.,"pardon, pourriez-vous me dire comment aller a la gare? bon",fr,B2,0.837,"[0.889, 0.839, 0.72, 0.773, 0.824, 0.824, 0.966, 0.733, 0.864, 0.933]",4,3
utt_00624,Explain how to get from your house to the office.,prendo autobus ufficio,it,A2,0.862,"[0.982, 0.766, 0.839]",2,3
utt_00625,Explain how to get from your house to the office.,prendo l'autobus numero dieci e poi cammino cinque minuti fino all'ufficio,it,B2,0.708,"[0.762, 0.726, 0.698, 0.749, 0.465, 0.773, 0.719, 0.686, 0.903, 0.643, 0.669]",1,3
utt_00626,Give your opinion on working from home.,i believe working from home is convenient though it can feel isolating well,en,A2,0.775,"[0.753, 0.693, 0.782, 0.737, 0.804, 0.847, 0.755, 0.841, 0.769, 0.835, 0.689, 0.857, 0.708]",3,3
utt_00627,Describe what you did last weekend.,el fin de semana pasado fui al parque y luego cene con unos amigos bueno,es,B1,0.785,"[0.836, 0.765, 0.772, 0.782, 0.807, 0.791, 0.753, 0.772, 0.77, 0.784, 0.797, 0.796, 0.741, 0.813, 0.792]",1,2
utt_00628,Talk about your favorite hobby and why you like it.,mon passe-temps prefere est le foot; je l'adore car ca me maintient en forme et j'aime le travail d'equipe franchement,fr,B2,0.702,"[0.769, 0.707, 0.75, 0.708, 0.766, 0.712, 0.671, 0.828, 0.736, 0.715, 0.593, 0.592, 0.697, 0.687, 0.637, 0.687, 0.783, 0.723, 0.602, 0.67]",3,3
utt_00629,Talk about a book or film you enjoyed recently.,book is good,en,A1,0.832,"[0.829, 0.869, 0.797]",1,1
utt_00630,Order a coffee and a pastry at a cafe.,cafe por favor,es,A1,0.703,"[0.685, 0.713, 0.712]",3,1
utt_00631,Talk about your favorite hobby and why you like it.,mon passe-temps prefere est le foot; je l'adore car ca me maintient en forme et j'aime le travail d'equipe et cetera,fr,B2,0.192,"[0.167, 0.121, 0.188, 0.162, 0.021, 0.318, 0.26, 0.173, 0.196, 0.126, 0.296, 0.308, 0.205, 0.256, 0.206, 0.116, 0.171, 0.203, 0.168, 0.182, 0.19]",2,4
utt_00632,Describe what you did last weekend.,brrr klk,es,A2,0.775,"[0.771, 0.779]",2,2
utt_00633,Explain how to get from your house to the office.,mmm mmm mmm mmm mmm mmm,it,A1,0.485,"[0.457, 0.474, 0.446, 0.559, 0.405, 0.568]",0,1
utt_00634,Introduce yourself and say where you are from.,hola me llamo ana soy de madrid i mean,es,B1,0.813,"[0.9, 0.88, 0.799, 0.919, 0.723, 0.753, 0.789, 0.921, 0.629]",1,3
utt_00635,Explain your plans for the summer holidays.,sommer ich gehe strand,de,A1,0.647,"[0.774, 0.659, 0.502, 0.655]",0,2
utt_00636,Introduce yourself and say where you are from.,me llamo ana,es,A1,0.806,"[0.838, 0.772, 0.807]",1,2
utt_00637,Order a coffee and a pastry at a cafe.,cafe por favor,es,A1,0.662,"[0.723, 0.676, 0.588]",1,1
utt_00638,Describe your typical workday.,morgens arbeit dann zuhause,de,A2,0.695,"[0.786, 0.542, 0.739, 0.714]",0,2
utt_00639,Talk about your favorite hobby and why you like it.,mon passe-temps prefere est le foot parce que j'aime jouer en equipe et cetera,fr,B1,0.711,"[0.671, 0.702, 0.704, 0.721, 0.697, 0.721, 0.755, 0.729, 0.708, 0.705, 0.701, 0.737, 0.694, 0.71]",1,1
utt_00640,Explain your plans for the summer holidays.,sommer ich gehe strand,de,A1,0.512,"[0.534, 0.506, 0.462, 0.547]",1,1
utt_00641,Give your opinion on working from home.,home work is good,en,A2,0.748,"[0.795, 0.735, 0.722, 0.742]",2,1
utt_00642,Ask for directions to the train station.,excusez-moi ou est la gare s'il vous plait,fr,B1,0.63,"[0.629, 0.63, 0.629, 0.631, 0.628, 0.632, 0.627, 0.63]",1,1
utt_00643,Describe your typical workday.,*noise* *noise* *noise*,de,A2,0.722,"[0.73, 0.707, 0.729]",1,1
utt_00644,Explain your plans for the summer holidays.,diesen sommer moechte ich mit meiner familie nach spanien fahren,de,B1,0.7,"[0.816, 0.545, 0.756, 0.524, 0.642, 0.843, 0.672, 0.626, 0.701, 0.877]",1,2
utt_00645,Give your opinion on working from home.,i like home,en,B2,0.622,"[0.754, 0.505, 0.606]",2,1
utt_00646,Talk about your favorite hobby and why you like it.,j'aime le foot,fr,A1,0.715,"[0.646, 0.685, 0.813]",0,1
utt_00647,Describe what you did last weekend.,dormi y comi,es,A1,0.757,"[0.854, 0.741, 0.676]",1,1
utt_00648,Explain how to get from your house to the office.,prendo l'autobus e poi cammino fino all'ufficio,it,B1,0.872,"[1.0, 0.959, 0.885, 0.763, 0.826, 0.816, 0.856]",3,3
utt_00649,Talk about a book or film you enjoyed recently.,i recently enjoyed a film about space travel; the story was really moving,en,B1,0.849,"[0.854, 0.972, 0.878, 0.804, 0.849, 0.831, 0.873, 0.834, 0.832, 0.887, 0.929, 0.765, 0.731]",3,3
utt_00650,Ask for directions to the train station.,ou train,fr,A1,0.901,"[0.919, 0.882]",2,1
utt_00651,Introduce yourself and say where you are from.,hola me llamo ana soy de madrid,es,B1,0.649,"[0.611, 0.681, 0.651, 0.662, 0.684, 0.61, 0.641]",0,1
utt_00652,Talk about a book or film you enjoyed recently.,i watched a good film last week about space,en,B2,0.733,"[0.688, 0.671, 0.693, 0.821, 0.827, 0.649, 0.636, 0.848, 0.768]",2,2
utt_00653,Explain your plans for the summer holidays.,sommer ich gehe strand,de,A1,0.441,"[0.387, 0.31, 0.452, 0.613]",1,1
utt_00654,Talk about a book or film you enjoyed recently.,i like film action,en,A1,0.59,"[0.658, 0.571, 0.621, 0.511]",2,1
utt_00655,Introduce yourself and say where you are from.,"hola, me llamo ana y soy de madrid en espana",es,B2,0.767,"[0.651, 0.797, 0.851, 0.81, 0.791, 0.695, 0.818, 0.739, 0.623, 0.896]",3,3
utt_00656,Give your opinion on working from home.,eh no can,en,A2,0.586,"[0.74, 0.494, 0.523]",1,1
utt_00657,Explain your plans for the summer holidays.,brrr klk,de,B1,0.774,"[0.825, 0.724]",2,2
utt_00658,Introduce yourself and say where you are from.,hola me llamo ana soy de madrid,es,B1,0.729,"[0.701, 0.778, 0.701, 0.762, 0.654, 0.799, 0.71]",1,2
utt_00659,Give your opinion on working from home.,i think working from home is good but sometimes lonely,en,B2,0.645,"[0.596, 0.607, 0.702, 0.592, 0.715, 0.631, 0.615, 0.552, 0.794, 0.648]",2,3
utt_00660,Ask for directions to the train station.,gare s'il vous plait ou,fr,A2,0.678,"[0.687, 0.667, 0.688, 0.673, 0.675]",1,1
utt_00661,Order a coffee and a pastry at a cafe.,cafe por favor i mean,es,A1,0.695,"[0.585, 0.566, 0.799, 0.741, 0.784]",1,1
utt_00662,Ask for directions to the train station.,ou train,fr,A1,0.567,"[0.512, 0.621]",0,1
utt_00663,Ask for directions to the train station.,ou train,fr,A1,0.827,"[0.805, 0.849]",1,2
utt_00664,Ask for directions to the train station.,excusez-moi ou est la gare s'il vous plait franchement,fr,B1,0.966,"[0.909, 1.0, 0.932, 0.995, 0.975, 1.0, 0.885, 1.0, 0.998]",3,4
utt_00665,Describe your typical workday.,"an einem typischen tag fange ich um neun an, beantworte e-mails und habe nachmittags besprechungen und so weiter",de,C1,0.695,"[0.636, 0.76, 0.718, 0.683, 0.645, 0.652, 0.825, 0.697, 0.746, 0.648, 0.648, 0.765, 0.613, 0.671, 0.699, 0.704, 0.686, 0.722]",2,3
utt_00666,Talk about your favorite hobby and why you like it.,mon passe-temps prefere est le foot parce que j'aime jouer en equipe,de,B1,0.645,"[0.67, 0.672, 0.607, 0.634, 0.689, 0.678, 0.593, 0.657, 0.57, 0.646, 0.715, 0.609]",3,2
utt_00667,Order a coffee and a pastry at a cafe.,un cafe croissant,es,A2,0.138,"[0.113, 0.248, 0.053]",1,3
utt_00668,Introduce yourself and say where you are from.,soy de madrid,es,A2,0.497,"[0.508, 0.419, 0.564]",1,1
utt_00669,Explain your plans for the summer holidays.,fuer die sommerferien plane ich nach spanien zu reisen und die kueste zu besuchen,de,B2,0.64,"[0.549, 0.687, 0.506, 0.623, 0.671, 0.813, 0.684, 0.467, 0.652, 0.771, 0.601, 0.689, 0.591, 0.657]",3,2
utt_00670,Order a coffee and a pastry at a cafe.,un cafe croissant,es,A2,0.692,"[0.642, 0.706, 0.727]",1,1
utt_00671,Describe what you did last weekend.,"el fin de semana pasado visite el parque, di un largo paseo y luego cene con viejos amigos",fr,C1,0.826,"[0.747, 0.832, 0.77, 0.862, 0.854, 0.794, 0.762, 0.837, 0.818, 0.962, 0.799, 0.875, 0.804, 0.818, 0.911, 0.815, 0.841, 0.764]",4,3
utt_00672,Talk about a book or film you enjoyed recently.,i like film action,en,A1,0.738,"[0.742, 0.746, 0.75, 0.713]",2,1
utt_00673,Talk about a book or film you enjoyed recently.,i recently watched a film about space travel that i loved - the story was moving and the visuals were stunning i mean,en,B2,0.924,"[0.786, 0.963, 0.986, 0.895, 0.834, 0.999, 0.918, 0.779, 0.877, 0.915, 0.978, 0.945, 0.996, 0.749, 0.998, 0.98, 0.991, 0.907, 0.958, 0.999, 0.919, 0.999, 0.885]",4,4
utt_00674,Talk about your favorite hobby and why you like it.,j'aime le foot,fr,A1,0.721,"[0.618, 0.683, 0.863]",2,2
utt_00675,Describe what you did last weekend.,el fin de semana fui al parque con amigos,es,A2,0.161,"[0.12, 0.193, 0.12, 0.143, 0.202, 0.183, 0.173, 0.137, 0.18]",0,3
utt_00676,Ask for directions to the train station.,ou train well,fr,A1,0.731,"[0.73, 0.741, 0.723]",1,1
utt_00677,Introduce yourself and say where you are from.,soy de madrid,es,A2,0.787,"[0.805, 0.739, 0.817]",3,1
utt_00678,Talk about your favorite hobby and why you like it.,mon passe-temps prefere est le foot; je l'adore car ca me maintient en forme et j'aime le travail d'equipe,fr,B2,0.676,"[0.62, 0.599, 0.696, 0.693, 0.733, 0.647, 0.707, 0.717, 0.709, 0.619, 0.688, 0.704, 0.678, 0.53, 0.689, 0.835, 0.652, 0.626, 0.704]",1,3
utt_00679,Explain your plans for the summer holidays.,urlaub spanien vielleicht well,de,A2,0.537,"[0.541, 0.585, 0.462, 0.562]",0,1
utt_00680,Describe your typical workday.,ich arbeite computer,de,A1,0.575,"[0.575, 0.497, 0.652]",2,1
utt_00681,Introduce yourself and say where you are from.,...,es,A1,0.68,[0.68],2,1
utt_00682,Introduce yourself and say where you are from.,"hola, me llamo ana y soy de madrid en espana",es,C1,0.751,"[0.727, 0.764, 0.816, 0.804, 0.65, 0.8, 0.733, 0.743, 0.743, 0.726]",2,2
utt_00683,Give your opinion on working from home.,"personally i think remote work boosts productivity, but you have to be disciplined to avoid isolation you know",en,B2,0.768,"[0.783, 0.719, 0.768, 0.753, 0.792, 0.627, 0.727, 0.805, 0.785, 0.747, 0.802, 0.714, 0.676, 0.852, 0.757, 0.864, 0.936, 0.709]",4,4
utt_00684,Order a coffee and a pastry at a cafe.,un cafe croissant,es,A2,0.686,"[0.792, 0.679, 0.587]",2,1
utt_00685,Explain how to get from your house to the office.,cammino poi autobus,it,A1,0.633,"[0.596, 0.625, 0.677]",0,1
utt_00686,Describe your typical workday.,morgens arbeit dann zuhause,de,A2,0.805,"[0.804, 0.696, 0.943, 0.779]",1,2
utt_00687,Talk about a book or film you enjoyed recently.,i like film action,en,B1,0.767,"[0.716, 0.806, 0.852, 0.694]",1,1
utt_00688,Introduce yourself and say where you are from.,soy de madrid,es,A2,0.971,"[0.999, 0.944, 0.971]",1,2
utt_00689,Explain your plans for the summer holidays.,diesen sommer moechte ich mit meiner familie nach spanien fahren,de,B1,0.856,"[0.884, 0.917, 0.903, 0.886, 0.783, 0.76, 0.839, 0.892, 0.791, 0.903]",4,3
utt_00690,Introduce yourself and say where you are from.,soy de madrid,es,A2,0.841,"[0.946, 0.785, 0.791]",1,1
utt_00691,Give your opinion on working from home.,i believe working from home is convenient though it can feel isolating well,en,B1,0.828,"[0.864, 0.739, 0.732, 0.897, 0.81, 0.834, 0.782, 0.853, 0.923, 0.781, 0.784, 0.887, 0.878]",2,3
utt_00692,Explain how to get from your house to the office.,cammino poi autobus,it,A1,0.802,"[0.862, 0.821, 0.724]",0,2
utt_00693,Talk about a book or film you enjoyed recently.,book is good,en,A2,0.607,"[0.613, 0.707, 0.501]",0,1
utt_00694,Give your opinion on working from home.,??? ??? xxx,en,A1,0.231,"[0.349, 0.215, 0.129]",2,3
utt_00695,Talk about your favorite hobby and why you like it.,mon passe-temps est le foot le samedi,fr,A2,0.593,"[0.586, 0.607, 0.567, 0.658, 0.613, 0.595, 0.524]",2,1
utt_00696,Talk about your favorite hobby and why you like it.,mon passe-temps prefere est le foot; je l'adore car ca me maintient en forme et j'aime le travail d'equipe bon,fr,B2,0.786,"[0.961, 0.702, 0.79, 0.612, 0.736, 0.755, 0.701, 0.688, 0.862, 0.757, 0.722, 0.894, 0.876, 0.838, 0.871, 0.928, 0.797, 0.716, 0.813, 0.705]",3,3
utt_00697,Introduce yourself and say where you are from.,soy de madrid,es,A2,0.805,"[0.784, 0.916, 0.716]",2,1
utt_00698,Introduce yourself and say where you are from.,hola me llamo ana soy de madrid bueno,es,B1,0.929,"[0.946, 0.846, 1.0, 1.0, 0.844, 0.851, 0.944, 1.0]",2,3
utt_00699,Order a coffee and a pastry at a cafe.,un cafe croissant,es,A2,0.207,"[0.297, 0.158, 0.165]",1,3
utt_00700,Talk about a book or film you enjoyed recently.,i watched a good film last week about space,en,B2,0.717,"[0.772, 0.563, 0.689, 0.615, 0.663, 0.783, 0.745, 0.804, 0.821]",2,2
utt_00701,Talk about a book or film you enjoyed recently.,i recently enjoyed a film about space travel; the story was really moving,en,C1,0.831,"[0.829, 0.824, 0.995, 0.892, 0.823, 0.762, 0.775, 0.745, 0.895, 0.714, 0.784, 0.877, 0.885]",3,3
utt_00702,Talk about a book or film you enjoyed recently.,no sé,en,A1,0.766,"[0.802, 0.731]",0,1
utt_00703,Describe your typical workday.,"an einem typischen tag fange ich um neun an, beantworte e-mails und habe nachmittags besprechungen also",de,C1,0.57,"[0.447, 0.432, 0.552, 0.677, 0.668, 0.727, 0.492, 0.377, 0.705, 0.531, 0.407, 0.632, 0.699, 0.604, 0.569, 0.6]",2,2
utt_00704,Give your opinion on working from home.,i like home,en,A1,0.485,"[0.357, 0.463, 0.634]",0,1
utt_00705,Describe what you did last weekend.,el fin de semana pasado fui al parque y luego cene con unos amigos la verdad,es,B1,0.867,"[0.859, 0.795, 0.836, 0.918, 0.905, 0.894, 0.818, 0.871, 0.74, 0.895, 0.977, 0.786, 0.845, 0.905, 0.966, 0.854]",1,3
utt_00706,Explain your plans for the summer holidays.,sommer ich gehe strand,de,A1,0.276,"[0.223, 0.101, 0.299, 0.483]",1,1
utt_00707,Give your opinion on working from home.,i think working from home is good but sometimes lonely,en,A1,0.833,"[0.765, 0.732, 0.829, 0.843, 0.813, 0.83, 0.858, 0.879, 0.86, 0.918]",1,3
utt_00708,Describe your typical workday.,ich arbeite computer,de,A1,0.584,"[0.592, 0.563, 0.596]",2,1
utt_00709,Order a coffee and a pastry at a cafe.,un cafe croissant,es,A2,0.834,"[0.833, 0.77, 0.899]",2,2
utt_00710,Give your opinion on working from home.,i believe working from home is convenient though it can feel isolating i mean,en,B1,0.656,"[0.702, 0.67, 0.504, 0.586, 0.629, 0.725, 0.667, 0.554, 0.658, 0.711, 0.781, 0.698, 0.816, 0.478]",3,4
utt_00711,Talk about your favorite hobby and why you like it.,mon passe-temps prefere est le foot; je l'adore car ca me maintient en forme et j'aime le travail d'equipe tu vois,fr,C1,0.735,"[0.767, 0.757, 0.708, 0.819, 0.788, 0.729, 0.804, 0.732, 0.718, 0.719, 0.67, 0.779, 0.667, 0.696, 0.655, 0.752, 0.748, 0.74, 0.705, 0.699, 0.778]",3,2
utt_00712,Order a coffee and a pastry at a cafe.,"podria darme un cafe y un de chocolate, por favor? gracias sabes well",es,B2,0.603,"[0.563, 0.624, 0.54, 0.614, 0.692, 0.642, 0.573, 0.62, 0.585, 0.602, 0.579, 0.59, 0.616]",2,1
utt_00713,Give your opinion on working from home.,i like home,en,A2,0.878,"[0.845, 0.883, 0.905]",1,1
utt_00714,Ask for directions to the train station.,gare s'il vous plait ou,fr,A2,0.516,"[0.537, 0.535, 0.503, 0.486, 0.518]",1,1
utt_00715,Describe your typical workday.,morgens arbeit dann zuhause,de,A2,0.496,"[0.512, 0.429, 0.54, 0.502]",2,1
utt_00716,Explain how to get from your house to the office.,prendo l'autobus numero dieci e poi cammino cinque minuti fino all'ufficio sinceramente,it,B2,0.648,"[0.53, 0.738, 0.75, 0.607, 0.719, 0.618, 0.694, 0.586, 0.544, 0.656, 0.676, 0.655]",4,2
utt_00717,Talk about a book or film you enjoyed recently.,i watched a good film last week about space,en,A2,0.709,"[0.702, 0.659, 0.753, 0.826, 0.663, 0.61, 0.692, 0.735, 0.74]",1,2
utt_00718,Talk about a book or film you enjoyed recently.,i watched a good film last week about space,en,A2,0.535,"[0.559, 0.6, 0.438, 0.529, 0.519, 0.556, 0.52, 0.493, 0.601]",3,1
utt_00719,Explain your plans for the summer holidays.,sommer ich gehe strand,de,A1,0.668,"[0.803, 0.659, 0.566, 0.644]",1,2
utt_00720,Introduce yourself and say where you are from.,me llamo ana,es,A1,0.502,"[0.436, 0.506, 0.565]",4,1
utt_00721,Order a coffee and a pastry at a cafe.,quisiera un cafe y un croissant por favor,es,B1,0.905,"[0.888, 0.904, 0.844, 0.973, 0.808, 0.925, 0.974, 0.925]",3,3
utt_00722,Explain your plans for the summer holidays.,sommer ich gehe strand,de,A1,0.55,"[0.552, 0.545, 0.576, 0.527]",1,1
utt_00723,Explain how to get from your house to the office.,prendo autobus ufficio,it,A2,0.705,"[0.627, 0.675, 0.813]",3,1
utt_00724,Describe what you did last weekend.,el de semana pasado fui al parque y luego cene con unos amigos i mean,es,B1,0.826,"[0.862, 0.756, 0.808, 0.784, 0.776, 0.909, 0.724, 0.959, 0.897, 0.918, 0.796, 0.82, 0.719, 0.791, 0.871]",4,2
utt_00725,Talk about a book or film you enjoyed recently.,i recently enjoyed a film about space travel; the story was really moving you know,en,A2,0.569,"[0.432, 0.577, 0.507, 0.656, 0.4, 0.539, 0.584, 0.447, 0.565, 0.643, 0.706, 0.687, 0.479, 0.665, 0.643]",3,2
utt_00726,Explain your plans for the summer holidays.,sommer ich gehe strand,de,A1,0.685,"[0.776, 0.617, 0.666, 0.68]",2,2
utt_00727,Describe your typical workday.,ich arbeite computer well,de,A1,0.625,"[0.624, 0.628, 0.59, 0.659]",2,1
utt_00728,Explain how to get from your house to the office.,prendo l'autobus e poi cammino fino all'ufficio,it,B1,0.713,"[0.623, 0.807, 0.685, 0.734, 0.71, 0.679, 0.752]",1,2
utt_00729,Describe what you did last weekend.,el fin de semana pasado fui al parque y luego cene con unos amigos,es,B1,0.761,"[0.755, 0.75, 0.737, 0.774, 0.82, 0.767, 0.797, 0.715, 0.768, 0.725, 0.712, 0.737, 0.804, 0.795]",1,2
utt_00730,Talk about your favorite hobby and why you like it.,j'aime le foot,fr,A1,0.55,"[0.601, 0.479, 0.571]",1,1
utt_00731,Explain your plans for the summer holidays.,sommer ich gehe strand,de,A1,0.658,"[0.595, 0.774, 0.551, 0.713]",1,1
utt_00732,Explain your plans for the summer holidays.,diesen sommer moechte ich mit meiner familie nach spanien fahren,de,B1,0.738,"[0.749, 0.747, 0.709, 0.727, 0.742, 0.753, 0.703, 0.74, 0.746, 0.759]",0,1
utt_00733,Explain how to get from your house to the office.,cammino poi autobus,it,A1,0.73,"[0.769, 0.761, 0.659]",2,1
utt_00734,Describe your typical workday.,"an einem typischen tag fange ich um neun an, beantworte e-mails und habe nachmittags besprechungen ehrlich gesagt",de,B2,0.953,"[0.828, 0.931, 1.0, 1.0, 1.0, 0.987, 0.984, 0.92, 0.949, 1.0, 0.894, 1.0, 0.936, 1.0, 0.862, 0.998, 0.908]",3,4
utt_00735,Introduce yourself and say where you are from.,soy de madrid,es,A2,0.942,"[0.861, 0.964, 1.0]",4,3
utt_00736,Describe what you did last weekend.,dormi y comi,es,A1,0.591,"[0.587, 0.512, 0.673]",2,1
utt_00737,Give your opinion on working from home.,...,en,A1,0.796,[0.796],0,1
utt_00738,Describe what you did last weekend.,el fin de semana fui al parque con amigos,es,A2,0.654,"[0.645, 0.671, 0.687, 0.646, 0.723, 0.658, 0.635, 0.585, 0.638]",2,1
utt_00739,Talk about your favorite hobby and why you like it.,mon passe-temps est le foot le samedi,fr,A2,0.625,"[0.607, 0.643, 0.629, 0.583, 0.621, 0.635, 0.658]",0,1
utt_00740,Introduce yourself and say where you are from.,hola me llamo ana soy de madrid o sea,es,B1,0.679,"[0.751, 0.739, 0.671, 0.703, 0.786, 0.537, 0.632, 0.591, 0.702]",1,2
utt_00741,Give your opinion on working from home.,the the the ??? ??? uh uh,en,B1,0.198,"[0.267, 0.314, 0.186, 0.201, 0.05, 0.11, 0.257]",1,3
utt_00742,Describe your typical workday.,"an einem typischen tag fange ich um neun an, beantworte e-mails und habe nachmittags besprechungen sozusagen",de,C1,0.795,"[0.838, 0.79, 0.795, 0.805, 0.882, 0.879, 0.767, 0.927, 0.831, 0.737, 0.863, 0.652, 0.895, 0.606, 0.772, 0.674]",3,4
utt_00743,Ask for directions to the train station.,ou train,fr,A1,0.771,"[0.814, 0.729]",1,2
utt_00744,Order a coffee and a pastry at a cafe.,cafe por favor,es,A1,0.728,"[0.64, 0.739, 0.806]",0,1
utt_00745,Order a coffee and a pastry at a cafe.,un cafe croissant,es,A2,0.963,"[0.976, 0.971, 0.941]",3,3
utt_00746,Talk about a book or film you enjoyed recently.,i watched a good film last week about space,en,B1,0.735,"[0.691, 0.772, 0.881, 0.632, 0.792, 0.746, 0.617, 0.779, 0.704]",3,2
utt_00747,Ask for directions to the train station.,excusez-moi ou est la gare s'il vous plait en fait,fr,B1,0.925,"[0.836, 0.968, 0.869, 1.0, 0.972, 0.888, 0.885, 0.923, 0.912, 1.0]",3,3
utt_00748,Talk about your favorite hobby and why you like it.,mon passe-temps est le foot le samedi,fr,A2,0.747,"[0.741, 0.687, 0.843, 0.733, 0.776, 0.694, 0.752]",1,2
utt_00749,Give your opinion on working from home.,i like home,en,A2,0.699,"[0.687, 0.748, 0.661]",2,1
utt_00750,Introduce yourself and say where you are from.,soy de madrid,es,A2,0.806,"[0.82, 0.635, 0.963]",3,1
utt_00751,Talk about your favorite hobby and why you like it.,j'aime le foot,de,A1,0.617,"[0.716, 0.491, 0.644]",1,1
utt_00752,Describe your typical workday.,ich fange um neun uhr an zu arbeiten und benutze den ganzen tag den computer,de,B1,0.757,"[0.811, 0.698, 0.651, 0.748, 0.73, 0.748, 0.737, 0.758, 0.821, 0.762, 0.654, 0.815, 0.834, 0.935, 0.649]",3,3
utt_00753,Describe your typical workday.,"an einem typischen tag fange ich um neun an, beantworte e-mails und habe nachmittags besprechungen sozusagen",de,B2,0.858,"[0.894, 0.763, 0.912, 0.85, 0.989, 0.837, 0.785, 0.854, 0.769, 0.923, 0.764, 0.882, 0.764, 0.862, 0.973, 0.901]",3,4
utt_00754,Explain how to get from your house to the office.,cammino poi autobus,it,A1,0.774,"[0.727, 0.795, 0.799]",3,2
utt_00755,Describe your typical workday.,morgens arbeit dann zuhause,de,A2,0.817,"[0.909, 0.771, 0.917, 0.671]",3,3
utt_00756,Explain your plans for the summer holidays.,diesen sommer moechte ich mit meiner familie nach spanien fahren,de,B1,0.685,"[0.67, 0.678, 0.746, 0.709, 0.623, 0.648, 0.72, 0.703, 0.673, 0.679]",1,2
utt_00757,Give your opinion on working from home.,i believe working from home is convenient though it can feel isolating to be honest,en,A1,0.84,"[0.791, 0.803, 0.868, 0.793, 0.879, 0.834, 0.764, 0.911, 0.812, 0.932, 0.814, 0.864, 0.822, 0.844, 0.866]",3,4
utt_00758,Describe what you did last weekend.,el fin de semana pasado fui al parque y luego cene con unos amigos,es,B1,0.747,"[0.774, 0.723, 0.741, 0.835, 0.685, 0.667, 0.777, 0.716, 0.731, 0.712, 0.734, 0.811, 0.778, 0.781]",2,2
utt_00759,Give your opinion on working from home.,i like home,en,A2,0.674,"[0.641, 0.698, 0.683]",1,1
utt_00760,Order a coffee and a pastry at a cafe.,cafe por favor,es,A1,0.715,"[0.731, 0.741, 0.674]",2,1
utt_00761,Explain your plans for the summer holidays.,sommer ich gehe strand well,de,A1,0.678,"[0.615, 0.74, 0.709, 0.657, 0.671]",2,2
utt_00762,Describe what you did last weekend.,el fin de semana fui al parque con amigos well,es,A2,0.861,"[0.79, 0.861, 0.906, 0.716, 0.869, 0.919, 0.812, 0.901, 1.0, 0.837]",3,3
utt_00763,Explain how to get from your house to the office.,prendo l'autobus numero dieci e poi cammino cinque minuti fino all'ufficio sinceramente,it,B2,0.764,"[0.778, 0.662, 0.756, 0.785, 0.758, 0.634, 0.759, 0.887, 0.783, 0.836, 0.713, 0.814]",3,3
utt_00764,Introduce yourself and say where you are from.,hola me llamo ana soy de madrid o sea,es,B1,0.885,"[0.819, 0.979, 0.845, 0.891, 0.849, 0.76, 0.992, 0.869, 0.962]",2,3
utt_00765,Ask for directions to the train station.,[inaudible] brrr klk mmm mmm,fr,B1,0.648,"[0.695, 0.609, 0.698, 0.607, 0.632]",2,1
utt_00766,Give your opinion on working from home.,i think working from home is good but sometimes lonely,en,A1,0.705,"[0.569, 0.79, 0.538, 0.835, 0.673, 0.827, 0.803, 0.545, 0.676, 0.792]",2,3
utt_00767,Explain how to get from your house to the office.,cammino poi autobus,it,A1,0.63,"[0.649, 0.654, 0.587]",1,1
utt_00768,Talk about your favorite hobby and why you like it.,mon passe-temps est le foot le samedi,fr,A2,0.801,"[0.882, 0.849, 0.764, 0.708, 0.801, 0.781, 0.819]",2,2
utt_00769,Give your opinion on working from home.,i think working from home is good but sometimes lonely,en,A1,0.618,"[0.576, 0.633, 0.643, 0.77, 0.665, 0.478, 0.767, 0.506, 0.601, 0.538]",2,3
utt_00770,Explain your plans for the summer holidays.,sommer ich gehe strand,de,A1,0.848,"[0.872, 0.775, 0.871, 0.875]",2,3
utt_00771,Describe what you did last weekend.,el fin de semana fui al parque con amigos,es,A2,0.733,"[0.758, 0.654, 0.839, 0.56, 0.81, 0.691, 0.775, 0.715, 0.797]",2,2
utt_00772,Order a coffee and a pastry at a cafe.,"podria darme un cafe y un croissant de chocolate, por favor? gracias bueno",es,B2,0.144,"[0.125, 0.064, 0.28, 0.148, 0.177, 0.264, 0.069, 0.209, 0.107, 0.147, 0.164, 0.029, 0.091]",3,2
utt_00773,Talk about your favorite hobby and why you like it.,mon passe-temps prefere est le foot; je l'adore car ca me maintient en forme et j'aime le travail d'equipe franchement,fr,B2,0.774,"[0.883, 0.844, 0.765, 0.791, 0.746, 0.883, 0.754, 0.79, 0.866, 0.706, 0.9, 0.643, 0.906, 0.739, 0.75, 0.613, 0.733, 0.684, 0.72, 0.759]",4,3
utt_00774,Describe your typical workday.,ich fange um neun uhr an zu arbeiten und benutze den ganzen tag den computer,de,B1,0.939,"[0.986, 0.941, 0.947, 0.862, 0.875, 1.0, 0.884, 1.0, 0.914, 0.929, 0.993, 1.0, 0.922, 0.905, 0.925]",4,3
utt_00775,Talk about your favorite hobby and why you like it.,mon passe-temps prefere est le foot; je l'adore car ca me maintient en forme et j'aime le travail d'equipe franchement,fr,B2,0.826,"[0.843, 0.882, 0.82, 0.863, 0.933, 0.846, 0.841, 0.715, 0.637, 0.847, 0.813, 0.784, 0.837, 0.816, 0.898, 0.826, 0.768, 0.889, 0.805, 0.856]",2,3
utt_00776,Talk about your favorite hobby and why you like it.,j'aime le foot,fr,A1,0.677,"[0.664, 0.646, 0.722]",0,1
utt_00777,Ask for directions to the train station.,gare vous plait ou well,fr,A2,0.434,"[0.457, 0.483, 0.442, 0.355, 0.432]",0,1
utt_00778,Talk about a book or film you enjoyed recently.,i recently enjoyed a film about space travel; the story was really moving,en,A1,0.715,"[0.739, 0.738, 0.717, 0.605, 0.858, 0.771, 0.519, 0.694, 0.61, 0.586, 0.809, 0.869, 0.783]",4,3
utt_00779,Explain your plans for the summer holidays.,sommer ich gehe strand,de,A1,0.571,"[0.606, 0.595, 0.512, 0.572]",0,2
utt_00780,Explain your plans for the summer holidays.,diesen sommer moechte ich mit meiner familie nach spanien fahren,de,B1,0.852,"[0.935, 0.851, 0.855, 0.949, 0.819, 0.756, 0.862, 0.837, 0.8, 0.86]",3,3
utt_00781,Introduce yourself and say where you are from.,"hola, me llamo ana y soy de madrid en espana etcetera",es,B2,0.877,"[0.914, 0.874, 0.9, 1.0, 0.848, 0.897, 0.835, 0.808, 0.829, 0.837, 0.904]",2,4
utt_00782,Describe your typical workday.,xxx,de,B2,1.0,[1.0],4,2
utt_00783,Explain your plans for the summer holidays.,urlaub spanien vielleicht,de,A2,0.698,"[0.614, 0.718, 0.763]",1,2
utt_00784,Explain your plans for the summer holidays.,sommer ich gehe strand,de,A1,0.417,"[0.35, 0.389, 0.435, 0.494]",1,1
utt_00785,Describe your typical workday.,ich arbeite computer you know,de,A1,0.373,"[0.418, 0.464, 0.299, 0.3, 0.384]",0,1
utt_00786,Explain how to get from your house to the office.,cammino poi autobus you know,it,A1,0.681,"[0.804, 0.603, 0.494, 0.764, 0.739]",1,2
utt_00787,Explain how to get from your house to the office.,prendo autobus ufficio,it,A2,0.963,"[0.961, 0.963, 0.964]",3,1
utt_00788,Explain your plans for the summer holidays.,urlaub spanien vielleicht,de,A2,0.856,"[0.857, 0.847, 0.863]",0,1
utt_00789,Ask for directions to the train station.,gare s'il vous plait ou,fr,A2,0.763,"[0.7, 0.773, 0.763, 0.795, 0.785]",2,2
utt_00790,Explain how to get from your house to the office.,prendo autobus ufficio,it,A2,0.701,"[0.773, 0.605, 0.726]",4,1
utt_00791,Explain your plans for the summer holidays.,diesen sommer moechte ich mit meiner familie nach spanien fahren weißt du,de,B1,0.769,"[0.803, 0.898, 0.727, 0.786, 0.63, 0.587, 0.824, 0.761, 0.848, 0.661, 0.8, 0.899]",2,2
utt_00792,Talk about a book or film you enjoyed recently.,no sé,en,A2,0.756,"[0.838, 0.674]",0,1
utt_00793,Introduce yourself and say where you are from.,soy de madrid,es,A2,0.762,"[0.77, 0.764, 0.752]",2,1
utt_00794,Describe what you did last weekend.,dormi y comi,es,A1,0.416,"[0.351, 0.498, 0.399]",0,1
utt_00795,Talk about a book or film you enjoyed recently.,i like film action,en,A1,0.699,"[0.747, 0.778, 0.779, 0.492]",2,1
utt_00796,Explain your plans for the summer holidays.,fuer die sommerferien plane ich nach spanien zu reisen und die kueste zu besuchen und so weiter,de,C1,0.245,"[0.27, 0.156, 0.177, 0.322, 0.223, 0.323, 0.238, 0.14, 0.292, 0.21, 0.281, 0.244, 0.157, 0.252, 0.364, 0.27, 0.239]",2,4
utt_00797,Explain your plans for the summer holidays.,urlaub spanien vielleicht,de,A2,0.887,"[0.85, 0.989, 0.822]",2,2
utt_00798,Talk about your favorite hobby and why you like it.,mon passe-temps prefere est le foot; je l'adore car ca me maintient en forme et j'aime le travail d'equipe bon,fr,B2,0.856,"[0.935, 0.868, 0.868, 0.767, 0.87, 0.932, 0.787, 0.962, 0.845, 0.783, 0.929, 0.83, 0.911, 0.829, 0.847, 0.89, 0.874, 0.697, 0.765, 0.924]",4,3
utt_00799,Talk about a book or film you enjoyed recently.,book is good,en,A1,0.443,"[0.511, 0.284, 0.534]",1,1
utt_00800,Give your opinion on working from home.,i think working from home is good but sometimes lonely,en,B2,0.821,"[0.716, 0.748, 0.676, 0.902, 0.798, 0.955, 0.875, 0.802, 0.853, 0.88]",2,3
utt_00801,Explain your plans for the summer holidays.,sommer ich gehe you know,de,A1,0.667,"[0.693, 0.681, 0.657, 0.665, 0.637]",1,2
utt_00802,Talk about your favorite hobby and why you like it.,j'aime le foot,fr,A1,0.651,"[0.68, 0.648, 0.625]",1,1
utt_00803,Describe your typical workday.,ich fange um neun uhr an zu arbeiten und benutze den ganzen tag den computer,de,B1,0.866,"[0.846, 0.883, 1.0, 0.722, 0.951, 0.935, 0.785, 0.869, 0.813, 0.868, 0.981, 0.904, 0.895, 0.815, 0.725]",3,3
utt_00804,Explain your plans for the summer holidays.,fuer die sommerferien plane ich nach spanien zu reisen und die kueste zu besuchen,de,C1,0.909,"[0.937, 1.0, 0.853, 0.884, 0.959, 0.888, 0.9, 0.924, 0.864, 0.889, 0.996, 0.867, 0.849, 0.911]",4,4
utt_00805,Describe what you did last weekend.,el fin de semana pasado fui al parque y luego cene con unos amigos o sea,es,B1,0.658,"[0.708, 0.641, 0.621, 0.658, 0.528, 0.691, 0.683, 0.625, 0.728, 0.573, 0.737, 0.666, 0.631, 0.653, 0.647, 0.743]",2,2
utt_00806,Describe your typical workday.,ich arbeite computer,de,A1,0.758,"[0.705, 0.725, 0.844]",4,2
utt_00807,Describe what you did last weekend.,dormi y comi,es,A1,0.574,"[0.474, 0.592, 0.655]",1,1
utt_00808,Talk about your favorite hobby and why you like it.,mon passe-temps est le foot le samedi,fr,A2,0.339,"[0.324, 0.367, 0.294, 0.37, 0.348, 0.359, 0.314]",1,1
utt_00809,Explain how to get from your house to the office.,cammino poi autobus,it,A1,0.548,"[0.523, 0.615, 0.505]",0,1
utt_00810,Explain your plans for the summer holidays.,fuer die sommerferien plane ich nach spanien zu reisen und die kueste zu besuchen,de,B2,0.832,"[0.819, 0.964, 0.878, 1.0, 0.974, 0.781, 0.859, 0.85, 0.674, 0.748, 0.791, 0.622, 0.861, 0.827]",1,3
utt_00811,Explain how to get from your house to the office.,prendo l'autobus e poi cammino fino all'ufficio sinceramente,it,B1,0.579,"[0.476, 0.595, 0.613, 0.585, 0.553, 0.606, 0.611, 0.589]",2,2
utt_00812,Order a coffee and a pastry at a cafe.,cafe por favor,es,A1,0.808,"[0.747, 0.811, 0.865]",2,2
utt_00813,Explain how to get from your house to the office.,prendo l'autobus e poi cammino fino all'ufficio sai you know,it,B1,0.458,"[0.422, 0.716, 0.43, 0.491, 0.414, 0.512, 0.298, 0.428, 0.368, 0.502]",1,2
utt_00814,Explain your plans for the summer holidays.,sommer ich strand well,de,A1,0.615,"[0.667, 0.64, 0.405, 0.748]",1,1
utt_00815,Talk about a book or film you enjoyed recently.,i watched a good film last week about space,en,B1,0.806,"[0.789, 0.831, 0.775, 0.952, 0.738, 0.719, 0.716, 0.844, 0.892]",2,2
utt_00816,Explain your plans for the summer holidays.,urlaub spanien vielleicht,de,A2,0.826,"[0.857, 0.776, 0.846]",4,3
utt_00817,Order a coffee and a pastry at a cafe.,xxx,es,A1,0.759,[0.759],3,1
utt_00818,Explain how to get from your house to the office.,prendo l'autobus numero dieci e poi cammino cinque minuti fino all'ufficio sinceramente,it,C1,0.905,"[0.875, 0.925, 0.879, 0.89, 0.874, 0.832, 0.922, 0.947, 0.943, 0.96, 0.932, 0.883]",4,3
utt_00819,Talk about a book or film you enjoyed recently.,i recently enjoyed a film about space travel; the story was really moving,en,A2,0.8,"[0.929, 0.69, 0.963, 0.713, 0.814, 0.759, 0.784, 0.763, 0.846, 0.811, 0.709, 0.824, 0.795]",3,2
utt_00820,Order a coffee and a pastry at a cafe.,quisiera un cafe y un croissant por favor,es,B1,0.717,"[0.765, 0.612, 0.644, 0.639, 0.782, 0.772, 0.74, 0.781]",2,1
utt_00821,Talk about your favorite hobby and why you like it.,mon passe-temps est le foot le samedi,fr,A2,0.566,"[0.521, 0.581, 0.558, 0.606, 0.558, 0.545, 0.591]",1,1
utt_00822,Explain how to get from your house to the office.,prendo autobus ufficio well,it,A2,0.575,"[0.614, 0.556, 0.596, 0.533]",1,1
utt_00823,Introduce yourself and say where you are from.,"hola, me llamo ana y soy de madrid en espana etcetera",es,B2,0.641,"[0.745, 0.638, 0.68, 0.611, 0.51, 0.698, 0.727, 0.703, 0.549, 0.66, 0.53]",1,2
utt_00824,Ask for directions to the train station.,gare s'il vous plait ou,fr,A2,0.946,"[1.0, 0.866, 1.0, 0.989, 0.877]",3,3
utt_00825,Ask for directions to the train station.,gare s'il vous plait ou,fr,A2,0.373,"[0.323, 0.424, 0.343, 0.407, 0.367]",3,1
utt_00826,Talk about your favorite hobby and why you like it.,mon passe-temps est le foot le samedi,fr,A2,0.844,"[0.789, 0.77, 0.871, 0.839, 0.839, 0.891, 0.91]",2,2
utt_00827,Introduce yourself and say where you are from.,hola me llamo ana soy de madrid,es,B1,0.829,"[0.811, 0.807, 0.862, 0.741, 0.844, 0.865, 0.873]",4,2
utt_00828,Explain how to get from your house to the office.,cammino poi autobus,it,A1,0.641,"[0.644, 0.682, 0.598]",1,1
utt_00829,Talk about your favorite hobby and why you like it.,j'aime le foot,fr,A1,0.347,"[0.31, 0.369, 0.363]",0,1
utt_00830,Describe your typical workday.,ich fange um neun uhr an zu arbeiten und benutze den ganzen tag den computer also,de,B1,0.108,"[0.097, 0.119, 0.178, 0.062, 0.062, 0.158, 0.108, 0.165, 0.108, 0.024, 0.014, 0.001, 0.129, 0.16, 0.198, 0.14]",0,2
utt_00831,Describe your typical workday.,ich arbeite computer,de,A1,0.745,"[0.865, 0.711, 0.659]",0,3
utt_00832,Talk about your favorite hobby and why you like it.,mon passe-temps prefere est le foot; je l'adore car ca me maintient en forme et j'aime le travail d'equipe,fr,C1,0.894,"[0.94, 0.905, 0.88, 0.903, 0.898, 0.975, 0.976, 0.916, 0.94, 0.913, 0.834, 0.933, 0.759, 0.957, 0.775, 0.895, 0.803, 0.916, 0.869]",4,4
utt_00833,Describe your typical workday.,morgens arbeit dann zuhause,de,A2,0.686,"[0.604, 0.724, 0.664, 0.751]",1,1
utt_00834,Talk about a book or film you enjoyed recently.,i watched a good film last week about space,en,A1,0.805,"[0.8, 0.92, 0.747, 0.906, 0.705, 0.703, 0.869, 0.795, 0.8]",2,2
utt_00835,Explain how to get from your house to the office.,brrr klk,it,A1,0.696,"[0.686, 0.705]",1,1
utt_00836,Give your opinion on working from home.,xxx brrr klk *noise* mmm mmm,en,A1,0.201,"[0.268, 0.209, 0.277, 0.114, 0.158, 0.181]",2,3
utt_00837,Explain how to get from your house to the office.,prendo l'autobus numero dieci e poi cammino cinque minuti fino all'ufficio,it,B2,0.669,"[0.691, 0.647, 0.676, 0.748, 0.582, 0.582, 0.66, 0.649, 0.675, 0.748, 0.699]",2,1
utt_00838,Ask for directions to the train station.,"pardon, pourriez-vous me dire comment aller a la gare? tu vois",fr,C1,0.846,"[0.811, 0.836, 0.845, 0.935, 0.992, 0.821, 0.951, 0.727, 0.794, 0.811, 0.783]",4,3
utt_00839,Order a coffee and a pastry at a cafe.,un cafe croissant,es,A2,0.556,"[0.49, 0.607, 0.57]",2,2
utt_00840,Introduce yourself and say where you are from.,hola me llamo ana soy de madrid la verdad,es,B1,0.923,"[0.946, 0.968, 0.939, 0.965, 0.916, 0.84, 0.993, 0.881, 0.857]",4,2
utt_00841,Talk about your favorite hobby and why you like it.,mon passe-temps prefere est le foot; je l'adore car ca me maintient en forme et j'aime le travail d'equipe,fr,B2,0.288,"[0.267, 0.226, 0.253, 0.295, 0.296, 0.227, 0.249, 0.336, 0.304, 0.391, 0.341, 0.339, 0.2, 0.318, 0.273, 0.246, 0.286, 0.328, 0.304]",3,4
utt_00842,Explain how to get from your house to the office.,prendo autobus ufficio,it,A2,0.658,"[0.617, 0.725, 0.633]",1,1
utt_00843,Talk about your favorite hobby and why you like it.,mon passe-temps prefere est le foot; je l'adore car ca me maintient en forme et j'aime le travail d'equipe,de,B2,0.971,"[0.983, 0.96, 0.964, 1.0, 0.927, 1.0, 0.892, 0.947, 0.99, 0.999, 0.969, 0.971, 0.992, 0.963, 1.0, 1.0, 1.0, 0.93, 0.97]",4,4
utt_00844,Explain your plans for the summer holidays.,diesen sommer moechte ich mit meiner familie nach spanien fahren,de,B1,0.326,"[0.31, 0.273, 0.345, 0.298, 0.36, 0.27, 0.416, 0.279, 0.337, 0.367]",3,2
utt_00845,Order a coffee and a pastry at a cafe.,"podria darme un cafe y un croissant de chocolate, por favor? gracias",es,B2,0.83,"[0.806, 0.897, 0.764, 0.935, 0.843, 0.804, 0.823, 0.894, 0.805, 0.795, 0.828, 0.767]",3,3
utt_00846,Explain how to get from your house to the office.,prendo l'autobus numero dieci e poi cammino cinque minuti fino all'ufficio,it,C1,0.838,"[0.798, 0.833, 0.793, 0.867, 0.764, 0.876, 0.916, 0.857, 0.916, 0.824, 0.775]",2,4
utt_00847,Talk about your favorite hobby and why you like it.,mon passe-temps est le foot le samedi,fr,A2,0.96,"[1.0, 0.917, 0.999, 0.963, 0.892, 0.95, 0.997]",4,3
utt_00848,Introduce yourself and say where you are from.,soy de madrid,es,A2,0.772,"[0.714, 0.807, 0.796]",2,1
utt_00849,Describe what you did last weekend.,el fin de semana pasado fui al parque y luego cene con unos amigos,es,B1,0.858,"[0.917, 0.829, 0.789, 0.819, 0.871, 0.893, 0.718, 0.858, 0.868, 0.84, 0.941, 0.885, 0.943, 0.844]",3,3
utt_00850,Ask for directions to the train station.,excusez-moi ou est la gare s'il vous plait tu vois,fr,B1,0.668,"[0.704, 0.741, 0.724, 0.597, 0.641, 0.636, 0.681, 0.691, 0.61, 0.658]",0,1
utt_00851,Explain how to get from your house to the office.,prendo autobus ufficio,it,A2,0.664,"[0.581, 0.754, 0.656]",0,1
utt_00852,Ask for directions to the train station.,ou train,fr,A1,0.655,"[0.549, 0.761]",1,2
utt_00853,Ask for directions to the train station.,gare s'il vous plait ou,fr,A2,0.791,"[0.821, 0.796, 0.895, 0.625, 0.816]",2,2
utt_00854,Explain how to get from your house to the office.,prendo autobus ufficio,it,A2,0.559,"[0.57, 0.548, 0.559]",1,1
utt_00855,Introduce yourself and say where you are from.,soy de madrid,es,A2,0.863,"[0.82, 0.79, 0.98]",1,1
utt_00856,Introduce yourself and say where you are from.,*noise* *noise* *noise*,es,A2,0.473,"[0.415, 0.514, 0.489]",0,1
utt_00857,Order a coffee and a pastry at a cafe.,"podria darme un cafe y un croissant de chocolate, por favor? gracias",es,B2,0.967,"[1.0, 0.955, 0.953, 1.0, 0.988, 0.929, 0.959, 0.987, 1.0, 0.955, 0.889, 0.991]",2,4
utt_00858,Describe what you did last weekend.,el fin de semana fui al parque con amigos you know,es,A2,0.734,"[0.673, 0.622, 0.569, 0.806, 0.761, 0.738, 0.843, 0.794, 0.858, 0.662, 0.751]",4,3
utt_00859,Introduce yourself and say where you are from.,me llamo ana,es,A1,0.741,"[0.697, 0.763, 0.762]",1,1
utt_00860,Describe your typical workday.,ich fange um neun uhr an zu arbeiten und benutze den ganzen tag den computer also,de,B1,0.785,"[0.813, 0.779, 0.813, 0.818, 0.905, 0.757, 0.72, 0.791, 0.728, 0.864, 0.759, 0.742, 0.748, 0.819, 0.766, 0.737]",2,3
utt_00861,Order a coffee and a pastry at a cafe.,quisiera un cafe y un croissant por favor o sea,es,B1,0.888,"[1.0, 0.825, 0.895, 0.943, 0.764, 0.93, 0.809, 0.956, 0.817, 0.946]",2,3
utt_00862,Talk about a book or film you enjoyed recently.,i like film action,en,A1,0.549,"[0.534, 0.752, 0.46, 0.451]",1,1
utt_00863,Explain your plans for the summer holidays.,diesen sommer moechte ich mit meiner familie nach spanien fahren weißt du,de,B1,0.622,"[0.703, 0.687, 0.646, 0.614, 0.591, 0.727, 0.582, 0.56, 0.674, 0.576, 0.566, 0.533]",2,2
utt_00864,Explain how to get from your house to the office.,prendo l'autobus e poi cammino fino well,it,B1,0.594,"[0.589, 0.592, 0.595, 0.601, 0.597, 0.591, 0.591]",2,1
utt_00865,Describe what you did last weekend.,dormi y comi,es,A1,0.628,"[0.616, 0.691, 0.578]",1,1
utt_00866,Talk about your favorite hobby and why you like it.,mon passe-temps prefere est le foot; je l'adore car ca me maintient en forme et j'aime le travail d'equipe tu vois,fr,B2,0.786,"[0.73, 0.691, 0.658, 0.815, 0.809, 0.808, 0.756, 0.87, 0.729, 0.837, 0.762, 0.72, 0.81, 0.796, 0.792, 0.771, 0.763, 0.944, 0.854, 0.819, 0.774]",4,3
utt_00867,Order a coffee and a pastry at a cafe.,"podria darme un cafe y un croissant de chocolate, por favor? gracias la verdad",es,C1,0.687,"[0.76, 0.73, 0.699, 0.679, 0.693, 0.501, 0.711, 0.667, 0.796, 0.699, 0.624, 0.695, 0.633, 0.727]",4,3
utt_00868,Talk about your favorite hobby and why you like it.,mon passe-temps prefere est le foot; je l'adore car ca me maintient en forme et j'aime le travail d'equipe bon,fr,B2,0.593,"[0.613, 0.669, 0.523, 0.592, 0.476, 0.647, 0.632, 0.63, 0.589, 0.624, 0.722, 0.565, 0.601, 0.499, 0.517, 0.597, 0.681, 0.568, 0.569, 0.555]",2,2
utt_00869,Describe your typical workday.,ich fange um neun uhr an zu arbeiten und benutze den ganzen tag den computer,de,B1,0.937,"[0.91, 0.962, 0.848, 1.0, 0.901, 0.99, 0.863, 0.986, 0.986, 0.968, 0.88, 0.959, 0.868, 0.927, 1.0]",2,3
utt_00870,Explain how to get from your house to the office.,prendo l'autobus e poi cammino fino all'ufficio,it,B1,0.671,"[0.735, 0.682, 0.615, 0.725, 0.682, 0.525, 0.734]",1,2
utt_00871,Order a coffee and a pastry at a cafe.,cafe por favor,es,A1,0.616,"[0.489, 0.674, 0.684]",1,1
utt_00872,Talk about your favorite hobby and why you like it.,mon passe-temps prefere est le foot parce que jouer en equipe i mean,fr,B1,0.784,"[0.716, 0.882, 0.79, 0.782, 0.703, 0.75, 0.689, 0.853, 0.895, 0.79, 0.746, 0.721, 0.881]",3,3
utt_00873,Ask for directions to the train station.,ou train,fr,A1,0.86,"[0.804, 0.916]",3,2
utt_00874,Explain your plans for the summer holidays.,fuer die sommerferien plane ich nach spanien zu reisen und die kueste zu besuchen sozusagen,de,C1,0.851,"[0.823, 0.732, 0.883, 0.883, 0.797, 0.828, 0.99, 0.857, 0.902, 0.842, 0.78, 0.863, 0.859, 0.853, 0.866]",3,4
utt_00875,Explain your plans for the summer holidays.,sommer ich strand i mean,de,A1,0.632,"[0.673, 0.652, 0.594, 0.685, 0.558]",3,1
utt_00876,Introduce yourself and say where you are from.,me llamo ana,es,A1,0.731,"[0.772, 0.605, 0.816]",0,1
utt_00877,Introduce yourself and say where you are from.,soy de madrid,es,A2,0.706,"[0.541, 0.8, 0.778]",4,1
utt_00878,Describe what you did last weekend.,el fin de semana fui al parque con amigos,es,A2,0.73,"[0.754, 0.64, 0.699, 0.737, 0.623, 0.696, 0.814, 0.88, 0.723]",3,3
utt_00879,Order a coffee and a pastry at a cafe.,cafe por favor,es,A1,0.675,"[0.729, 0.573, 0.723]",1,1
utt_00880,Talk about your favorite hobby and why you like it.,j'aime le foot,fr,A1,0.743,"[0.706, 0.781, 0.743]",2,1
utt_00881,Explain your plans for the summer holidays.,fuer die sommerferien plane ich nach spanien zu reisen und die kueste zu besuchen sozusagen,de,B2,0.905,"[0.996, 0.833, 0.944, 0.877, 0.886, 0.884, 0.835, 0.897, 0.893, 0.916, 0.904, 0.957, 0.966, 0.82, 0.962]",4,4
utt_00882,Describe what you did last weekend.,el fin de semana fui al parque con amigos,es,A2,0.462,"[0.402, 0.516, 0.518, 0.356, 0.484, 0.448, 0.43, 0.565, 0.437]",1,2
utt_00883,Talk about a book or film you enjoyed recently.,i recently enjoyed a film about space travel; the story was really moving and so on,en,A1,0.762,"[0.694, 0.809, 0.696, 0.76, 0.849, 0.715, 0.748, 0.769, 0.581, 0.917, 0.782, 0.776, 0.651, 0.834, 0.75, 0.86]",3,3
utt_00884,Describe what you did last weekend.,dormi y comi,es,A1,0.623,"[0.559, 0.631, 0.68]",1,1
utt_00885,Ask for directions to the train station.,excusez-moi ou est la gare s'il vous plait et cetera,fr,B1,0.867,"[0.87, 0.97, 0.921, 0.715, 0.84, 0.838, 0.917, 0.681, 1.0, 0.921]",4,3
utt_00886,Talk about a book or film you enjoyed recently.,i not know how say,en,A1,0.436,"[0.405, 0.446, 0.45, 0.468, 0.411]",0,1
utt_00887,Explain your plans for the summer holidays.,diesen sommer moechte ich mit meiner familie nach spanien fahren sozusagen,de,B1,0.751,"[0.749, 0.881, 1.0, 0.841, 0.851, 0.746, 0.711, 0.668, 0.623, 0.641, 0.555]",0,2
utt_00888,Talk about your favorite hobby and why you like it.,passe-temps prefere est le foot parce que j'aime jouer en equipe bon well,fr,B1,0.897,"[0.791, 0.866, 0.999, 0.999, 0.931, 0.857, 0.922, 0.902, 0.874, 0.842, 0.958, 0.815, 0.91]",2,3
utt_00889,Ask for directions to the train station.,gare s'il vous plait ou,fr,A2,0.349,"[0.364, 0.249, 0.383, 0.367, 0.38]",3,1
utt_00890,Order a coffee and a pastry at a cafe.,"podria darme un cafe y un croissant de chocolate, por favor? gracias sabes",es,B2,0.831,"[0.766, 1.0, 0.95, 0.695, 0.84, 0.757, 0.718, 0.686, 0.859, 0.75, 0.912, 0.914, 0.951]",3,3
utt_00891,Order a coffee and a pastry at a cafe.,cafe por favor,es,A1,0.727,"[0.668, 0.752, 0.762]",1,1
utt_00892,Order a coffee and a pastry at a cafe.,cafe por favor,es,A1,0.663,"[0.712, 0.652, 0.624]",0,1
utt_00893,Talk about your favorite hobby and why you like it.,mon passe-temps prefere est le foot parce que j'aime jouer en equipe bon,fr,B1,0.753,"[0.749, 0.726, 0.904, 0.801, 0.832, 0.723, 0.693, 0.742, 0.775, 0.705, 0.783, 0.658, 0.7]",3,3
utt_00894,Ask for directions to the train station.,"pardon, pourriez-vous me dire comment aller a la gare?",fr,C1,0.851,"[0.905, 0.9, 0.825, 0.778, 0.777, 0.827, 0.903, 0.924, 0.817]",4,4
utt_00895,Describe what you did last weekend.,el fin de fui al parque con amigos you know,es,A2,0.779,"[0.93, 0.652, 0.758, 0.789, 0.782, 0.836, 0.811, 0.704, 0.776, 0.75]",2,2
utt_00896,Explain how to get from your house to the office.,cammino poi autobus,it,A1,0.595,"[0.555, 0.652, 0.578]",2,1
utt_00897,Introduce yourself and say where you are from.,hola me llamo ana soy de madrid o sea,es,B1,0.954,"[0.912, 1.0, 0.985, 0.949, 0.871, 0.952, 0.998, 0.92, 1.0]",4,4
utt_00898,Talk about a book or film you enjoyed recently.,i recently enjoyed a film about space travel; the story was really moving,en,A2,0.876,"[0.94, 0.869, 0.928, 0.803, 0.866, 0.964, 0.856, 0.816, 0.895, 0.827, 0.888, 0.876, 0.857]",3,3
utt_00899,Introduce yourself and say where you are from.,soy de madrid,es,A2,0.949,"[0.967, 1.0, 0.879]",2,3
utt_00900,Explain your plans for the summer holidays.,fuer die sommerferien plane ich nach spanien zu reisen und die kueste zu besuchen und so weiter,de,B2,0.759,"[0.79, 0.865, 0.777, 0.691, 0.696, 0.759, 0.62, 0.724, 0.836, 0.538, 0.876, 0.839, 0.695, 0.786, 0.737, 0.849, 0.826]",3,3
utt_00901,Describe your typical workday.,"an einem typischen tag fange ich um neun an, beantworte e-mails und habe nachmittags besprechungen und so weiter",de,B2,0.918,"[0.815, 0.959, 0.902, 0.923, 0.864, 1.0, 0.992, 0.863, 0.82, 0.888, 0.948, 0.934, 1.0, 0.974, 0.987, 0.94, 0.816, 0.902]",4,4
utt_00902,Order a coffee and a pastry at a cafe.,"podria darme cafe y un croissant de chocolate, por favor? gracias o sea well",es,B2,0.623,"[0.717, 0.6, 0.659, 0.572, 0.497, 0.592, 0.638, 0.536, 0.581, 0.506, 0.724, 0.574, 0.759, 0.767]",2,2
utt_00903,Explain how to get from your house to the office.,prendo l'autobus numero dieci e poi cammino cinque minuti fino all'ufficio,it,C1,0.605,"[0.665, 0.559, 0.435, 0.506, 0.517, 0.832, 0.687, 0.719, 0.42, 0.537, 0.776]",1,3
utt_00904,Talk about your favorite hobby and why you like it.,j'aime le foot,fr,A1,0.303,"[0.306, 0.277, 0.325]",3,1
utt_00905,Introduce yourself and say where you are from.,me llamo ana well,it,A1,0.592,"[0.653, 0.56, 0.574, 0.581]",0,1
utt_00906,Explain how to get from your house to the office.,cammino poi autobus,it,A1,0.69,"[0.848, 0.504, 0.717]",1,2
utt_00907,Ask for directions to the train station.,gare s'il vous plait ou,fr,A2,0.813,"[0.796, 0.851, 0.752, 0.801, 0.863]",1,3
utt_00908,Explain your plans for the summer holidays.,diesen sommer moechte ich mit meiner familie nach spanien fahren also,de,B1,0.774,"[0.892, 0.802, 0.737, 0.753, 0.752, 0.7, 0.757, 0.799, 0.72, 0.811, 0.789]",1,3
utt_00909,Introduce yourself and say where you are from.,soy de madrid,es,A2,0.838,"[0.783, 0.817, 0.915]",1,2
utt_00910,Give your opinion on working from home.,home work is good,en,A2,0.557,"[0.551, 0.605, 0.617, 0.456]",2,1
utt_00911,Describe what you did last weekend.,el fin de semana pasado fui al parque y luego cene con unos amigos la verdad,es,B1,0.384,"[0.456, 0.395, 0.375, 0.401, 0.352, 0.219, 0.565, 0.408, 0.428, 0.39, 0.333, 0.379, 0.262, 0.584, 0.292, 0.309]",3,2
utt_00912,Explain how to get from your house to the office.,cammino poi autobus,it,A1,0.645,"[0.543, 0.682, 0.71]",1,1
utt_00913,Describe what you did last weekend.,"el fin de semana pasado visite el parque, di un largo paseo y luego cene con viejos amigos o sea",es,B2,0.949,"[0.921, 0.991, 0.94, 0.889, 0.99, 0.969, 0.961, 0.968, 1.0, 1.0, 0.911, 1.0, 0.955, 0.959, 0.871, 0.932, 0.906, 0.973, 0.982, 0.856]",2,4
utt_00914,Describe your typical workday.,morgens arbeit dann zuhause,de,A2,0.847,"[0.811, 0.906, 0.797, 0.874]",2,2
utt_00915,Talk about your favorite hobby and why you like it.,j'aime le foot,fr,A1,0.773,"[0.772, 0.837, 0.711]",0,2
utt_00916,Ask for directions to the train station.,ou train,fr,A1,0.795,"[0.795, 0.795]",1,1
utt_00917,Talk about your favorite hobby and why you like it.,mon passe-temps prefere est le foot parce que jouer en equipe et cetera you know,fr,B1,0.667,"[0.658, 0.616, 0.62, 0.702, 0.671, 0.664, 0.651, 0.657, 0.717, 0.655, 0.61, 0.704, 0.661, 0.672, 0.743]",2,2
utt_00918,Explain how to get from your house to the office.,prendo l'autobus numero dieci e poi cammino cinque minuti fino all'ufficio sai,it,B2,0.622,"[0.619, 0.627, 0.588, 0.614, 0.636, 0.577, 0.625, 0.622, 0.621, 0.648, 0.629, 0.659]",2,1
utt_00919,Talk about your favorite hobby and why you like it.,mon passe-temps prefere est le foot; je l'adore car ca me maintient en forme et j'aime le travail d'equipe,fr,B2,0.88,"[0.829, 0.898, 0.895, 0.824, 0.949, 1.0, 0.889, 0.921, 0.895, 0.846, 0.777, 0.846, 0.804, 0.995, 0.883, 0.869, 0.945, 0.821, 0.843]",4,4
utt_00920,Explain your plans for the summer holidays.,sommer ich gehe strand,de,A1,0.666,"[0.63, 0.718, 0.67, 0.647]",1,1
utt_00921,Give your opinion on working from home.,"personally i think remote work boosts productivity, but you have to be disciplined to avoid isolation",en,C1,0.65,"[0.696, 0.691, 0.471, 0.697, 0.738, 0.732, 0.581, 0.596, 0.71, 0.526, 0.661, 0.772, 0.701, 0.645, 0.537, 0.652]",4,4
utt_00922,Describe what you did last weekend.,el fin de semana fui al parque con amigos,es,A2,0.808,"[0.813, 0.844, 0.825, 0.706, 0.81, 0.702, 0.814, 0.759, 1.0]",2,3
utt_00923,Describe your typical workday.,ich fange um neun uhr an zu arbeiten und benutze den ganzen tag den computer also,de,B1,0.688,"[0.698, 0.608, 0.692, 0.735, 0.811, 0.662, 0.597, 0.755, 0.61, 0.672, 0.684, 0.696, 0.746, 0.656, 0.683, 0.7]",1,3
utt_00924,Order a coffee and a pastry at a cafe.,"podria darme un cafe y un croissant de chocolate, por favor? gracias",es,B2,0.852,"[0.86, 0.856, 0.887, 0.924, 0.883, 0.888, 0.703, 0.851, 0.891, 0.913, 0.784, 0.787]",4,3
utt_00925,Ask for directions to the train station.,*noise* *noise* *noise*,fr,B1,0.739,"[0.671, 0.754, 0.792]",2,1
utt_00926,Order a coffee and a pastry at a cafe.,cafe por favor,es,A1,0.794,"[0.737, 0.86, 0.786]",2,2
utt_00927,Describe what you did last weekend.,dormi y comi,es,A1,0.61,"[0.597, 0.592, 0.64]",0,1
utt_00928,Describe what you did last weekend.,dormi y comi,es,A1,0.787,"[0.767, 0.916, 0.677]",2,2
utt_00929,Explain how to get from your house to the office.,prendo l'autobus numero dieci e poi cammino cinque minuti fino all'ufficio,it,B2,0.852,"[0.906, 0.827, 0.802, 0.866, 0.877, 1.0, 0.853, 0.782, 0.888, 0.712, 0.86]",2,3
utt_00930,Talk about your favorite hobby and why you like it.,mon passe-temps est le foot le samedi,fr,A2,0.216,"[0.223, 0.272, 0.283, 0.191, 0.213, 0.175, 0.152]",2,3
utt_00931,Explain your plans for the summer holidays.,sommer ich gehe strand,de,A1,0.579,"[0.645, 0.529, 0.592, 0.55]",1,1
utt_00932,Explain how to get from your house to the office.,prendo l'autobus numero dieci e poi cammino cinque minuti fino all'ufficio cioe,it,B2,0.602,"[0.651, 0.739, 0.521, 0.483, 0.604, 0.614, 0.628, 0.581, 0.599, 0.638, 0.686, 0.476]",2,2
utt_00933,Talk about your favorite hobby and why you like it.,mon passe-temps prefere est le foot; je l'adore car ca me maintient en forme et j'aime le travail d'equipe,fr,B2,0.699,"[0.676, 0.708, 0.644, 0.794, 0.66, 0.694, 0.728, 0.663, 0.592, 0.672, 0.755, 0.677, 0.648, 0.749, 0.678, 0.668, 0.705, 0.74, 0.831]",4,2
utt_00934,Ask for directions to the train station.,gare s'il vous plait ou,fr,A2,0.762,"[0.838, 0.874, 0.697, 0.642, 0.757]",3,2
utt_00935,Describe your typical workday.,morgens arbeit dann zuhause,de,A2,0.664,"[0.685, 0.599, 0.665, 0.706]",1,1
utt_00936,Give your opinion on working from home.,...,en,A1,0.74,[0.74],0,1
utt_00937,Explain your plans for the summer holidays.,ich gehe strand well,de,A1,0.798,"[0.815, 0.827, 0.809, 0.742]",3,2
utt_00938,Talk about your favorite hobby and why you like it.,mon passe-temps prefere est le foot; je l'adore car ca me maintient en forme et j'aime le travail d'equipe tu vois you know,fr,B2,0.799,"[0.74, 0.689, 0.91, 0.779, 0.761, 0.709, 0.995, 0.699, 0.746, 0.809, 0.822, 0.849, 0.912, 0.816, 0.7, 0.759, 0.801, 0.931, 0.675, 0.867, 0.791, 0.84, 0.771]",3,4
utt_00939,Describe your typical workday.,ich fange um neun uhr an zu arbeiten und benutze den ganzen tag den computer ehrlich gesagt,de,B1,0.861,"[0.757, 0.847, 0.879, 0.999, 0.924, 0.881, 0.795, 0.822, 0.902, 0.869, 0.998, 0.799, 0.769, 0.839, 0.841, 0.764, 0.945]",3,3
utt_00940,Ask for directions to the train station.,ou train you know,fr,A1,0.479,"[0.471, 0.481, 0.481, 0.483]",1,1
utt_00941,Order a coffee and a pastry at a cafe.,"podria darme un cafe y un croissant de chocolate, por favor? gracias o sea",es,C1,0.222,"[0.254, 0.225, 0.177, 0.296, 0.276, 0.207, 0.228, 0.232, 0.181, 0.214, 0.198, 0.234, 0.218, 0.174]",4,4
utt_00942,Talk about your favorite hobby and why you like it.,j'aime le foot,fr,A1,0.722,"[0.726, 0.71, 0.731]",2,1
utt_00943,Ask for directions to the train station.,gare s'il vous plait ou,fr,A2,0.68,"[0.799, 0.733, 0.558, 0.649, 0.661]",3,1
utt_00944,Describe your typical workday.,ich um neun uhr an zu arbeiten und benutze den ganzen tag den computer well,de,B1,0.699,"[0.811, 0.616, 0.802, 0.642, 0.566, 0.766, 0.821, 0.947, 0.579, 0.763, 0.656, 0.772, 0.553, 0.573, 0.62]",2,2
utt_00945,Ask for directions to the train station.,"pardon, pourriez-vous me dire comment aller a la gare? well",fr,B2,0.838,"[0.818, 0.76, 0.864, 0.893, 0.859, 0.941, 0.845, 0.714, 0.92, 0.763]",4,3
utt_00946,Describe your typical workday.,"an einem typischen tag fange ich um neun an, beantworte e-mails und habe nachmittags besprechungen",de,B2,0.847,"[0.889, 0.935, 0.858, 0.724, 0.763, 0.918, 0.815, 0.832, 0.879, 0.875, 0.846, 0.812, 0.805, 0.886, 0.865]",4,4
utt_00947,Explain how to get from your house to the office.,prendo l'autobus numero dieci e poi cammino cinque minuti fino all'ufficio,it,B2,0.86,"[0.856, 0.954, 0.865, 0.812, 0.819, 0.803, 0.854, 0.965, 0.815, 0.888, 0.826]",4,3
utt_00948,Give your opinion on working from home.,i think working from home is good but sometimes lonely,en,B2,0.754,"[0.789, 0.819, 0.713, 0.641, 0.754, 0.696, 0.869, 0.685, 0.754, 0.815]",2,3
utt_00949,Order a coffee and a pastry at a cafe.,"podria darme un cafe un croissant de chocolate, por favor? gracias well",es,B2,0.72,"[0.708, 0.583, 0.712, 0.715, 0.788, 0.757, 0.614, 0.843, 0.755, 0.754, 0.733, 0.682]",3,3
utt_00950,Introduce yourself and say where you are from.,hola me llamo ana soy de madrid,es,B1,0.731,"[0.753, 0.774, 0.596, 0.693, 0.715, 0.756, 0.831]",2,2
utt_00951,Explain your plans for the summer holidays.,sommer ich gehe strand,de,A1,0.725,"[0.716, 0.736, 0.735, 0.713]",2,1
utt_00952,Describe your typical workday.,ich arbeite computer,de,A1,0.463,"[0.554, 0.346, 0.489]",1,1
utt_00953,Describe what you did last weekend.,"el fin de semana pasado visite el parque, di un largo paseo y luego cene con viejos amigos",es,B2,0.144,"[0.129, 0.216, 0.074, 0.189, 0.023, 0.112, 0.13, 0.287, 0.135, 0.0, 0.0, 0.159, 0.204, 0.185, 0.169, 0.247, 0.114, 0.226]",4,3
utt_00954,Talk about a book or film you enjoyed recently.,i recently enjoyed a film about space travel; the story was really moving and so on,en,B2,0.814,"[0.82, 0.794, 0.889, 0.773, 0.753, 0.86, 0.885, 0.912, 0.825, 0.748, 0.862, 0.811, 0.824, 0.846, 0.769, 0.657]",2,3
utt_00955,Introduce yourself and say where you are from.,"hola, me llamo ana y soy de madrid en espana o sea",es,B2,0.745,"[0.651, 0.711, 0.636, 0.764, 0.783, 0.796, 0.792, 0.709, 0.771, 0.662, 0.9, 0.761]",4,2
utt_00956,Explain how to get from your house to the office.,prendo l'autobus e poi cammino fino all'ufficio sinceramente,es,B1,0.648,"[0.613, 0.836, 0.532, 0.544, 0.547, 0.658, 0.712, 0.745]",1,2
utt_00957,Describe your typical workday.,"an einem typischen tag fange ich um neun an, beantworte e-mails und habe nachmittags besprechungen sozusagen",de,C1,0.635,"[0.836, 0.488, 0.695, 0.61, 0.608, 0.606, 0.585, 0.772, 0.712, 0.652, 0.748, 0.541, 0.555, 0.493, 0.6, 0.662]",1,3
utt_00958,Describe your typical workday.,"an einem typischen tag fange ich um neun an, beantworte e-mails und habe nachmittags besprechungen ehrlich gesagt",de,B2,0.9,"[0.916, 0.918, 0.838, 0.952, 0.923, 0.949, 0.813, 0.927, 0.849, 0.89, 0.938, 0.915, 0.867, 0.911, 0.832, 0.97, 0.9]",4,3
utt_00959,Give your opinion on working from home.,i think working from home is good but sometimes lonely,en,A1,0.84,"[0.756, 0.955, 0.663, 0.874, 0.789, 0.921, 0.883, 0.75, 0.949, 0.856]",2,3
utt_00960,Describe your typical workday.,ich arbeite computer,de,A1,0.213,"[0.285, 0.177, 0.177]",3,2
utt_00961,Give your opinion on working from home.,i believe working from home is convenient though it can feel isolating and so on,en,B2,0.879,"[0.867, 0.883, 0.991, 0.786, 0.892, 0.921, 0.845, 0.999, 0.82, 0.851, 0.867, 0.946, 0.864, 0.872, 0.778]",3,4
utt_00962,Explain your plans for the summer holidays.,fuer die sommerferien plane ich nach spanien zu reisen und die kueste zu besuchen also,de,B2,0.822,"[0.776, 0.91, 0.78, 0.891, 0.807, 0.677, 0.792, 0.742, 0.841, 0.741, 0.914, 0.831, 0.824, 0.892, 0.917]",2,3
utt_00963,Describe what you did last weekend.,dormi y comi,es,A1,0.446,"[0.488, 0.45, 0.4]",0,1
utt_00964,Talk about a book or film you enjoyed recently.,i watched a good film last week about space,en,A2,0.857,"[0.845, 0.852, 0.844, 0.849, 0.914, 0.854, 0.782, 0.906, 0.864]",2,2
utt_00965,Talk about your favorite hobby and why you like it.,mon passe-temps est le foot le samedi,fr,A2,0.504,"[0.481, 0.484, 0.52, 0.498, 0.549, 0.484, 0.512]",0,1
utt_00966,Give your opinion on working from home.,i like home,en,A2,0.617,"[0.665, 0.609, 0.576]",1,1
utt_00967,Talk about your favorite hobby and why you like it.,mon passe-temps prefere est le foot; je l'adore car ca me maintient en forme et j'aime le travail d'equipe,fr,C1,0.739,"[0.811, 0.756, 0.73, 0.695, 0.693, 0.679, 0.699, 0.783, 0.72, 0.647, 0.849, 0.755, 0.643, 0.706, 0.741, 0.845, 0.662, 0.797, 0.825]",2,4
utt_00968,Talk about your favorite hobby and why you like it.,j'aime le foot,fr,A1,0.57,"[0.631, 0.644, 0.435]",1,1
utt_00969,Describe your typical workday.,ich fange um neun uhr an zu arbeiten und benutze den ganzen tag den computer sozusagen,de,B1,0.69,"[0.655, 0.677, 0.63, 0.681, 0.692, 0.734, 0.761, 0.648, 0.573, 0.693, 0.712, 0.709, 0.674, 0.702, 0.787, 0.717]",3,2
utt_00970,Describe your typical workday.,"an einem typischen tag fange ich um neun an, beantworte e-mails und habe nachmittags besprechungen weißt du",de,C1,0.969,"[0.955, 0.95, 0.964, 1.0, 0.964, 0.971, 0.95, 1.0, 1.0, 0.992, 0.976, 0.974, 0.865, 1.0, 0.978, 0.991, 0.94]",4,4
utt_00971,Introduce yourself and say where you are from.,me llamo ana,es,A1,0.778,"[0.733, 0.731, 0.869]",0,2
utt_00972,Describe your typical workday.,ich arbeite computer,de,A1,0.764,"[0.693, 0.854, 0.746]",1,2
utt_00973,Explain your plans for the summer holidays.,fuer die sommerferien plane nach spanien zu reisen und die kueste zu besuchen also well,de,B2,0.886,"[0.834, 0.903, 0.872, 0.779, 1.0, 0.954, 0.943, 0.921, 0.828, 0.882, 0.962, 0.848, 0.758, 0.897, 0.903]",4,4
utt_00974,Talk about a book or film you enjoyed recently.,i watched a good film last week about space,en,A1,0.701,"[0.688, 0.6, 0.676, 0.691, 0.713, 0.746, 0.627, 0.916, 0.652]",1,2
utt_00975,Explain how to get from your house to the office.,prendo autobus ufficio,it,A2,0.515,"[0.509, 0.519, 0.518]",0,1
utt_00976,Talk about your favorite hobby and why you like it.,mon passe-temps prefere est le foot; je l'adore car ca me maintient en forme et j'aime le travail d'equipe franchement,fr,B2,0.946,"[0.965, 1.0, 0.878, 0.977, 0.983, 0.892, 0.879, 0.916, 0.92, 0.989, 0.922, 0.911, 0.923, 1.0, 0.953, 0.944, 0.947, 1.0, 0.916, 1.0]",4,4
utt_00977,Describe what you did last weekend.,el fin de semana fui al parque con amigos,es,A2,0.723,"[0.701, 0.669, 0.897, 0.592, 0.653, 0.577, 0.765, 0.828, 0.826]",2,3
utt_00978,Talk about a book or film you enjoyed recently.,book is good,en,A1,0.727,"[0.635, 0.836, 0.71]",1,1
utt_00979,Explain how to get from your house to the office.,cammino poi autobus,it,A1,0.736,"[0.797, 0.711, 0.701]",2,2
utt_00980,Ask for directions to the train station.,gare s'il vous plait ou,fr,A2,0.607,"[0.507, 0.693, 0.614, 0.566, 0.657]",0,1
utt_00981,Give your opinion on working from home.,xxx xxx,en,A2,0.377,"[0.316, 0.438]",2,1
utt_00982,Describe your typical workday.,"an einem typischen tag fange ich um neun an, beantworte e-mails und habe nachmittags besprechungen",de,B2,0.953,"[0.906, 0.977, 0.947, 0.989, 0.953, 0.881, 0.96, 1.0, 0.955, 0.996, 0.902, 0.955, 0.924, 0.995, 0.958]",3,4
utt_00983,Give your opinion on working from home.,??? ??? *noise* mmm mmm [inaudible],en,B1,0.3,"[0.173, 0.237, 0.348, 0.439, 0.249, 0.351]",2,2
utt_00984,Describe your typical workday.,ich fange um neun uhr an zu arbeiten und den ganzen tag den computer i mean,de,B1,0.779,"[0.852, 0.888, 0.853, 0.816, 0.703, 0.791, 0.744, 0.761, 0.758, 0.705, 0.619, 0.733, 0.809, 0.673, 0.793, 0.959]",1,3
utt_00985,Order a coffee and a pastry at a cafe.,cafe por favor,es,A1,0.652,"[0.718, 0.689, 0.55]",1,1
utt_00986,Ask for directions to the train station.,gare s'il vous plait ou,fr,A2,0.845,"[0.869, 0.915, 0.822, 0.88, 0.739]",2,2
utt_00987,Ask for directions to the train station.,gare s'il vous plait ou,fr,A2,0.852,"[0.83, 0.718, 0.929, 0.948, 0.835]",0,3
utt_00988,Order a coffee and a pastry at a cafe.,quisiera un cafe y un croissant por favor etcetera,es,B1,0.847,"[0.845, 0.827, 0.926, 0.849, 0.759, 0.731, 0.941, 0.912, 0.831]",2,3
utt_00989,Talk about a book or film you enjoyed recently.,i recently enjoyed a film about space travel; the story was really moving,en,A1,0.661,"[0.571, 0.772, 0.614, 0.695, 0.676, 0.501, 0.726, 0.641, 0.608, 0.825, 0.703, 0.732, 0.533]",3,2
utt_00990,Talk about a book or film you enjoyed recently.,i not know how say,en,A1,0.498,"[0.367, 0.476, 0.578, 0.577, 0.492]",0,1
utt_00991,Order a coffee and a pastry at a cafe.,cafe por favor,es,A1,0.934,"[0.933, 0.92, 0.949]",1,1
utt_00992,Order a coffee and a pastry at a cafe.,*noise* *noise* *noise*,es,A1,0.795,"[0.778, 0.834, 0.772]",2,2
utt_00993,Give your opinion on working from home.,home work is good,en,B1,0.543,"[0.564, 0.453, 0.493, 0.662]",1,1
utt_00994,Describe what you did last weekend.,"el fin de semana pasado visite el parque, di un largo paseo y luego cene con viejos amigos",es,B2,0.204,"[0.275, 0.064, 0.222, 0.172, 0.2, 0.226, 0.178, 0.185, 0.176, 0.263, 0.223, 0.208, 0.099, 0.164, 0.258, 0.195, 0.24, 0.322]",3,3
utt_00995,Order a coffee and a pastry at a cafe.,brrr klk,es,B1,0.649,"[0.685, 0.612]",2,1
utt_00996,Order a coffee and a pastry at a cafe.,cafe por favor,es,A1,0.588,"[0.618, 0.508, 0.637]",3,1
utt_00997,Order a coffee and a pastry at a cafe.,un cafe croissant,es,A2,0.209,"[0.186, 0.242, 0.2]",3,2
utt_00998,Describe what you did last weekend.,el fin de semana pasado fui al parque y luego cene con unos amigos,es,B1,0.663,"[0.648, 0.587, 0.622, 0.681, 0.732, 0.657, 0.675, 0.701, 0.628, 0.676, 0.631, 0.697, 0.668, 0.674]",1,2
utt_00999,Talk about your favorite hobby and why you like it.,mon passe-temps prefere est le foot; je l'adore car ca me maintient en forme et j'aime le travail d'equipe,fr,B2,0.617,"[0.54, 0.67, 0.79, 0.521, 0.579, 0.629, 0.677, 0.56, 0.361, 0.727, 0.675, 0.456, 0.555, 0.745, 0.734, 0.69, 0.593, 0.616, 0.597]",4,2
utt_01000,Ask for directions to the train station.,excusez-moi ou est la gare s'il vous plait tu vois,fr,B1,0.865,"[0.919, 0.822, 0.825, 0.913, 0.862, 0.931, 0.832, 0.862, 0.82, 0.865]",1,3
utt_01001,Talk about a book or film you enjoyed recently.,i recently enjoyed a film about space travel; the story was really moving,en,A2,0.806,"[0.904, 0.617, 0.882, 0.841, 0.755, 0.728, 0.887, 0.818, 0.931, 0.755, 0.794, 0.723, 0.843]",3,3
utt_01002,Talk about a book or film you enjoyed recently.,i recently enjoyed a film about space travel; the story was really moving,en,B1,0.656,"[0.671, 0.62, 0.618, 0.686, 0.558, 0.574, 0.565, 0.7, 0.686, 0.836, 0.622, 0.784, 0.605]",4,2
utt_01003,Describe what you did last weekend.,el fin de semana fui al parque con amigos,es,A2,0.774,"[0.641, 0.729, 0.645, 0.834, 0.836, 0.619, 0.891, 0.994, 0.776]",1,3
utt_01004,Ask for directions to the train station.,excusez-moi ou est la gare s'il vous plait,fr,B1,0.886,"[0.834, 1.0, 0.791, 0.876, 0.886, 0.961, 0.898, 0.843]",2,2
utt_01005,Describe what you did last weekend.,el fin de semana pasado fui al parque y luego cene con unos amigos,es,B1,0.937,"[0.917, 0.948, 0.915, 0.968, 0.937, 0.89, 1.0, 0.941, 0.901, 0.957, 0.969, 0.877, 0.983, 0.913]",4,3
utt_01006,Describe your typical workday.,ich fange um neun uhr an zu arbeiten und benutze den ganzen tag den computer,de,B1,0.765,"[0.872, 0.801, 0.745, 0.725, 0.763, 0.806, 0.768, 0.756, 0.773, 0.733, 0.749, 0.644, 0.828, 0.787, 0.723]",3,2
utt_01007,Ask for directions to the train station.,"pardon, pourriez-vous me dire comment aller a la gare? et cetera you know",fr,C1,0.714,"[0.781, 0.711, 0.668, 0.74, 0.723, 0.723, 0.691, 0.725, 0.697, 0.729, 0.634, 0.691, 0.774]",3,3
utt_01008,Order a coffee and a pastry at a cafe.,un cafe croissant,es,A2,0.783,"[0.774, 0.783, 0.791]",2,2
utt_01009,Order a coffee and a pastry at a cafe.,cafe por favor,es,A1,0.595,"[0.595, 0.546, 0.644]",0,1
utt_01010,Order a coffee and a pastry at a cafe.,un cafe croissant,es,A2,0.68,"[0.688, 0.679, 0.674]",2,1
utt_01011,Talk about a book or film you enjoyed recently.,i watched a good film last week about space,en,A2,0.831,"[0.864, 0.85, 0.856, 0.802, 0.889, 0.852, 0.776, 0.888, 0.702]",3,3
utt_01012,Give your opinion on working from home.,i think working from home is good but sometimes lonely,en,A2,0.677,"[0.701, 0.697, 0.686, 0.848, 0.573, 0.714, 0.562, 0.692, 0.669, 0.632]",1,4
utt_01013,Talk about a book or film you enjoyed recently.,i recently enjoyed a film about space travel; the story was really moving well,en,B2,0.796,"[0.999, 0.884, 0.754, 0.853, 0.711, 0.712, 0.725, 0.95, 0.695, 0.783, 0.738, 0.795, 0.825, 0.723]",2,4
utt_01014,Give your opinion on working from home.,home work is good,en,A2,0.714,"[0.736, 0.612, 0.723, 0.787]",1,1
utt_01015,Explain how to get from your house to the office.,cammino poi autobus,fr,A1,0.905,"[0.888, 0.957, 0.871]",2,2
utt_01016,Ask for directions to the train station.,ou train,fr,A1,0.667,"[0.656, 0.677]",3,1
utt_01017,Order a coffee and a pastry at a cafe.,un cafe croissant,es,A2,0.29,"[0.299, 0.358, 0.212]",0,2
utt_01018,Give your opinion on working from home.,[inaudible] brrr klk mmm mmm,en,A2,0.345,"[0.412, 0.389, 0.28, 0.348, 0.295]",2,3
utt_01019,Explain your plans for the summer holidays.,sommer ich gehe strand,de,A1,0.702,"[0.726, 0.752, 0.611, 0.718]",2,2
utt_01020,Talk about a book or film you enjoyed recently.,i like film action,en,A1,0.712,"[0.807, 0.715, 0.692, 0.632]",0,1
utt_01021,Explain how to get from your house to the office.,prendo l'autobus numero dieci e poi cammino cinque minuti fino all'ufficio sinceramente,it,B2,0.91,"[0.852, 0.834, 0.96, 0.916, 0.95, 0.937, 0.881, 0.936, 0.866, 1.0, 0.859, 0.927]",4,3
utt_01022,Describe your typical workday.,morgens arbeit dann zuhause,de,A2,0.544,"[0.61, 0.456, 0.556, 0.554]",1,1
utt_01023,Ask for directions to the train station.,excusez-moi ou est la gare s'il vous plait et cetera,fr,B1,0.729,"[0.651, 0.803, 0.718, 0.7, 0.83, 0.752, 0.798, 0.657, 0.617, 0.76]",2,2
utt_01024,Talk about your favorite hobby and why you like it.,??? ???,fr,A1,0.679,"[0.626, 0.733]",1,1
utt_01025,Ask for directions to the train station.,gare s'il vous plait ou,fr,A2,0.837,"[0.827, 0.851, 0.695, 0.995, 0.819]",2,3
utt_01026,Talk about your favorite hobby and why you like it.,mon passe-temps est le foot le samedi,fr,A2,0.694,"[0.764, 0.636, 0.732, 0.597, 0.744, 0.676, 0.708]",2,2
utt_01027,Give your opinion on working from home.,i think working from home is good but sometimes lonely,en,B2,0.675,"[0.748, 0.544, 0.742, 0.625, 0.538, 0.65, 0.721, 0.667, 0.744, 0.771]",1,3
utt_01028,Explain your plans for the summer holidays.,urlaub spanien vielleicht,de,A2,0.818,"[0.905, 0.752, 0.796]",1,2
utt_01029,Describe your typical workday.,morgens arbeit dann zuhause,de,A2,0.968,"[0.966, 1.0, 0.934, 0.974]",4,4
utt_01030,Ask for directions to the train station.,gare s'il vous plait ou,fr,A2,0.626,"[0.641, 0.8, 0.513, 0.656, 0.522]",2,1
utt_01031,Give your opinion on working from home.,"personally i think remote work boosts productivity, but you have to be disciplined to avoid isolation well",en,B1,0.822,"[0.779, 0.712, 0.758, 0.795, 0.914, 0.736, 0.933, 0.798, 0.972, 0.735, 0.933, 0.745, 0.851, 0.877, 0.899, 0.72, 0.809]",4,4
utt_01032,Talk about a book or film you enjoyed recently.,i watched a good film last week about space,en,B1,0.712,"[0.764, 0.724, 0.662, 0.688, 0.689, 0.872, 0.616, 0.632, 0.757]",2,2
utt_01033,Describe what you did last weekend.,dormi y comi,es,A1,0.621,"[0.5, 0.687, 0.676]",2,1
utt_01034,Talk about a book or film you enjoyed recently.,*noise* [inaudible] [inaudible],en,B1,0.322,"[0.384, 0.278, 0.305]",1,3
utt_01035,Order a coffee and a pastry at a cafe.,quisiera un cafe un croissant por favor i mean,es,B1,0.731,"[0.693, 0.707, 0.948, 0.695, 0.753, 0.666, 0.737, 0.697, 0.684]",4,2
utt_01036,Introduce yourself and say where you are from.,soy de madrid,es,A2,0.819,"[0.859, 0.826, 0.773]",2,2
utt_01037,Explain your plans for the summer holidays.,urlaub spanien vielleicht you know,de,A2,0.66,"[0.534, 0.633, 0.788, 0.639, 0.707]",2,2
utt_01038,Ask for directions to the train station.,excusez-moi ou est la gare vous plait tu vois i mean,fr,B1,0.874,"[0.994, 0.908, 0.833, 0.72, 0.94, 0.835, 0.905, 0.804, 0.873, 0.895, 0.911]",3,2
utt_01039,Explain your plans for the summer holidays.,sommer ich gehe strand,de,A1,0.68,"[0.644, 0.79, 0.677, 0.609]",2,2
utt_01040,Order a coffee and a pastry at a cafe.,un cafe croissant,es,A2,0.788,"[0.775, 0.788, 0.8]",2,2
utt_01041,Explain how to get from your house to the office.,prendo l'autobus e poi cammino all'ufficio i mean,it,B1,0.752,"[0.866, 0.748, 0.757, 0.684, 0.826, 0.779, 0.734, 0.625]",2,3
utt_01042,Introduce yourself and say where you are from.,"hola, me llamo ana y soy de madrid en espana",es,B2,0.802,"[0.913, 0.732, 0.775, 0.839, 0.734, 0.714, 0.671, 0.864, 0.778, 1.0]",3,3
utt_01043,Order a coffee and a pastry at a cafe.,cafe por favor,es,A1,0.649,"[0.636, 0.642, 0.67]",2,1
utt_01044,Introduce yourself and say where you are from.,uh,es,A1,0.708,[0.708],0,1
utt_01045,Introduce yourself and say where you are from.,soy de madrid,es,A2,0.591,"[0.58, 0.645, 0.549]",2,1
utt_01046,Describe your typical workday.,ich fange um neun uhr an zu arbeiten und benutze den ganzen tag den computer,de,B1,0.591,"[0.542, 0.514, 0.485, 0.6, 0.615, 0.592, 0.719, 0.718, 0.612, 0.514, 0.597, 0.594, 0.591, 0.588, 0.591]",2,1
utt_01047,Explain how to get from your house to the office.,cammino poi autobus well,it,A1,0.681,"[0.666, 0.653, 0.698, 0.706]",2,1
utt_01048,Ask for directions to the train station.,excusez-moi ou est la gare s'il vous plait et cetera,fr,B1,0.14,"[0.107, 0.217, 0.104, 0.072, 0.172, 0.112, 0.169, 0.033, 0.223, 0.187]",3,2
utt_01049,Ask for directions to the train station.,excusez-moi ou est la gare s'il vous plait en fait,fr,B1,0.702,"[0.663, 0.664, 0.808, 0.698, 0.694, 0.628, 0.716, 0.721, 0.764, 0.668]",1,2
utt_01050,Give your opinion on working from home.,i like home,en,A1,0.696,"[0.659, 0.696, 0.732]",0,1
utt_01051,Describe your typical workday.,ich arbeite computer i mean,de,A1,0.621,"[0.523, 0.66, 0.698, 0.52, 0.703]",1,1
utt_01052,Order a coffee and a pastry at a cafe.,un cafe croissant well,es,A2,0.673,"[0.703, 0.781, 0.695, 0.515]",2,2
utt_01053,Explain how to get from your house to the office.,cammino poi autobus,it,A1,0.689,"[0.632, 0.75, 0.684]",0,2
utt_01054,Order a coffee and a pastry at a cafe.,quisiera un cafe y un croissant por favor,es,B1,0.663,"[0.675, 0.754, 0.626, 0.659, 0.673, 0.495, 0.794, 0.626]",4,2
utt_01055,Give your opinion on working from home.,i think working from home is good but sometimes lonely,en,A1,0.737,"[0.855, 0.712, 0.65, 0.835, 0.65, 0.701, 0.787, 0.691, 0.781, 0.706]",2,3
utt_01056,Give your opinion on working from home.,uh uh mmm mmm [inaudible],en,A2,0.343,"[0.249, 0.428, 0.304, 0.306, 0.427]",1,2
utt_01057,Introduce yourself and say where you are from.,soy de madrid,es,A2,0.82,"[0.817, 0.781, 0.863]",3,2
utt_01058,Explain your plans for the summer holidays.,urlaub spanien vielleicht,es,A2,0.678,"[0.744, 0.678, 0.611]",1,2
utt_01059,Explain how to get from your house to the office.,prendo l'autobus e poi cammino fino all'ufficio well,it,B1,0.801,"[0.837, 0.702, 0.83, 0.741, 0.86, 0.805, 0.83, 0.801]",3,3
utt_01060,Order a coffee and a pastry at a cafe.,quisiera un cafe y un croissant por favor o sea,es,B1,0.766,"[0.674, 0.736, 0.842, 0.807, 0.877, 0.823, 0.728, 0.74, 0.802, 0.635]",2,3
utt_01061,Talk about a book or film you enjoyed recently.,i watched a good film last week about space,en,A2,0.8,"[0.737, 0.789, 0.853, 0.867, 0.865, 0.82, 0.697, 0.849, 0.725]",2,2
utt_01062,Give your opinion on working from home.,i think working from home is good but sometimes lonely,en,A2,0.89,"[0.794, 0.938, 0.937, 0.947, 0.911, 0.79, 0.999, 0.83, 0.872, 0.882]",1,3
utt_01063,Describe your typical workday.,ich arbeite computer,de,A1,0.783,"[0.823, 0.735, 0.791]",2,2
utt_01064,Talk about a book or film you enjoyed recently.,i recently enjoyed a film about space travel; the story was really moving,en,A2,0.785,"[0.901, 0.694, 0.718, 0.739, 0.801, 0.821, 0.602, 0.777, 0.798, 0.847, 0.867, 0.788, 0.849]",3,3
utt_01065,Describe what you did last weekend.,"el fin de semana pasado visite el parque, di un largo paseo y luego cene con viejos amigos etcetera",es,B2,0.919,"[0.819, 1.0, 1.0, 0.836, 0.972, 0.922, 0.821, 0.954, 0.976, 0.883, 0.998, 0.813, 0.825, 0.931, 0.924, 0.875, 0.975, 0.956, 0.978]",4,4
utt_01066,Explain your plans for the summer holidays.,sommer ich gehe strand,de,A1,0.783,"[0.754, 0.787, 0.739, 0.854]",3,2
utt_01067,Explain your plans for the summer holidays.,urlaub spanien vielleicht,de,A2,0.664,"[0.588, 0.765, 0.64]",2,1
utt_01068,Describe what you did last weekend.,dormi y comi,es,A1,0.571,"[0.514, 0.624, 0.574]",0,1
utt_01069,Describe what you did last weekend.,el fin de semana fui al parque con amigos,es,A2,0.777,"[0.823, 0.849, 0.787, 0.721, 0.832, 0.763, 0.811, 0.611, 0.794]",1,2
utt_01070,Introduce yourself and say where you are from.,me llamo ana i mean,es,A1,0.64,"[0.606, 0.675, 0.644, 0.633, 0.64]",1,1
utt_01071,Give your opinion on working from home.,home work is good,en,A1,0.5,"[0.437, 0.543, 0.421, 0.6]",1,1
utt_01072,Explain how to get from your house to the office.,prendo l'autobus e poi cammino fino all'ufficio,it,B1,0.759,"[0.652, 0.843, 0.87, 0.754, 0.841, 0.684, 0.667]",2,3
utt_01073,Introduce yourself and say where you are from.,hola me llamo ana soy de madrid,es,B1,0.976,"[0.975, 0.989, 0.96, 0.993, 0.985, 0.938, 0.992]",4,3
utt_01074,Introduce yourself and say where you are from.,me llamo ana,es,A1,0.701,"[0.709, 0.668, 0.727]",2,1
utt_01075,Introduce yourself and say where you are from.,soy de madrid,es,A2,0.824,"[0.778, 0.911, 0.782]",3,2
utt_01076,Give your opinion on working from home.,i like home,en,A1,0.687,"[0.609, 0.722, 0.731]",1,1
utt_01077,Describe your typical workday.,morgens arbeit dann zuhause,de,A2,0.879,"[0.868, 0.885, 0.874, 0.887]",0,1
utt_01078,Talk about your favorite hobby and why you like it.,mon passe-temps prefere est le foot parce que j'aime jouer en equipe franchement,fr,B1,0.688,"[0.657, 0.738, 0.649, 0.552, 0.761, 0.61, 0.669, 0.708, 0.689, 0.757, 0.71, 0.608, 0.84]",3,3
utt_01079,Explain how to get from your house to the office.,prendo autobus ufficio,it,A2,0.957,"[0.949, 0.931, 0.991]",1,3
utt_01080,Give your opinion on working from home.,home work is good,en,A2,0.758,"[0.717, 0.747, 0.779, 0.789]",1,2
utt_01081,Explain your plans for the summer holidays.,diesen sommer moechte ich mit meiner familie nach fahren sozusagen i mean,de,B1,0.844,"[0.907, 0.923, 1.0, 0.849, 0.844, 0.892, 0.998, 0.712, 0.661, 0.814, 0.698, 0.832]",2,2
utt_01082,Explain your plans for the summer holidays.,fuer die sommerferien plane ich nach spanien zu reisen und die kueste zu besuchen,de,B2,0.855,"[0.874, 0.789, 0.756, 0.847, 0.896, 0.74, 0.893, 0.893, 0.901, 0.917, 0.977, 0.821, 0.85, 0.818]",2,3
utt_01083,Give your opinion on working from home.,"personally i think remote work boosts productivity, but you have to be disciplined to avoid isolation",en,A2,0.958,"[0.999, 0.988, 0.999, 0.999, 0.905, 0.894, 0.926, 0.999, 0.999, 0.999, 0.924, 0.897, 0.972, 0.958, 0.999, 0.868]",4,4
utt_01084,Explain how to get from your house to the office.,prendo l'autobus e poi cammino fino all'ufficio sai,it,B1,0.785,"[0.771, 0.851, 0.7, 0.725, 0.843, 0.824, 0.751, 0.816]",2,3
utt_01085,Describe your typical workday.,ich arbeite computer,de,A1,0.839,"[0.817, 0.904, 0.797]",2,2
utt_01086,Explain your plans for the summer holidays.,fuer die sommerferien plane ich nach spanien zu reisen und die kueste zu besuchen,de,C1,0.746,"[0.777, 0.889, 0.747, 0.709, 0.755, 0.68, 0.871, 0.718, 0.686, 0.647, 0.781, 0.766, 0.671, 0.745]",2,4
utt_01087,Explain how to get from your house to the office.,prendo autobus ufficio,it,A2,0.652,"[0.574, 0.682, 0.699]",2,1
utt_01088,Talk about your favorite hobby and why you like it.,mon passe-temps est le foot le samedi,fr,A2,0.837,"[0.968, 0.772, 0.732, 0.763, 0.728, 0.939, 0.956]",1,2
utt_01089,Give your opinion on working from home.,home work is good,en,B1,0.642,"[0.69, 0.622, 0.632, 0.623]",1,1
utt_01090,Describe what you did last weekend.,dormi y comi,es,A1,0.843,"[0.831, 0.876, 0.822]",0,1
utt_01091,Describe your typical workday.,ich arbeite computer,de,A1,0.583,"[0.591, 0.579, 0.58]",2,1
utt_01092,Ask for directions to the train station.,ou train you know,fr,A1,0.764,"[0.671, 0.792, 0.771, 0.823]",2,2
utt_01093,Describe your typical workday.,morgens dann zuhause well,de,A2,0.269,"[0.285, 0.272, 0.236, 0.284]",2,2
utt_01094,Talk about your favorite hobby and why you like it.,mon passe-temps est le foot le samedi,fr,A2,0.353,"[0.372, 0.333, 0.358, 0.361, 0.342, 0.345, 0.361]",0,1
utt_01095,Describe what you did last weekend.,el fin de semana fui al parque con amigos,es,A2,0.655,"[0.609, 0.661, 0.617, 0.686, 0.731, 0.618, 0.668, 0.623, 0.685]",1,2
utt_01096,Explain your plans for the summer holidays.,sommer ich gehe strand,de,A1,0.604,"[0.619, 0.574, 0.628, 0.596]",1,1
utt_01097,Talk about your favorite hobby and why you like it.,j'aime le foot,fr,A1,0.59,"[0.541, 0.662, 0.568]",2,1
utt_01098,Describe your typical workday.,morgens arbeit dann zuhause,de,A2,0.683,"[0.69, 0.637, 0.756, 0.65]",0,1
utt_01099,Introduce yourself and say where you are from.,hola me llamo ana soy de madrid,es,B1,0.642,"[0.662, 0.614, 0.627, 0.641, 0.592, 0.644, 0.714]",2,1
utt_01100,Describe your typical workday.,morgens arbeit dann zuhause,de,A2,0.156,"[0.23, 0.078, 0.15, 0.167]",2,3
utt_01101,Ask for directions to the train station.,excusez-moi ou est la gare s'il vous plait,fr,B1,0.643,"[0.571, 0.721, 0.746, 0.568, 0.519, 0.654, 0.589, 0.775]",0,2
utt_01102,Explain your plans for the summer holidays.,ich gehe strand you know,de,A1,0.533,"[0.54, 0.521, 0.513, 0.565, 0.526]",2,1
utt_01103,Explain how to get from your house to the office.,prendo autobus ufficio,it,A2,0.351,"[0.344, 0.39, 0.318]",0,1
utt_01104,Order a coffee and a pastry at a cafe.,cafe por favor,es,A1,0.654,"[0.636, 0.638, 0.688]",1,1
utt_01105,Talk about a book or film you enjoyed recently.,i watched a good film last week about space,en,B1,0.687,"[0.681, 0.683, 0.747, 0.644, 0.701, 0.609, 0.655, 0.83, 0.637]",3,2
utt_01106,Describe your typical workday.,morgens arbeit dann zuhause,de,A2,0.733,"[0.748, 0.727, 0.735, 0.723]",2,1
utt_01107,Introduce yourself and say where you are from.,soy de madrid,es,A2,0.605,"[0.592, 0.611, 0.611]",1,1
utt_01108,Describe what you did last weekend.,el fin de semana fui al parque con amigos,es,A2,0.698,"[0.635, 0.713, 0.787, 0.662, 0.667, 0.663, 0.734, 0.722, 0.695]",0,2
utt_01109,Introduce yourself and say where you are from.,me llamo ana,es,A1,0.584,"[0.577, 0.638, 0.538]",3,1
utt_01110,Talk about your favorite hobby and why you like it.,mon passe-temps prefere est le foot parce que j'aime jouer en equipe,fr,B1,0.689,"[0.701, 0.753, 0.602, 0.582, 0.803, 0.647, 0.772, 0.68, 0.679, 0.722, 0.628, 0.7]",2,2
utt_01111,Introduce yourself and say where you are from.,"hola, me llamo ana y soy de madrid en espana sabes",es,B2,0.797,"[0.782, 0.722, 0.828, 0.79, 0.796, 0.729, 0.908, 0.863, 0.868, 0.787, 0.696]",3,2
utt_01112,Give your opinion on working from home.,i like home,en,A2,0.849,"[0.943, 0.777, 0.828]",1,1
utt_01113,Talk about a book or film you enjoyed recently.,i recently watched a film about space travel that i loved - the story was moving and the visuals were stunning,en,C1,0.967,"[0.999, 0.901, 0.999, 0.999, 0.989, 0.825, 0.999, 0.999, 0.999, 0.999, 0.914, 0.999, 0.959, 0.999, 0.961, 0.999, 0.999, 0.999, 0.916, 0.971, 0.887]",4,3
utt_01114,Talk about a book or film you enjoyed recently.,i recently watched a film about space travel that i loved - the story was moving and the visuals were stunning,en,B1,0.879,"[0.856, 0.896, 0.774, 0.999, 0.799, 0.895, 0.825, 0.999, 0.791, 0.765, 0.854, 0.956, 0.79, 0.734, 0.91, 0.921, 0.907, 0.999, 0.916, 0.92, 0.948]",4,3
utt_01115,Explain your plans for the summer holidays.,sommer ich gehe strand,de,A1,0.66,"[0.733, 0.639, 0.607, 0.662]",1,1
utt_01116,Give your opinion on working from home.,i think working from home is good but sometimes lonely,en,B1,0.663,"[0.76, 0.557, 0.765, 0.618, 0.755, 0.615, 0.667, 0.629, 0.654, 0.614]",2,3
utt_01117,Give your opinion on working from home.,i believe working from home is convenient though it can feel isolating i mean,en,B2,0.917,"[0.908, 0.999, 0.865, 0.906, 0.881, 0.952, 0.995, 0.924, 0.833, 0.946, 0.977, 0.998, 0.812, 0.839]",3,3
utt_01118,Order a coffee and a pastry at a cafe.,cafe por favor,es,A1,0.582,"[0.587, 0.572, 0.588]",1,1
utt_01119,Give your opinion on working from home.,i believe working from home is convenient though it can feel isolating i mean,en,A1,0.757,"[0.786, 0.754, 0.667, 0.754, 0.73, 0.866, 0.748, 0.741, 0.769, 0.84, 0.914, 0.597, 0.702, 0.727]",3,4
utt_01120,Ask for directions to the train station.,gare s'il vous plait ou,fr,A2,0.382,"[0.46, 0.352, 0.372, 0.454, 0.27]",0,1
utt_01121,Describe what you did last weekend.,el fin de semana fui al parque con amigos,es,A2,0.762,"[0.752, 0.649, 0.726, 0.74, 0.735, 0.72, 0.676, 0.948, 0.914]",2,3
utt_01122,Introduce yourself and say where you are from.,hola me llamo ana soy de madrid sabes,es,B1,0.293,"[0.232, 0.369, 0.27, 0.296, 0.287, 0.257, 0.339, 0.296]",2,2
utt_01123,Talk about your favorite hobby and why you like it.,j'aime le foot,fr,A1,0.688,"[0.709, 0.668, 0.688]",2,1
utt_01124,Explain your plans for the summer holidays.,diesen sommer moechte ich mit meiner familie nach spanien fahren weißt du,de,B1,0.846,"[0.726, 0.847, 0.758, 0.826, 0.946, 0.933, 0.843, 0.839, 0.983, 0.884, 0.822, 0.741]",3,3
utt_01125,Give your opinion on working from home.,xxx the the the xxx [inaudible],en,B1,0.188,"[0.255, 0.187, 0.247, 0.11, 0.209, 0.12]",3,2
utt_01126,Explain your plans for the summer holidays.,sommer ich gehe strand,de,A1,0.583,"[0.592, 0.613, 0.54, 0.587]",1,1
utt_01127,Introduce yourself and say where you are from.,soy de madrid,es,A2,0.6,"[0.637, 0.648, 0.514]",1,1
utt_01128,Talk about your favorite hobby and why you like it.,mon passe-temps prefere est le foot parce que j'aime jouer en equipe franchement,fr,B1,0.841,"[0.814, 0.913, 0.78, 0.837, 0.769, 0.863, 0.814, 0.754, 0.944, 0.91, 0.782, 0.874, 0.877]",4,4
utt_01129,Ask for directions to the train station.,excusez-moi ou est la gare s'il vous plait bon,fr,B1,0.589,"[0.625, 0.508, 0.643, 0.564, 0.575, 0.725, 0.608, 0.574, 0.483]",2,1
utt_01130,Describe what you did last weekend.,el fin de semana fui al parque con well,es,A2,0.657,"[0.765, 0.544, 0.571, 0.626, 0.767, 0.715, 0.64, 0.678, 0.604]",3,1
utt_01131,Order a coffee and a pastry at a cafe.,"podria darme un cafe y un croissant de chocolate, por favor? gracias",es,C1,0.715,"[0.711, 0.707, 0.762, 0.762, 0.733, 0.681, 0.748, 0.697, 0.637, 0.678, 0.708, 0.758]",2,3
utt_01132,Introduce yourself and say where you are from.,"hola, me llamo ana y soy de madrid en espana sabes",es,B2,0.704,"[0.691, 0.588, 0.715, 0.721, 0.728, 0.802, 0.812, 0.65, 0.648, 0.605, 0.78]",2,2
utt_01133,Order a coffee and a pastry at a cafe.,cafe por favor,es,A1,0.894,"[0.978, 0.849, 0.854]",2,1
utt_01134,Ask for directions to the train station.,gare s'il vous plait ou,fr,A2,0.7,"[0.75, 0.706, 0.703, 0.629, 0.714]",4,1
utt_01135,Give your opinion on working from home.,i believe working from home is convenient though it can feel isolating,en,B1,0.895,"[0.859, 0.847, 0.831, 0.9, 0.96, 0.898, 0.951, 0.999, 0.868, 0.95, 0.722, 0.953]",4,3
utt_01136,Talk about your favorite hobby and why you like it.,mon passe-temps prefere est le foot parce que j'aime jouer en equipe tu vois,fr,B1,0.945,"[0.916, 0.907, 0.941, 0.931, 0.947, 0.893, 0.998, 1.0, 0.871, 0.999, 0.921, 0.994, 0.953, 0.957]",3,3
utt_01137,Talk about a book or film you enjoyed recently.,i watched a good film last week about space,en,A1,0.556,"[0.594, 0.578, 0.491, 0.579, 0.464, 0.556, 0.504, 0.617, 0.617]",2,1
utt_01138,Describe your typical workday.,morgens arbeit dann zuhause,de,A2,0.633,"[0.619, 0.689, 0.566, 0.658]",0,1
utt_01139,Talk about your favorite hobby and why you like it.,mon passe-temps est le foot le samedi,fr,A2,0.666,"[0.69, 0.657, 0.794, 0.552, 0.678, 0.587, 0.701]",2,2
utt_01140,Introduce yourself and say where you are from.,me llamo ana,es,A1,0.09,"[0.08, 0.069, 0.12]",1,3
utt_01141,Introduce yourself and say where you are from.,"hola, me llamo ana y soy de madrid en espana",es,C1,0.973,"[0.966, 0.937, 0.965, 1.0, 1.0, 0.985, 1.0, 0.939, 0.967, 0.972]",4,4
utt_01142,Describe what you did last weekend.,el fin de semana pasado fui al parque y luego cene con unos amigos etcetera,es,B1,0.883,"[0.881, 0.895, 0.939, 0.858, 0.899, 0.886, 0.823, 0.881, 0.879, 0.878, 0.892, 0.895, 0.858, 0.981, 0.806]",4,3
utt_01143,Describe your typical workday.,morgens arbeit dann zuhause,de,A2,0.614,"[0.574, 0.793, 0.554, 0.534]",2,2
utt_01144,Explain your plans for the summer holidays.,urlaub spanien vielleicht,de,A2,0.519,"[0.603, 0.416, 0.539]",2,1
utt_01145,Describe what you did last weekend.,el fin de semana fui al parque con amigos,es,A2,0.56,"[0.686, 0.461, 0.434, 0.464, 0.61, 0.624, 0.524, 0.597, 0.64]",1,2
utt_01146,Give your opinion on working from home.,i think working from home is good but sometimes lonely,en,B1,0.811,"[0.814, 0.798, 0.857, 0.773, 0.836, 0.821, 0.862, 0.755, 0.783, 0.81]",2,3
utt_01147,Talk about your favorite hobby and why you like it.,mon passe-temps est le foot le samedi,es,A2,0.678,"[0.841, 0.686, 0.53, 0.643, 0.673, 0.685, 0.691]",2,2
utt_01148,Describe what you did last weekend.,"el fin de semana pasado visite el parque, di un largo paseo y luego cene con viejos amigos sabes i mean",es,C1,0.542,"[0.601, 0.611, 0.523, 0.6, 0.555, 0.537, 0.588, 0.538, 0.658, 0.445, 0.502, 0.525, 0.56, 0.61, 0.532, 0.446, 0.584, 0.579, 0.415, 0.533, 0.436]",1,2
utt_01149,Talk about your favorite hobby and why you like it.,j'aime le foot,fr,A1,0.814,"[0.797, 0.787, 0.859]",2,2
utt_01150,Introduce yourself and say where you are from.,hola me llamo ana soy de madrid,es,B1,0.779,"[0.812, 0.715, 0.864, 0.705, 0.827, 0.748, 0.779]",4,2
utt_01151,Give your opinion on working from home.,i think working from home is good but sometimes lonely,en,B1,0.809,"[0.873, 0.802, 0.882, 0.841, 0.787, 0.739, 0.827, 0.807, 0.758, 0.777]",2,3
utt_01152,Order a coffee and a pastry at a cafe.,cafe por favor,es,A1,0.714,"[0.701, 0.702, 0.74]",2,1
utt_01153,Explain how to get from your house to the office.,prendo l'autobus numero dieci e poi cammino cinque minuti fino all'ufficio sai,it,B2,0.875,"[0.876, 0.897, 0.857, 0.891, 0.905, 0.875, 0.783, 0.899, 0.901, 0.844, 0.811, 0.961]",1,4
utt_01154,Ask for directions to the train station.,excusez-moi ou est la gare s'il vous plait bon,fr,B1,0.822,"[0.875, 0.813, 0.736, 0.763, 0.944, 0.845, 0.786, 0.876, 0.764]",2,2
utt_01155,Describe what you did last weekend.,dormi y comi,es,A1,0.572,"[0.663, 0.644, 0.408]",1,1
utt_01156,Describe your typical workday.,"an einem typischen tag fange ich um neun an, beantworte e-mails und habe nachmittags besprechungen",de,C1,0.711,"[0.706, 0.522, 0.627, 0.64, 0.777, 0.734, 0.64, 0.738, 0.811, 0.813, 0.589, 0.752, 0.636, 0.847, 0.837]",4,3
utt_01157,Explain how to get from your house to the office.,prendo l'autobus numero dieci e poi cammino cinque minuti fino all'ufficio,it,B2,0.639,"[0.627, 0.634, 0.651, 0.552, 0.695, 0.662, 0.731, 0.616, 0.642, 0.593, 0.621]",1,1
utt_01158,Explain how to get from your house to the office.,prendo l'autobus e poi cammino fino all'ufficio eccetera,it,B1,0.752,"[0.674, 0.855, 0.714, 0.783, 0.741, 0.666, 0.758, 0.822]",2,3
utt_01159,Introduce yourself and say where you are from.,soy de madrid,es,A2,0.706,"[0.662, 0.774, 0.682]",2,1
utt_01160,Order a coffee and a pastry at a cafe.,cafe por favor,es,A1,0.699,"[0.677, 0.756, 0.663]",2,1
utt_01161,Introduce yourself and say where you are from.,soy de madrid,es,A2,0.501,"[0.457, 0.546, 0.5]",0,1
utt_01162,Explain how to get from your house to the office.,prendo autobus ufficio you know,it,A2,0.694,"[0.792, 0.754, 0.802, 0.531, 0.59]",2,1
utt_01163,Talk about your favorite hobby and why you like it.,mon passe-temps prefere est le foot parce que j'aime jouer en equipe,fr,B1,0.906,"[0.944, 0.97, 0.848, 0.889, 0.923, 0.948, 0.777, 0.849, 0.884, 0.949, 1.0, 0.89]",4,4
utt_01164,Order a coffee and a pastry at a cafe.,quisiera un cafe y un croissant por favor sabes,es,B1,0.824,"[0.766, 0.856, 0.805, 0.789, 0.907, 0.765, 0.862, 0.91, 0.757]",2,3
utt_01165,Talk about a book or film you enjoyed recently.,i recently enjoyed a film about space travel; the story was really moving,en,B1,0.783,"[0.897, 0.771, 0.789, 0.774, 0.845, 0.725, 0.607, 0.912, 0.646, 0.841, 0.671, 0.843, 0.861]",3,3
utt_01166,Give your opinion on working from home.,i think working from home is good but sometimes lonely,en,A1,0.793,"[0.846, 0.732, 0.799, 0.809, 0.82, 0.866, 0.859, 0.744, 0.712, 0.739]",2,3
utt_01167,Talk about a book or film you enjoyed recently.,book is good,en,A1,0.813,"[0.784, 0.839, 0.816]",0,1
utt_01168,Give your opinion on working from home.,i think working from home is good but sometimes lonely,en,A2,0.677,"[0.681, 0.663, 0.689, 0.71, 0.626, 0.649, 0.679, 0.761, 0.678, 0.629]",2,2
utt_01169,Explain how to get from your house to the office.,prendo l'autobus e poi cammino fino all'ufficio,it,B1,0.81,"[0.685, 0.829, 0.903, 0.806, 0.725, 0.874, 0.85]",1,2
utt_01170,Explain how to get from your house to the office.,prendo autobus ufficio,it,A2,0.904,"[0.862, 0.913, 0.936]",2,2
utt_01171,Give your opinion on working from home.,i believe working from home is convenient though it can feel isolating i mean,en,B1,0.85,"[0.798, 0.934, 0.915, 0.834, 0.849, 0.781, 0.925, 0.843, 0.827, 0.887, 0.775, 0.818, 0.854, 0.858]",4,4
utt_01172,Explain your plans for the summer holidays.,sommer ich gehe strand,de,A1,0.647,"[0.681, 0.619, 0.604, 0.683]",1,1
utt_01173,Give your opinion on working from home.,i think working from home is good but sometimes lonely,en,B1,0.822,"[0.743, 0.82, 0.819, 0.79, 0.677, 0.926, 0.824, 0.955, 0.792, 0.876]",2,3
utt_01174,Describe what you did last weekend.,el fin de semana fui al parque con amigos,es,A2,0.857,"[0.744, 0.89, 0.73, 0.945, 0.828, 0.963, 0.894, 0.743, 0.977]",1,3
utt_01175,Describe your typical workday.,morgens arbeit dann zuhause,de,A2,0.964,"[1.0, 1.0, 0.916, 0.942]",3,3
utt_01176,Describe what you did last weekend.,"el fin de semana pasado visite el parque, di un largo paseo y luego cene con viejos amigos sabes",es,B2,0.849,"[0.853, 0.801, 0.947, 0.853, 0.679, 0.865, 0.823, 0.839, 0.821, 0.893, 0.912, 0.861, 0.823, 0.841, 0.845, 0.795, 0.879, 0.872, 0.938]",2,4
utt_01177,Ask for directions to the train station.,"pardon, pourriez-vous me dire comment aller a la gare? et cetera",fr,B2,0.3,"[0.385, 0.288, 0.363, 0.274, 0.357, 0.296, 0.271, 0.336, 0.188, 0.234, 0.313]",4,3
utt_01178,Talk about a book or film you enjoyed recently.,i like film action,en,A1,0.551,"[0.553, 0.43, 0.674, 0.548]",2,1
utt_01179,Give your opinion on working from home.,home work is good,en,A1,0.737,"[0.729, 0.662, 0.878, 0.677]",1,1
utt_01180,Explain how to get from your house to the office.,prendo autobus ufficio,it,A2,0.663,"[0.732, 0.688, 0.57]",1,1
utt_01181,Introduce yourself and say where you are from.,hola me llamo ana soy de madrid o sea well,es,B1,0.547,"[0.509, 0.572, 0.582, 0.551, 0.611, 0.572, 0.513, 0.537, 0.479, 0.546]",2,2
utt_01182,Talk about your favorite hobby and why you like it.,mon passe-temps prefere est le foot parce que j'aime jouer en equipe tu vois,fr,B1,0.674,"[0.712, 0.678, 0.735, 0.6, 0.73, 0.609, 0.74, 0.622, 0.68, 0.74, 0.609, 0.641, 0.726, 0.614]",1,2
utt_01183,Explain how to get from your house to the office.,cammino poi autobus,it,A1,0.869,"[0.768, 1.0, 0.84]",4,2
utt_01184,Describe your typical workday.,morgens arbeit dann zuhause,de,A2,0.315,"[0.326, 0.376, 0.288, 0.268]",1,2
utt_01185,Talk about your favorite hobby and why you like it.,mon passe-temps est le foot le samedi,fr,A2,0.705,"[0.757, 0.548, 0.702, 0.756, 0.704, 0.574, 0.894]",1,3
utt_01186,Describe your typical workday.,ich arbeite computer,de,A1,0.715,"[0.708, 0.737, 0.7]",1,1
utt_01187,Explain how to get from your house to the office.,prendo autobus ufficio,it,A2,0.727,"[0.673, 0.776, 0.733]",2,1
utt_01188,Talk about a book or film you enjoyed recently.,i recently enjoyed a film about space travel; the story was really moving,en,A2,0.968,"[0.999, 0.995, 0.952, 0.924, 0.999, 0.967, 0.999, 0.804, 0.999, 0.999, 0.98, 0.986, 0.985]",2,3
utt_01189,Give your opinion on working from home.,eh no can,en,A2,0.615,"[0.597, 0.615, 0.633]",0,1
utt_01190,Give your opinion on working from home.,i like home,en,A2,0.6,"[0.709, 0.54, 0.552]",1,1
utt_01191,Ask for directions to the train station.,gare s'il vous plait ou,fr,A2,0.772,"[0.742, 0.82, 0.758, 0.722, 0.816]",0,2
utt_01192,Order a coffee and a pastry at a cafe.,"podria darme un cafe y un croissant de chocolate, por favor? gracias",es,B2,0.741,"[0.73, 0.725, 0.667, 0.841, 0.691, 0.758, 0.8, 0.776, 0.752, 0.67, 0.715, 0.764]",1,3
utt_01193,Ask for directions to the train station.,gare s'il vous plait ou,fr,A2,0.494,"[0.449, 0.508, 0.536, 0.553, 0.423]",1,1
utt_01194,Describe what you did last weekend.,el fin de semana fui al parque con amigos,es,A2,0.074,"[0.16, 0.088, 0.05, 0.104, 0.168, 0.0, 0.039, 0.0, 0.06]",3,3
utt_01195,Talk about your favorite hobby and why you like it.,mon passe-temps prefere est le foot parce que j'aime jouer en equipe,fr,B1,0.161,"[0.204, 0.176, 0.133, 0.037, 0.204, 0.279, 0.138, 0.209, 0.07, 0.21, 0.152, 0.126]",2,3
utt_01196,Describe your typical workday.,arbeit dann zuhause you know,de,A2,0.557,"[0.542, 0.563, 0.607, 0.51, 0.562]",2,1
utt_01197,Give your opinion on working from home.,i believe working from home is convenient though it can feel isolating,en,A1,0.739,"[0.762, 0.782, 0.782, 0.842, 0.723, 0.65, 0.724, 0.777, 0.76, 0.646, 0.785, 0.64]",3,3
utt_01198,Introduce yourself and say where you are from.,me llamo ana,es,A1,0.544,"[0.557, 0.577, 0.499]",1,1
utt_01199,Describe what you did last weekend.,dormi y comi,es,A1,0.666,"[0.659, 0.629, 0.711]",2,1
utt_01200,Explain how to get from your house to the office.,cammino poi autobus,it,A1,0.556,"[0.554, 0.568, 0.545]",0,1
utt_01201,Talk about a book or film you enjoyed recently.,book is good,en,A1,0.496,"[0.464, 0.435, 0.589]",1,1
utt_01202,Explain how to get from your house to the office.,prendo autobus ufficio,it,A2,0.775,"[0.878, 0.781, 0.666]",4,2
utt_01203,Talk about your favorite hobby and why you like it.,mon passe-temps prefere est le foot parce que j'aime jouer en equipe you know,fr,B1,0.947,"[0.992, 0.949, 0.952, 0.924, 0.905, 0.956, 0.915, 1.0, 0.881, 1.0, 0.935, 0.954, 0.979, 0.911]",3,4
utt_01204,Order a coffee and a pastry at a cafe.,quisiera un cafe y un croissant por favor bueno,es,B1,0.928,"[0.999, 0.905, 0.843, 0.822, 0.905, 0.999, 0.999, 0.905, 0.973]",2,3
utt_01205,Order a coffee and a pastry at a cafe.,"podria darme un cafe y un croissant de chocolate, por favor? gracias",es,C1,0.908,"[0.99, 0.743, 0.88, 0.866, 0.843, 0.915, 0.957, 0.979, 0.947, 0.884, 0.956, 0.939]",4,4
utt_01206,Explain how to get from your house to the office.,prendo l'autobus e poi cammino fino all'ufficio,it,B1,0.662,"[0.727, 0.717, 0.67, 0.612, 0.628, 0.634, 0.649]",1,2
utt_01207,Order a coffee and a pastry at a cafe.,un cafe croissant,es,A2,0.807,"[0.741, 0.788, 0.892]",2,2
utt_01208,Describe your typical workday.,ich arbeite computer,de,A1,0.605,"[0.603, 0.618, 0.593]",1,1
utt_01209,Talk about your favorite hobby and why you like it.,mon passe-temps prefere est le foot; je l'adore car ca me maintient en forme et j'aime le travail d'equipe,fr,B2,0.841,"[0.863, 0.873, 0.822, 0.791, 0.727, 0.809, 0.898, 0.808, 0.844, 0.898, 0.902, 0.779, 0.938, 0.948, 0.775, 0.799, 0.953, 0.851, 0.692]",3,3
utt_01210,Explain your plans for the summer holidays.,urlaub spanien vielleicht,es,A2,0.895,"[0.865, 0.941, 0.88]",2,2
utt_01211,Explain how to get from your house to the office.,cammino poi autobus,it,A1,0.643,"[0.577, 0.615, 0.738]",1,1
utt_01212,Order a coffee and a pastry at a cafe.,un cafe croissant,es,A2,0.68,"[0.634, 0.695, 0.711]",0,2
utt_01213,Describe what you did last weekend.,"el fin de semana pasado visite el parque, di un largo paseo y luego cene con viejos amigos etcetera",es,C1,0.806,"[0.887, 0.806, 0.648, 0.819, 0.86, 0.78, 0.909, 0.847, 0.826, 0.863, 0.81, 0.611, 0.751, 0.87, 0.729, 0.77, 0.713, 0.912, 0.904]",4,3
utt_01214,Explain how to get from your house to the office.,prendo l'autobus numero dieci e poi cammino cinque minuti fino all'ufficio eccetera,it,B2,0.855,"[0.808, 0.874, 0.821, 0.904, 0.898, 0.917, 0.886, 1.0, 0.798, 0.754, 0.839, 0.764]",3,4
utt_01215,Describe your typical workday.,ich fange um neun uhr an zu arbeiten und benutze den ganzen tag den computer,de,B1,0.895,"[0.854, 0.875, 0.878, 0.877, 0.939, 0.896, 0.909, 0.954, 0.885, 0.906, 0.932, 0.835, 0.817, 0.931, 0.937]",3,3
utt_01216,Ask for directions to the train station.,excusez-moi ou est la gare s'il vous plait franchement,fr,B1,0.777,"[0.881, 0.748, 0.794, 0.723, 0.757, 0.853, 0.588, 0.765, 0.886]",3,3
utt_01217,Ask for directions to the train station.,"pardon, pourriez-vous me dire comment aller a la gare?",fr,B2,0.863,"[0.899, 0.989, 0.839, 0.878, 0.883, 0.734, 0.803, 0.808, 0.935]",2,4
utt_01218,Talk about your favorite hobby and why you like it.,j'aime le foot,fr,A1,0.905,"[0.915, 0.887, 0.912]",0,1
utt_01219,Describe your typical workday.,morgens arbeit dann zuhause,de,A2,0.804,"[0.755, 0.907, 0.775, 0.78]",3,2
utt_01220,Explain how to get from your house to the office.,prendo l'autobus e poi cammino fino all'ufficio,it,B1,0.85,"[0.838, 0.9, 0.828, 0.918, 0.783, 0.785, 0.9]",2,3
utt_01221,Order a coffee and a pastry at a cafe.,quisiera un cafe y un croissant por favor la verdad,es,B1,0.79,"[0.779, 0.771, 0.798, 0.768, 0.776, 0.808, 0.811, 0.811, 0.775, 0.805]",1,1
utt_01222,Describe your typical workday.,morgens arbeit dann zuhause,de,A2,0.627,"[0.64, 0.62, 0.642, 0.607]",1,1
utt_01223,Talk about your favorite hobby and why you like it.,j'aime le foot,fr,A1,0.708,"[0.752, 0.756, 0.617]",2,1
utt_01224,Ask for directions to the train station.,excusez-moi ou est la gare s'il vous plait en fait,fr,B1,0.789,"[0.995, 0.731, 0.807, 0.726, 0.893, 0.781, 0.685, 0.866, 0.671, 0.733]",3,2
utt_01225,Describe what you did last weekend.,"el fin de semana pasado visite el parque, di un largo paseo y luego cene con viejos amigos",es,B2,0.615,"[0.546, 0.572, 0.633, 0.552, 0.57, 0.626, 0.606, 0.702, 0.696, 0.593, 0.648, 0.655, 0.604, 0.57, 0.626, 0.62, 0.61, 0.643]",1,1
utt_01226,Explain your plans for the summer holidays.,fuer die sommerferien plane ich nach spanien zu reisen und die kueste zu besuchen und so weiter,de,B2,0.724,"[0.695, 0.678, 0.731, 0.743, 0.677, 0.766, 0.652, 0.702, 0.716, 0.7, 0.703, 0.806, 0.691, 0.83, 0.745, 0.731, 0.747]",2,3
utt_01227,Explain how to get from your house to the office.,uh,it,A1,1.0,[1.0],1,2
utt_01228,Describe what you did last weekend.,el fin de semana fui al parque con amigos,es,A2,0.53,"[0.497, 0.491, 0.509, 0.549, 0.461, 0.548, 0.632, 0.555, 0.532]",0,1
utt_01229,Explain your plans for the summer holidays.,...,it,B1,0.636,[0.636],2,1
utt_01230,Ask for directions to the train station.,ou train,fr,A1,0.679,"[0.752, 0.607]",0,1
utt_01231,Describe your typical workday.,"an einem tag fange ich um neun an, beantworte e-mails und habe nachmittags besprechungen you know",de,B2,0.717,"[0.838, 0.844, 0.73, 0.712, 0.783, 0.787, 0.657, 0.676, 0.622, 0.74, 0.758, 0.62, 0.681, 0.62, 0.651, 0.75]",4,3
utt_01232,Order a coffee and a pastry at a cafe.,un cafe croissant,es,A2,0.719,"[0.732, 0.769, 0.655]",2,2
utt_01233,Talk about a book or film you enjoyed recently.,i watched a good film last week about space,en,A1,0.717,"[0.813, 0.695, 0.762, 0.735, 0.661, 0.714, 0.621, 0.682, 0.769]",2,2
utt_01234,Explain how to get from your house to the office.,prendo l'autobus e poi cammino fino all'ufficio cioe,it,B1,0.942,"[0.962, 0.951, 0.919, 0.945, 0.962, 0.915, 0.884, 1.0]",4,3
utt_01235,Order a coffee and a pastry at a cafe.,quisiera un cafe y un croissant por favor bueno,es,B1,0.957,"[0.939, 0.965, 1.0, 1.0, 0.909, 0.991, 0.935, 0.943, 0.935]",2,2
utt_01236,Describe your typical workday.,"an einem typischen tag fange ich um neun an, beantworte e-mails und habe nachmittags besprechungen",de,B2,0.542,"[0.502, 0.561, 0.483, 0.614, 0.566, 0.586, 0.538, 0.543, 0.579, 0.5, 0.543, 0.516, 0.515, 0.448, 0.636]",3,1
utt_01237,Talk about your favorite hobby and why you like it.,j'aime le foot,fr,A1,0.591,"[0.521, 0.629, 0.623]",1,1
utt_01238,Talk about a book or film you enjoyed recently.,i recently enjoyed a film about space travel; the story was really moving i mean,en,B1,0.743,"[0.706, 0.797, 0.73, 0.696, 0.762, 0.69, 0.801, 0.77, 0.766, 0.741, 0.694, 0.877, 0.689, 0.807, 0.613]",4,3
utt_01239,Order a coffee and a pastry at a cafe.,quisiera un cafe y un croissant por favor,es,B1,0.957,"[0.906, 0.914, 1.0, 1.0, 0.957, 0.969, 0.933, 0.976]",2,3
utt_01240,Give your opinion on working from home.,i think working from home is good but sometimes lonely,en,A1,0.797,"[0.898, 0.831, 0.844, 0.747, 0.815, 0.857, 0.808, 0.633, 0.828, 0.71]",2,3
utt_01241,Order a coffee and a pastry at a cafe.,"podria darme un cafe y un croissant de chocolate, por favor? gracias o sea",es,B2,0.52,"[0.495, 0.427, 0.463, 0.533, 0.473, 0.528, 0.476, 0.491, 0.575, 0.544, 0.531, 0.577, 0.556, 0.606]",1,2
utt_01242,Give your opinion on working from home.,...,en,A1,0.709,[0.709],0,1
utt_01243,Introduce yourself and say where you are from.,"hola, me llamo ana y soy de madrid en espana",es,B2,0.844,"[0.834, 0.836, 0.803, 0.836, 0.888, 0.9, 0.887, 0.785, 0.892, 0.783]",2,3
utt_01244,Give your opinion on working from home.,i think working from home is good but sometimes lonely,en,A2,0.791,"[0.717, 0.816, 0.729, 0.741, 0.843, 0.8, 0.842, 0.734, 0.845, 0.846]",2,3
utt_01245,Explain how to get from your house to the office.,prendo l'autobus numero dieci e poi cammino cinque minuti fino all'ufficio sinceramente,it,C1,0.69,"[0.756, 0.656, 0.741, 0.58, 0.778, 0.569, 0.632, 0.606, 0.546, 0.693, 0.828, 0.896]",3,3
utt_01246,Describe your typical workday.,ich arbeite computer,de,A1,0.807,"[0.788, 0.838, 0.795]",2,1
utt_01247,Talk about your favorite hobby and why you like it.,j'aime le foot,fr,A1,0.51,"[0.531, 0.484, 0.514]",0,1
utt_01248,Order a coffee and a pastry at a cafe.,quisiera un cafe y un croissant por favor o sea,es,B1,0.843,"[0.851, 0.788, 0.816, 0.817, 0.868, 0.76, 0.818, 0.93, 0.887, 0.898]",3,3
utt_01249,Talk about your favorite hobby and why you like it.,mon passe-temps est le foot le samedi,fr,A2,0.682,"[0.671, 0.7, 0.767, 0.822, 0.476, 0.539, 0.798]",2,1
utt_01250,Describe what you did last weekend.,"el fin de semana pasado visite el parque, di un largo paseo y luego cene con viejos amigos",es,C1,0.966,"[0.956, 0.938, 0.912, 0.944, 0.905, 1.0, 0.968, 0.966, 0.995, 1.0, 1.0, 1.0, 0.94, 0.955, 1.0, 0.945, 0.969, 0.987]",4,3
utt_01251,Give your opinion on working from home.,i think working from home is good but sometimes lonely,en,A2,0.962,"[0.99, 0.999, 0.999, 0.888, 0.954, 0.957, 0.951, 0.897, 0.982, 0.999]",2,3
utt_01252,Describe your typical workday.,ich arbeite computer,de,A1,0.501,"[0.545, 0.417, 0.542]",0,1
utt_01253,Explain how to get from your house to the office.,prendo autobus ufficio,it,A2,0.892,"[0.837, 0.917, 0.923]",3,2
utt_01254,Introduce yourself and say where you are from.,soy de madrid well,es,A2,0.792,"[0.8, 0.787, 0.787, 0.792]",1,1
utt_01255,Introduce yourself and say where you are from.,me llamo ana,es,A1,0.594,"[0.589, 0.578, 0.615]",1,1
utt_01256,Introduce yourself and say where you are from.,me llamo ana,es,A1,0.745,"[0.791, 0.685, 0.758]",2,1
utt_01257,Describe what you did last weekend.,el fin de semana fui al parque con amigos,es,A2,0.621,"[0.611, 0.569, 0.679, 0.616, 0.717, 0.53, 0.585, 0.615, 0.671]",0,2
utt_01258,Introduce yourself and say where you are from.,"hola, me llamo ana y soy de madrid en espana",es,B2,0.87,"[0.913, 0.907, 0.804, 0.801, 0.908, 0.787, 0.846, 0.921, 0.814, 1.0]",3,3
utt_01259,Explain how to get from your house to the office.,prendo l'autobus e poi cammino fino all'ufficio beh,it,B1,0.822,"[0.95, 0.735, 0.784, 0.68, 0.796, 0.915, 0.824, 0.891]",2,3
utt_01260,Describe your typical workday.,morgens arbeit dann zuhause,de,A2,0.802,"[0.685, 0.911, 0.779, 0.834]",2,2
utt_01261,Talk about your favorite hobby and why you like it.,j'aime le foot,fr,A1,0.809,"[0.869, 0.774, 0.784]",3,2
utt_01262,Talk about your favorite hobby and why you like it.,mon passe-temps prefere est le foot; je l'adore car ca me maintient en forme et j'aime le travail d'equipe,fr,C1,0.833,"[0.875, 0.84, 0.88, 0.836, 0.824, 0.71, 0.799, 0.814, 0.935, 0.858, 0.91, 0.852, 0.772, 0.823, 0.83, 0.758, 0.792, 0.803, 0.914]",4,4
utt_01263,Introduce yourself and say where you are from.,hola me llamo ana soy de madrid,es,B1,0.749,"[0.608, 0.831, 0.686, 0.656, 0.83, 0.799, 0.835]",3,2
utt_01264,Describe what you did last weekend.,dormi y comi well,es,A1,0.595,"[0.594, 0.657, 0.582, 0.546]",0,1
utt_01265,Describe your typical workday.,ich fange um neun uhr an zu arbeiten und benutze den ganzen tag den computer,de,B1,0.322,"[0.356, 0.425, 0.27, 0.28, 0.306, 0.169, 0.34, 0.185, 0.334, 0.396, 0.293, 0.458, 0.218, 0.421, 0.381]",3,2
utt_01266,Introduce yourself and say where you are from.,soy de madrid,es,A2,0.477,"[0.466, 0.523, 0.441]",1,1
utt_01267,Explain your plans for the summer holidays.,sommer ich gehe strand,de,A1,0.706,"[0.585, 0.893, 0.7, 0.644]",4,2
utt_01268,Ask for directions to the train station.,ou train well,fr,A1,0.82,"[0.779, 0.839, 0.843]",2,1
utt_01269,Describe your typical workday.,morgens arbeit dann zuhause,de,A2,0.665,"[0.671, 0.644, 0.707, 0.638]",3,1
utt_01270,Give your opinion on working from home.,i think working from home is good but sometimes lonely,en,B1,0.676,"[0.708, 0.739, 0.603, 0.693, 0.552, 0.873, 0.766, 0.636, 0.643, 0.543]",2,3
utt_01271,Describe your typical workday.,ich arbeite computer,de,A1,0.567,"[0.596, 0.551, 0.555]",0,1
utt_01272,Talk about a book or film you enjoyed recently.,i like film action,en,B2,0.577,"[0.65, 0.616, 0.562, 0.479]",0,1
utt_01273,Describe what you did last weekend.,el fin de semana fui al parque con amigos,es,A2,0.698,"[0.548, 0.721, 0.506, 0.77, 0.641, 0.752, 0.863, 0.644, 0.839]",3,3
utt_01274,Ask for directions to the train station.,"pardon, pourriez-vous me dire comment aller a la gare?",fr,B2,0.923,"[0.906, 1.0, 0.911, 0.874, 0.994, 0.906, 0.874, 0.903, 0.937]",4,4
utt_01275,Explain your plans for the summer holidays.,sommer ich gehe strand,de,A1,0.745,"[0.884, 0.54, 0.745, 0.809]",1,2
utt_01276,Order a coffee and a pastry at a cafe.,"podria darme un cafe y un croissant de chocolate, por favor? gracias",es,B2,0.71,"[0.715, 0.813, 0.691, 0.682, 0.75, 0.707, 0.664, 0.743, 0.641, 0.644, 0.652, 0.816]",1,2
utt_01277,Talk about your favorite hobby and why you like it.,mon passe-temps est le foot le samedi,fr,A2,0.691,"[0.482, 0.754, 0.727, 0.598, 0.748, 0.76, 0.769]",2,2
utt_01278,Ask for directions to the train station.,excusez-moi ou est la gare s'il vous plait et cetera,fr,B1,0.798,"[0.567, 0.947, 0.748, 0.882, 0.888, 0.735, 0.88, 0.781, 0.622, 0.928]",4,2
utt_01279,Order a coffee and a pastry at a cafe.,cafe por favor,es,A1,0.627,"[0.619, 0.613, 0.648]",1,1
utt_01280,Talk about your favorite hobby and why you like it.,j'aime le foot,fr,A1,0.271,"[0.272, 0.246, 0.295]",3,1
utt_01281,Describe your typical workday.,"an einem typischen tag fange ich um neun an, beantworte e-mails und habe nachmittags besprechungen",de,B2,0.749,"[0.645, 0.687, 0.73, 0.87, 0.731, 0.814, 0.741, 0.705, 0.721, 0.727, 0.78, 0.834, 0.763, 0.821, 0.671]",4,3
utt_01282,Order a coffee and a pastry at a cafe.,quisiera un cafe y un croissant por favor,es,B1,0.751,"[0.722, 0.694, 0.787, 0.727, 0.824, 0.675, 0.763, 0.82]",3,2
utt_01283,Order a coffee and a pastry at a cafe.,un cafe croissant,es,A2,0.84,"[0.662, 1.0, 0.858]",1,2
utt_01284,Talk about your favorite hobby and why you like it.,mon passe-temps est le foot le samedi,fr,A2,0.542,"[0.44, 0.549, 0.543, 0.537, 0.591, 0.578, 0.556]",1,1
utt_01285,Describe your typical workday.,ich fange um neun uhr an zu arbeiten und benutze den ganzen tag den computer,de,B1,0.667,"[0.677, 0.653, 0.732, 0.596, 0.664, 0.66, 0.692, 0.622, 0.585, 0.664, 0.67, 0.72, 0.605, 0.706, 0.757]",1,1
utt_01286,Talk about a book or film you enjoyed recently.,i watched a good film last week about space,en,A2,0.759,"[0.712, 0.788, 0.856, 0.756, 0.723, 0.777, 0.739, 0.778, 0.702]",2,2
utt_01287,Talk about your favorite hobby and why you like it.,mon passe-temps prefere est le foot parce que j'aime jouer en equipe en fait,fr,B1,0.73,"[0.714, 0.658, 0.712, 0.738, 0.772, 0.701, 0.833, 0.669, 0.631, 0.805, 0.598, 0.725, 0.929, 0.737]",1,3
utt_01288,Explain how to get from your house to the office.,prendo l'autobus numero dieci e poi cammino cinque minuti fino all'ufficio,it,B2,0.805,"[0.68, 0.783, 0.783, 0.804, 0.852, 0.688, 0.951, 0.812, 0.858, 0.727, 0.913]",3,2
utt_01289,Introduce yourself and say where you are from.,soy de madrid,es,A2,0.762,"[0.712, 0.675, 0.899]",1,2
utt_01290,Explain your plans for the summer holidays.,sommer ich gehe strand,de,A1,0.508,"[0.518, 0.545, 0.485, 0.482]",1,1
utt_01291,Ask for directions to the train station.,gare s'il vous plait ou,fr,A2,0.712,"[0.753, 0.695, 0.673, 0.684, 0.754]",1,1
utt_01292,Introduce yourself and say where you are from.,me llamo ana,es,A1,0.434,"[0.415, 0.44, 0.447]",0,1
utt_01293,Describe your typical workday.,morgens arbeit dann zuhause,de,A2,0.624,"[0.589, 0.605, 0.67, 0.631]",1,1
utt_01294,Give your opinion on working from home.,"personally i think remote work boosts productivity, but you have to be disciplined to avoid isolation to be honest",en,B1,0.822,"[0.893, 0.702, 0.79, 0.735, 0.999, 0.888, 0.704, 0.847, 0.831, 0.935, 0.802, 0.821, 0.797, 0.908, 0.784, 0.957, 0.684, 0.765, 0.774]",4,3
utt_01295,Describe what you did last weekend.,"el fin de semana pasado visite el parque, di un largo paseo y luego cene con viejos amigos etcetera",fr,B2,0.796,"[0.844, 0.837, 0.817, 0.904, 0.754, 0.812, 0.715, 0.954, 0.917, 0.762, 0.791, 0.868, 0.749, 0.709, 0.83, 0.767, 0.775, 0.695, 0.626]",3,3
utt_01296,Describe what you did last weekend.,dormi y comi,es,A1,0.82,"[0.816, 0.848, 0.795]",2,1
utt_01297,Explain your plans for the summer holidays.,sommer ich gehe strand,de,A1,0.586,"[0.663, 0.556, 0.538, 0.588]",0,1
utt_01298,Describe what you did last weekend.,dormi y comi,es,A1,0.392,"[0.389, 0.435, 0.352]",1,1
utt_01299,Describe your typical workday.,ich fange um neun uhr an zu arbeiten und benutze den ganzen tag den computer und so weiter,de,B1,0.727,"[0.827, 0.869, 0.73, 0.819, 0.66, 0.807, 0.805, 0.793, 0.732, 0.529, 0.688, 0.69, 0.665, 0.741, 0.704, 0.676, 0.66, 0.683]",3,4
utt_01300,Describe what you did last weekend.,"el fin de semana pasado visite el parque, di un largo paseo y luego cene con viejos amigos la verdad",es,C1,0.735,"[0.828, 0.703, 0.713, 0.717, 0.773, 0.781, 0.535, 0.821, 0.85, 0.675, 0.681, 0.718, 0.696, 0.765, 0.612, 0.671, 0.857, 0.684, 0.837, 0.774]",3,4
utt_01301,Describe what you did last weekend.,dormi y comi,es,A1,0.702,"[0.649, 0.742, 0.714]",1,1
utt_01302,Talk about a book or film you enjoyed recently.,i recently enjoyed a film about space travel; the story was really moving,en,B2,0.809,"[0.896, 0.825, 0.826, 0.914, 0.791, 0.794, 0.757, 0.845, 0.807, 0.806, 0.862, 0.657, 0.742]",3,2
utt_01303,Talk about your favorite hobby and why you like it.,mon passe-temps est le foot le samedi,fr,A2,0.584,"[0.515, 0.592, 0.617, 0.643, 0.694, 0.61, 0.414]",1,1
utt_01304,Explain how to get from your house to the office.,cammino poi autobus,it,A1,0.767,"[0.674, 0.881, 0.747]",2,2
utt_01305,Give your opinion on working from home.,i think working from home is good but sometimes lonely,en,A1,0.724,"[0.684, 0.703, 0.8, 0.618, 0.673, 0.663, 0.822, 0.835, 0.665, 0.775]",2,2
utt_01306,Describe what you did last weekend.,dormi y comi,es,A1,0.616,"[0.691, 0.621, 0.537]",0,1
utt_01307,Describe your typical workday.,brrr klk,de,A1,0.724,"[0.736, 0.713]",2,2
utt_01308,Talk about a book or film you enjoyed recently.,i like film action,en,B1,0.462,"[0.417, 0.478, 0.542, 0.412]",1,1
utt_01309,Ask for directions to the train station.,ou train,fr,A1,0.626,"[0.582, 0.67]",0,1
utt_01310,Talk about a book or film you enjoyed recently.,book is good,en,A1,0.56,"[0.553, 0.505, 0.623]",0,1
utt_01311,Give your opinion on working from home.,i think working from home is good but sometimes lonely,en,A2,0.661,"[0.723, 0.689, 0.735, 0.571, 0.727, 0.62, 0.713, 0.702, 0.544, 0.585]",2,2
utt_01312,Talk about a book or film you enjoyed recently.,i watched a good film last week about space,en,B1,0.723,"[0.706, 0.804, 0.699, 0.728, 0.837, 0.694, 0.679, 0.754, 0.61]",1,2
utt_01313,Describe what you did last weekend.,el fin de semana pasado fui al parque y luego cene con unos amigos,es,B1,0.882,"[0.986, 0.857, 0.929, 0.96, 0.835, 0.867, 0.827, 0.841, 0.808, 0.835, 1.0, 0.834, 0.909, 0.864]",4,3
utt_01314,Order a coffee and a pastry at a cafe.,un cafe croissant well,es,A2,0.956,"[0.979, 0.99, 0.952, 0.904]",4,2
utt_01315,Describe what you did last weekend.,uh,es,B1,0.656,[0.656],3,1
utt_01316,Talk about a book or film you enjoyed recently.,i like film action,en,A1,0.717,"[0.687, 0.713, 0.768, 0.699]",2,1
utt_01317,Explain how to get from your house to the office.,prendo autobus ufficio,it,A2,0.498,"[0.438, 0.595, 0.46]",0,1
utt_01318,Explain your plans for the summer holidays.,diesen sommer moechte ich mit meiner familie spanien fahren you know,de,B1,0.696,"[0.649, 0.631, 0.812, 0.626, 0.569, 0.719, 0.776, 0.732, 0.647, 0.759, 0.736]",1,2
utt_01319,Explain how to get from your house to the office.,prendo autobus ufficio,it,A2,0.94,"[0.954, 0.975, 0.89]",2,2
utt_01320,Order a coffee and a pastry at a cafe.,un cafe croissant,es,A2,0.588,"[0.588, 0.588, 0.589]",0,2
utt_01321,Order a coffee and a pastry at a cafe.,quisiera un cafe y un croissant por favor,es,B1,0.067,"[0.067, 0.041, 0.066, 0.089, 0.084, 0.07, 0.02, 0.098]",3,3
utt_01322,Give your opinion on working from home.,home work is good,en,A2,0.748,"[0.618, 0.812, 0.772, 0.791]",0,1
utt_01323,Order a coffee and a pastry at a cafe.,cafe por favor,es,A1,0.198,"[0.224, 0.297, 0.074]",2,1
utt_01324,Give your opinion on working from home.,i believe working from home is convenient though it can feel isolating,en,A1,0.622,"[0.626, 0.769, 0.528, 0.641, 0.556, 0.613, 0.627, 0.571, 0.686, 0.578, 0.812, 0.457]",4,2
utt_01325,Ask for directions to the train station.,ou train,fr,A1,0.881,"[0.926, 0.837]",2,2
utt_01326,Describe what you did last weekend.,el fin de semana fui al parque con amigos,es,A2,0.572,"[0.6, 0.598, 0.586, 0.623, 0.585, 0.536, 0.503, 0.541, 0.58]",1,2
utt_01327,Ask for directions to the train station.,??? ???,fr,C1,0.801,"[0.77, 0.832]",3,2
utt_01328,Ask for directions to the train station.,gare s'il vous plait ou,fr,A2,0.793,"[0.805, 0.832, 0.863, 0.781, 0.686]",0,2
utt_01329,Introduce yourself and say where you are from.,"hola, me llamo ana y soy de madrid en espana",es,C1,0.909,"[0.884, 0.906, 0.798, 0.983, 0.911, 0.925, 0.982, 0.867, 0.936, 0.897]",4,4
utt_01330,Explain how to get from your house to the office.,prendo autobus ufficio,it,A2,0.513,"[0.506, 0.631, 0.403]",1,1
utt_01331,Introduce yourself and say where you are from.,me llamo ana,es,A1,0.809,"[0.793, 0.771, 0.862]",1,2
utt_01332,Introduce yourself and say where you are from.,hola me llamo ana soy de madrid la verdad,es,B1,0.736,"[0.568, 0.835, 0.657, 0.837, 0.733, 0.751, 0.694, 0.74, 0.805]",2,2
utt_01333,Describe your typical workday.,ich arbeite computer,de,A1,0.884,"[0.893, 0.962, 0.797]",3,3
utt_01334,Describe what you did last weekend.,el fin de semana fui al parque con amigos,es,A2,0.815,"[0.858, 0.852, 0.804, 0.788, 0.819, 0.913, 0.711, 0.838, 0.753]",0,3
utt_01335,Talk about your favorite hobby and why you like it.,j'aime le foot,fr,A1,0.93,"[0.941, 0.93, 0.92]",3,1
utt_01336,Describe your typical workday.,morgens arbeit dann zuhause,de,A2,0.743,"[0.775, 0.697, 0.847, 0.652]",2,2
utt_01337,Explain your plans for the summer holidays.,fuer die sommerferien plane ich nach spanien zu reisen und die kueste zu besuchen,de,B2,0.749,"[0.869, 0.767, 0.667, 0.829, 0.621, 0.81, 0.637, 0.86, 0.696, 0.752, 0.84, 0.714, 0.799, 0.626]",4,3
utt_01338,Talk about your favorite hobby and why you like it.,j'aime le foot,fr,A1,0.679,"[0.76, 0.677, 0.6]",1,1
utt_01339,Describe what you did last weekend.,"el fin de semana pasado visite el parque, di un largo paseo y luego cene con viejos amigos",es,C1,0.302,"[0.318, 0.362, 0.403, 0.296, 0.324, 0.223, 0.352, 0.323, 0.274, 0.341, 0.283, 0.275, 0.311, 0.251, 0.333, 0.251, 0.251, 0.257]",4,3
utt_01340,Talk about a book or film you enjoyed recently.,book is good,en,A2,0.74,"[0.734, 0.811, 0.674]",0,1
utt_01341,Give your opinion on working from home.,i believe working from home is convenient though it can feel isolating i mean,en,A1,0.843,"[0.808, 0.812, 0.808, 0.807, 0.91, 0.871, 0.817, 0.83, 0.841, 0.783, 0.905, 0.999, 0.816, 0.794]",2,4
utt_01342,Talk about your favorite hobby and why you like it.,j'aime le foot,fr,A1,0.395,"[0.453, 0.384, 0.348]",0,1
utt_01343,Talk about your favorite hobby and why you like it.,j'aime le foot,fr,A1,0.566,"[0.661, 0.495, 0.543]",1,1
utt_01344,Explain how to get from your house to the office.,cammino poi autobus,it,A1,0.55,"[0.55, 0.596, 0.504]",4,1
utt_01345,Introduce yourself and say where you are from.,me llamo ana well,es,A1,0.846,"[0.765, 1.0, 0.788, 0.831]",3,2
utt_01346,Describe what you did last weekend.,fin de semana fui al parque con amigos i mean,es,A2,0.78,"[0.75, 0.745, 0.833, 0.86, 0.755, 0.677, 0.888, 0.773, 0.926, 0.592]",4,2
utt_01347,Explain how to get from your house to the office.,prendo l'autobus e poi cammino fino all'ufficio beh,it,B1,0.62,"[0.63, 0.769, 0.585, 0.596, 0.638, 0.569, 0.589, 0.587]",1,2
utt_01348,Order a coffee and a pastry at a cafe.,quisiera un cafe y un croissant por favor,es,B1,0.642,"[0.629, 0.665, 0.65, 0.646, 0.657, 0.636, 0.626, 0.63]",1,1
utt_01349,Talk about a book or film you enjoyed recently.,i recently enjoyed a film about space travel; the story was really moving,en,B1,0.742,"[0.574, 0.812, 0.745, 0.685, 0.77, 0.712, 0.815, 0.765, 0.775, 0.783, 0.753, 0.722, 0.739]",3,2
utt_01350,Talk about a book or film you enjoyed recently.,book is good,en,C1,0.63,"[0.65, 0.605, 0.636]",1,1
utt_01351,Talk about your favorite hobby and why you like it.,mon passe-temps prefere est le foot parce que j'aime jouer en equipe,fr,B1,0.835,"[0.84, 0.771, 0.807, 0.806, 0.978, 0.66, 0.828, 0.952, 0.848, 0.889, 0.846, 0.796]",3,3
utt_01352,Explain how to get from your house to the office.,prendo autobus ufficio,it,A2,0.652,"[0.602, 0.723, 0.631]",1,1
utt_01353,Talk about your favorite hobby and why you like it.,mon passe-temps prefere est le foot parce que j'aime jouer en equipe,fr,B1,0.828,"[0.621, 0.844, 0.755, 0.752, 0.78, 0.984, 1.0, 0.845, 0.783, 0.718, 0.868, 0.988]",1,3
utt_01354,Ask for directions to the train station.,excusez-moi ou est la gare s'il vous plait bon,fr,B1,0.658,"[0.661, 0.564, 0.703, 0.718, 0.6, 0.681, 0.693, 0.669, 0.636]",3,1
utt_01355,Give your opinion on working from home.,home work is good,en,A2,0.484,"[0.443, 0.493, 0.519, 0.479]",0,1
utt_01356,Talk about a book or film you enjoyed recently.,i watched a good film last week about space,en,A2,0.598,"[0.606, 0.462, 0.669, 0.703, 0.402, 0.548, 0.703, 0.62, 0.668]",2,2
utt_01357,Describe your typical workday.,morgens arbeit dann zuhause,de,A2,0.772,"[0.891, 0.794, 0.721, 0.682]",1,2
utt_01358,Explain your plans for the summer holidays.,urlaub spanien vielleicht,de,A2,0.34,"[0.39, 0.337, 0.293]",0,1
utt_01359,Introduce yourself and say where you are from.,me llamo ana,es,A1,0.596,"[0.488, 0.614, 0.687]",1,1
utt_01360,Describe what you did last weekend.,el fin de semana pasado fui al parque y luego cene con unos amigos sabes,es,B1,0.656,"[0.64, 0.635, 0.604, 0.64, 0.545, 0.623, 0.647, 0.699, 0.662, 0.709, 0.741, 0.724, 0.691, 0.665, 0.609]",1,2
utt_01361,Explain your plans for the summer holidays.,urlaub spanien vielleicht,de,A2,0.375,"[0.366, 0.413, 0.346]",0,1
utt_01362,Order a coffee and a pastry at a cafe.,"podria darme un cafe y un croissant de chocolate, por favor? gracias bueno",es,C1,0.762,"[0.916, 0.643, 0.672, 0.831, 0.785, 0.868, 0.762, 0.695, 0.747, 0.642, 0.674, 0.841, 0.833]",2,3
utt_01363,Ask for directions to the train station.,ou train,fr,A1,0.735,"[0.7, 0.77]",2,1
utt_01364,Introduce yourself and say where you are from.,hola me llamo ana soy de madrid la verdad,fr,B1,0.737,"[0.645, 0.786, 0.757, 0.721, 0.721, 0.778, 0.862, 0.694, 0.665]",2,2
utt_01365,Give your opinion on working from home.,home work is good,en,A2,0.645,"[0.71, 0.702, 0.627, 0.542]",1,1
utt_01366,Introduce yourself and say where you are from.,me llamo ana,es,A1,0.735,"[0.752, 0.644, 0.81]",1,1
utt_01367,Talk about a book or film you enjoyed recently.,no,en,A1,0.735,[0.735],0,1
utt_01368,Explain your plans for the summer holidays.,fuer die sommerferien plane ich nach spanien zu reisen und die kueste zu besuchen,de,C1,0.882,"[0.943, 0.799, 0.893, 0.833, 0.999, 0.877, 0.843, 0.92, 0.873, 1.0, 0.867, 0.821, 0.769, 0.915]",4,4
utt_01369,Describe your typical workday.,"an einem typischen tag fange ich um neun an, beantworte e-mails und habe nachmittags besprechungen und so weiter",de,C1,0.751,"[0.692, 0.611, 0.857, 0.808, 0.743, 0.874, 0.808, 0.668, 0.647, 0.822, 0.783, 0.761, 0.666, 0.802, 0.674, 0.736, 0.881, 0.683]",4,4
utt_01370,Introduce yourself and say where you are from.,me llamo ana,es,A1,0.541,"[0.496, 0.519, 0.607]",1,1
utt_01371,Explain your plans for the summer holidays.,sommer ich gehe strand,de,A1,0.588,"[0.591, 0.531, 0.626, 0.605]",2,1
utt_01372,Talk about your favorite hobby and why you like it.,mon passe-temps est le foot le samedi,fr,A2,0.822,"[0.854, 0.825, 0.796, 0.872, 0.77, 0.858, 0.779]",3,2
utt_01373,Order a coffee and a pastry at a cafe.,"podria darme un cafe y un croissant de chocolate, por favor? gracias",es,B2,0.939,"[0.885, 0.999, 0.999, 0.88, 0.919, 0.954, 0.934, 0.881, 0.921, 0.987, 0.911, 0.999]",4,4
utt_01374,Give your opinion on working from home.,i think working from home is good but sometimes lonely,en,A1,0.713,"[0.917, 0.719, 0.666, 0.683, 0.619, 0.681, 0.755, 0.598, 0.746, 0.743]",2,3
utt_01375,Introduce yourself and say where you are from.,soy de madrid well,es,A2,0.52,"[0.499, 0.512, 0.525, 0.542]",1,1
utt_01376,Explain your plans for the summer holidays.,diesen sommer moechte ich mit meiner familie nach spanien fahren,de,B1,0.735,"[0.772, 0.523, 0.706, 0.732, 0.853, 0.689, 0.768, 0.852, 0.674, 0.782]",4,2
utt_01377,Ask for directions to the train station.,"pardon, pourriez-vous me dire comment aller a la gare? et cetera",fr,B2,0.687,"[0.653, 0.663, 0.653, 0.655, 0.774, 0.71, 0.719, 0.697, 0.625, 0.694, 0.718]",1,2
utt_01378,Give your opinion on working from home.,i believe working from home is convenient though it can feel isolating you know,en,C1,0.788,"[0.925, 0.81, 0.643, 0.871, 0.876, 0.634, 0.719, 0.756, 0.731, 0.799, 0.783, 0.779, 0.952, 0.756]",4,3
utt_01379,Describe your typical workday.,"an einem typischen tag fange ich um neun an, beantworte e-mails und habe nachmittags besprechungen weißt du",de,B2,0.459,"[0.439, 0.486, 0.479, 0.509, 0.45, 0.433, 0.452, 0.498, 0.414, 0.407, 0.463, 0.45, 0.461, 0.486, 0.447, 0.412, 0.514]",0,2
utt_01380,Talk about your favorite hobby and why you like it.,j'aime le foot,fr,A1,0.715,"[0.711, 0.75, 0.684]",1,1
utt_01381,Describe what you did last weekend.,el fin de semana fui al parque con amigos,es,A2,0.769,"[0.706, 0.702, 0.822, 0.74, 0.757, 0.787, 0.821, 0.742, 0.845]",2,2
utt_01382,Order a coffee and a pastry at a cafe.,cafe por favor,es,A1,0.667,"[0.544, 0.799, 0.658]",2,1
utt_01383,Explain your plans for the summer holidays.,fuer die sommerferien plane ich nach spanien zu reisen und die kueste zu besuchen,de,B2,0.689,"[0.757, 0.695, 0.654, 0.721, 0.733, 0.72, 0.636, 0.664, 0.688, 0.686, 0.726, 0.587, 0.705, 0.673]",1,2
utt_01384,Introduce yourself and say where you are from.,soy de madrid,es,A2,0.479,"[0.46, 0.468, 0.509]",2,1
utt_01385,Order a coffee and a pastry at a cafe.,un cafe croissant,es,A2,0.443,"[0.2, 0.576, 0.553]",0,2
utt_01386,Explain your plans for the summer holidays.,diesen sommer moechte ich mit meiner familie nach spanien fahren also,de,B1,0.886,"[0.905, 0.809, 0.851, 0.977, 0.938, 0.931, 0.831, 0.906, 0.85, 0.853, 0.896]",4,3
utt_01387,Talk about your favorite hobby and why you like it.,mon passe-temps prefere est le foot; je l'adore car ca me maintient en forme et j'aime le travail d'equipe,fr,B2,0.614,"[0.579, 0.677, 0.6, 0.636, 0.676, 0.656, 0.541, 0.628, 0.647, 0.649, 0.555, 0.577, 0.654, 0.572, 0.593, 0.681, 0.605, 0.573, 0.566]",1,2
utt_01388,Order a coffee and a pastry at a cafe.,un cafe croissant,es,A2,0.537,"[0.582, 0.482, 0.547]",0,2
utt_01389,Talk about your favorite hobby and why you like it.,mon passe-temps est le foot le samedi,fr,A2,0.499,"[0.506, 0.55, 0.521, 0.459, 0.544, 0.478, 0.436]",1,1
utt_01390,Explain how to get from your house to the office.,cammino poi autobus,it,A1,0.697,"[0.639, 0.784, 0.669]",1,1
utt_01391,Explain your plans for the summer holidays.,urlaub spanien vielleicht you know,de,A2,0.583,"[0.611, 0.694, 0.538, 0.545, 0.528]",1,1
utt_01392,Talk about your favorite hobby and why you like it.,j'aime le foot,fr,A1,0.931,"[0.911, 0.897, 0.986]",2,2
utt_01393,Explain how to get from your house to the office.,prendo l'autobus e poi cammino fino all'ufficio,it,B1,0.168,"[0.164, 0.093, 0.138, 0.15, 0.0, 0.436, 0.195]",2,2
utt_01394,Give your opinion on working from home.,uh,en,A2,0.674,[0.674],0,1
utt_01395,Talk about a book or film you enjoyed recently.,i recently enjoyed a film about space travel; the story was really moving,en,B2,0.823,"[0.727, 0.909, 0.765, 0.946, 0.716, 0.727, 0.985, 0.8, 0.727, 0.734, 0.828, 0.999, 0.83]",3,3
utt_01396,Explain how to get from your house to the office.,cammino poi autobus,it,A1,0.707,"[0.671, 0.72, 0.731]",0,1
utt_01397,Introduce yourself and say where you are from.,me llamo ana,es,A1,0.701,"[0.713, 0.772, 0.618]",0,1
utt_01398,Describe your typical workday.,"an einem typischen tag fange ich um neun an, beantworte e-mails und habe nachmittags besprechungen weißt du",de,B2,0.702,"[0.658, 0.61, 0.731, 0.71, 0.593, 0.811, 0.701, 0.744, 0.809, 0.674, 0.703, 0.752, 0.601, 0.677, 0.685, 0.578, 0.9]",3,3
utt_01399,Describe what you did last weekend.,*noise* [inaudible] [inaudible],es,B2,0.78,"[0.719, 0.726, 0.896]",2,3
utt_01400,Describe your typical workday.,ich fange um neun uhr an zu arbeiten und benutze den ganzen tag den computer sozusagen,de,B1,0.679,"[0.712, 0.751, 0.593, 0.545, 0.716, 0.666, 0.63, 0.642, 0.594, 0.687, 0.855, 0.826, 0.676, 0.706, 0.607, 0.662]",4,3
utt_01401,Talk about your favorite hobby and why you like it.,mon passe-temps prefere est le foot; je l'adore car ca me maintient en forme et j'aime le travail d'equipe et cetera,it,B2,0.947,"[0.981, 0.867, 0.974, 1.0, 0.932, 1.0, 0.821, 0.98, 1.0, 0.993, 0.921, 0.915, 0.964, 0.988, 0.974, 1.0, 0.868, 0.92, 0.873, 0.909, 1.0]",4,4
utt_01402,Give your opinion on working from home.,i think working from home is good but sometimes lonely,en,B1,0.745,"[0.858, 0.737, 0.72, 0.729, 0.744, 0.736, 0.675, 0.75, 0.758, 0.738]",2,3
utt_01403,Ask for directions to the train station.,gare s'il vous plait ou,fr,A2,0.785,"[0.745, 0.945, 0.751, 0.741, 0.745]",1,2
utt_01404,Give your opinion on working from home.,i think working from home is good but sometimes lonely,en,B1,0.89,"[0.704, 0.921, 0.977, 0.999, 0.899, 0.793, 0.974, 0.942, 0.889, 0.806]",3,4
utt_01405,Ask for directions to the train station.,"pardon, pourriez-vous me dire comment aller a la gare?",fr,B2,0.977,"[0.964, 0.98, 1.0, 0.984, 0.96, 0.957, 0.969, 0.983, 1.0]",4,4
utt_01406,Explain how to get from your house to the office.,prendo l'autobus numero dieci e poi cammino cinque minuti fino all'ufficio,it,C1,0.802,"[0.749, 0.815, 0.844, 0.718, 0.782, 0.792, 0.784, 0.847, 0.825, 0.8, 0.862]",4,3
utt_01407,Order a coffee and a pastry at a cafe.,un cafe croissant,es,A2,0.714,"[0.796, 0.791, 0.554]",2,2
utt_01408,Explain how to get from your house to the office.,cammino poi autobus,it,A1,0.799,"[0.756, 0.807, 0.834]",2,2
utt_01409,Order a coffee and a pastry at a cafe.,cafe por favor,es,A1,0.666,"[0.689, 0.644, 0.664]",0,1
utt_01410,Order a coffee and a pastry at a cafe.,un cafe croissant,fr,A2,0.943,"[0.928, 0.949, 0.951]",1,2
utt_01411,Ask for directions to the train station.,gare s'il vous plait ou,fr,A2,0.699,"[0.673, 0.649, 0.682, 0.733, 0.76]",3,1
utt_01412,Order a coffee and a pastry at a cafe.,quisiera un cafe y un croissant por favor,es,B1,0.964,"[1.0, 0.916, 0.964, 1.0, 1.0, 0.943, 0.933, 0.959]",1,3
utt_01413,Explain your plans for the summer holidays.,urlaub spanien vielleicht,de,A2,0.798,"[0.732, 0.798, 0.863]",1,3
utt_01414,Describe your typical workday.,ich fange um neun uhr an zu arbeiten und benutze den ganzen tag den computer,de,B1,0.302,"[0.352, 0.266, 0.312, 0.213, 0.358, 0.284, 0.265, 0.257, 0.285, 0.249, 0.353, 0.254, 0.442, 0.43, 0.207]",3,2
utt_01415,Order a coffee and a pastry at a cafe.,un cafe croissant,es,A2,0.777,"[0.798, 0.758, 0.776]",3,2
utt_01416,Ask for directions to the train station.,ou train,fr,A1,0.802,"[0.9, 0.704]",2,2
utt_01417,Describe your typical workday.,ich fange um neun uhr an zu arbeiten und benutze den ganzen tag den computer und so weiter,de,B1,0.907,"[0.944, 0.953, 0.872, 0.88, 0.861, 0.878, 0.775, 0.953, 1.0, 0.933, 0.85, 0.891, 0.901, 0.871, 0.97, 0.967, 0.864, 0.963]",4,3
utt_01418,Give your opinion on working from home.,"personally i think remote work boosts productivity, but you have to be disciplined to avoid isolation well",en,C1,0.962,"[0.968, 0.965, 0.999, 0.972, 0.976, 0.937, 0.882, 0.95, 0.999, 0.999, 0.999, 0.829, 0.999, 0.981, 0.908, 0.999, 0.987]",4,4
utt_01419,Talk about your favorite hobby and why you like it.,j'aime le foot,fr,A1,0.224,"[0.209, 0.219, 0.243]",0,1
utt_01420,Talk about your favorite hobby and why you like it.,mon passe-temps est le foot le samedi,fr,A2,0.735,"[0.614, 1.0, 0.682, 0.652, 0.766, 0.653, 0.775]",1,2
utt_01421,Describe what you did last weekend.,dormi y comi,es,A1,0.773,"[0.671, 0.761, 0.888]",0,1
utt_01422,Introduce yourself and say where you are from.,me llamo ana,es,A1,0.799,"[0.784, 0.796, 0.816]",1,1
utt_01423,Explain your plans for the summer holidays.,urlaub spanien vielleicht,de,A2,0.762,"[0.844, 0.64, 0.802]",2,3
utt_01424,Talk about your favorite hobby and why you like it.,mon passe-temps est le foot le samedi,fr,A2,0.799,"[0.82, 0.854, 0.923, 0.748, 0.762, 0.69, 0.798]",1,2
utt_01425,Give your opinion on working from home.,home work is good,en,A2,0.736,"[0.778, 0.693, 0.758, 0.715]",2,1
utt_01426,Order a coffee and a pastry at a cafe.,un cafe croissant,es,A2,0.719,"[0.77, 0.716, 0.67]",1,2
utt_01427,Explain your plans for the summer holidays.,sommer ich gehe strand,de,A1,0.565,"[0.573, 0.528, 0.545, 0.613]",1,1
utt_01428,Describe what you did last weekend.,dormi y comi,es,A1,0.614,"[0.565, 0.664, 0.613]",1,1
utt_01429,Describe what you did last weekend.,dormi y comi,es,A1,0.802,"[0.798, 0.787, 0.82]",2,1
utt_01430,Talk about your favorite hobby and why you like it.,mon passe-temps prefere est le foot parce que j'aime jouer en equipe,fr,B1,0.696,"[0.734, 0.706, 0.72, 0.672, 0.719, 0.665, 0.686, 0.669, 0.657, 0.643, 0.714, 0.767]",3,2
utt_01431,Ask for directions to the train station.,excusez-moi ou est la gare s'il vous plait,fr,B1,0.859,"[0.892, 0.891, 0.852, 0.863, 0.855, 0.727, 0.819, 0.975]",3,2
utt_01432,Ask for directions to the train station.,gare s'il vous plait ou,fr,A2,0.624,"[0.683, 0.591, 0.61, 0.614, 0.624]",0,1
utt_01433,Describe what you did last weekend.,"el fin de semana pasado visite el parque, di un largo paseo y luego cene con viejos amigos sabes",es,B2,0.898,"[0.957, 0.806, 0.964, 0.865, 0.922, 0.828, 0.893, 0.904, 0.792, 0.922, 0.968, 0.874, 0.969, 0.873, 0.937, 0.747, 1.0, 0.977, 0.867]",3,4
utt_01434,Describe your typical workday.,ich fange um neun uhr an zu arbeiten und benutze den ganzen tag den computer,de,B1,0.223,"[0.051, 0.256, 0.099, 0.27, 0.267, 0.144, 0.331, 0.303, 0.318, 0.23, 0.101, 0.318, 0.205, 0.103, 0.352]",2,2
utt_01435,Describe your typical workday.,morgens arbeit dann zuhause,de,A2,0.826,"[0.912, 0.732, 0.917, 0.743]",3,2
utt_01436,Describe what you did last weekend.,dormi y comi,es,A1,0.727,"[0.672, 0.649, 0.86]",3,1
utt_01437,Talk about a book or film you enjoyed recently.,i recently watched a film about space travel that i loved - the story was moving and the visuals were stunning,en,A2,0.909,"[0.86, 0.843, 0.999, 0.873, 0.993, 0.844, 0.923, 0.806, 0.884, 0.898, 0.996, 0.984, 0.889, 0.786, 0.904, 0.988, 0.999, 0.844, 0.891, 0.896, 0.997]",4,3
utt_01438,Talk about your favorite hobby and why you like it.,j'aime le foot,fr,A1,0.64,"[0.576, 0.71, 0.635]",1,1
utt_01439,Introduce yourself and say where you are from.,soy de madrid,es,A2,0.659,"[0.638, 0.693, 0.646]",1,1
utt_01440,Talk about your favorite hobby and why you like it.,j'aime le foot,fr,A1,0.93,"[0.965, 0.887, 0.937]",1,2
utt_01441,Describe your typical workday.,ich fange um neun uhr an zu arbeiten und benutze den ganzen tag den computer weißt du,de,B1,0.816,"[0.791, 0.881, 0.796, 0.795, 0.888, 0.916, 0.858, 0.779, 0.788, 0.824, 0.838, 0.759, 0.863, 0.824, 0.715, 0.763, 0.789]",4,3
utt_01442,Describe your typical workday.,ich fange um neun uhr an zu arbeiten und benutze den ganzen tag den computer also,de,B1,0.811,"[0.78, 0.904, 0.799, 0.731, 0.798, 0.762, 0.805, 0.821, 0.861, 0.783, 0.888, 0.842, 0.74, 0.924, 0.805, 0.732]",2,3
utt_01443,Talk about a book or film you enjoyed recently.,i recently enjoyed a film about space travel; the story was really moving,en,A2,0.758,"[0.605, 0.91, 0.653, 0.733, 0.825, 0.754, 0.725, 0.67, 0.889, 0.78, 0.787, 0.735, 0.786]",3,3
utt_01444,Order a coffee and a pastry at a cafe.,"podria darme un cafe y un croissant de chocolate, por favor? gracias",es,B2,0.784,"[0.881, 0.923, 0.716, 0.67, 0.702, 0.789, 0.845, 0.775, 0.729, 0.866, 0.689, 0.82]",3,3
utt_01445,Order a coffee and a pastry at a cafe.,uh uh [inaudible],es,A1,0.939,"[0.924, 0.96, 0.933]",3,2
utt_01446,Describe what you did last weekend.,el fin de semana pasado fui al parque y luego cene con unos amigos o sea,es,B1,0.896,"[0.944, 0.921, 1.0, 0.895, 0.894, 1.0, 1.0, 0.775, 0.907, 0.817, 0.879, 0.72, 0.938, 0.865, 0.952, 0.83]",2,3
utt_01447,Describe what you did last weekend.,"el fin de semana pasado visite el parque, di un largo paseo y luego cene con viejos etcetera you know",es,C1,0.77,"[0.767, 0.732, 0.866, 0.86, 0.816, 0.738, 0.9, 0.653, 0.663, 0.755, 0.918, 0.747, 0.748, 0.661, 0.827, 0.828, 0.816, 0.717, 0.712, 0.671]",3,3
utt_01448,Give your opinion on working from home.,i think working from home is good but sometimes lonely,en,A2,0.785,"[0.759, 0.743, 0.805, 0.989, 0.722, 0.76, 0.657, 0.785, 0.656, 0.972]",2,3
utt_01449,Give your opinion on working from home.,i like home,en,A2,0.866,"[0.814, 0.939, 0.845]",1,2
utt_01450,Describe what you did last weekend.,"el fin de semana pasado visite el parque, di un largo paseo y luego cene con viejos amigos bueno",es,B2,0.723,"[0.739, 0.664, 0.658, 0.706, 0.702, 0.699, 0.764, 0.739, 0.715, 0.745, 0.67, 0.74, 0.743, 0.637, 0.798, 0.677, 0.739, 0.808, 0.793]",2,3
utt_01451,Give your opinion on working from home.,i believe working from home is convenient though it can feel isolating and so on,en,A1,0.773,"[0.775, 0.745, 0.828, 0.684, 0.732, 0.85, 0.652, 0.825, 0.82, 0.771, 0.877, 0.671, 0.786, 0.807, 0.777]",3,3
utt_01452,Talk about a book or film you enjoyed recently.,i recently enjoyed a film about space travel; the story was really moving well,en,C1,0.953,"[0.999, 0.907, 0.871, 0.996, 0.999, 0.999, 0.836, 0.999, 0.977, 0.999, 0.865, 0.946, 0.947, 0.999]",4,4
utt_01453,Talk about your favorite hobby and why you like it.,j'aime le foot,fr,A1,0.564,"[0.556, 0.536, 0.601]",0,1
utt_01454,Give your opinion on working from home.,i like home,en,A1,0.688,"[0.746, 0.6, 0.718]",2,1
utt_01455,Give your opinion on working from home.,no sé,en,A1,0.829,"[0.811, 0.847]",0,1
utt_01456,Explain your plans for the summer holidays.,diesen sommer moechte ich mit meiner familie nach spanien fahren ehrlich gesagt,de,B1,0.842,"[0.914, 0.776, 0.757, 0.621, 0.858, 0.833, 0.963, 0.88, 0.984, 0.768, 0.963, 0.786]",3,3
utt_01457,Explain how to get from your house to the office.,prendo l'autobus e poi cammino fino all'ufficio sai,it,B1,0.682,"[0.772, 0.613, 0.733, 0.575, 0.698, 0.748, 0.679, 0.642]",2,2
utt_01458,Describe what you did last weekend.,xxx xxx,es,A2,0.88,"[0.91, 0.85]",2,2
utt_01459,Talk about a book or film you enjoyed recently.,i recently enjoyed a film about space travel; the story was really moving and so on,en,A1,0.776,"[0.784, 0.674, 0.661, 0.828, 0.751, 0.786, 0.833, 0.881, 0.716, 0.787, 0.823, 0.805, 0.666, 0.886, 0.764, 0.772]",3,3
utt_01460,Talk about your favorite hobby and why you like it.,j'aime le foot,fr,A1,0.703,"[0.683, 0.678, 0.747]",1,1
utt_01461,Talk about your favorite hobby and why you like it.,mon passe-temps est le foot le samedi,fr,A2,0.803,"[0.698, 0.743, 0.967, 0.839, 0.84, 0.777, 0.754]",1,2
utt_01462,Talk about a book or film you enjoyed recently.,uh,en,A1,0.681,[0.681],0,1
utt_01463,Explain your plans for the summer holidays.,diesen sommer moechte ich mit meiner familie nach spanien fahren,de,B1,0.815,"[0.693, 0.811, 0.825, 0.729, 0.778, 0.722, 0.855, 0.914, 0.934, 0.886]",4,2
utt_01464,Introduce yourself and say where you are from.,soy de madrid,es,A2,0.691,"[0.741, 0.658, 0.673]",1,1
utt_01465,Describe your typical workday.,ich arbeite computer,de,A1,0.875,"[0.85, 0.869, 0.905]",1,1
utt_01466,Talk about your favorite hobby and why you like it.,mon passe-temps prefere est le foot; je l'adore car ca me maintient en forme et j'aime le travail d'equipe,fr,C1,0.948,"[0.95, 0.999, 0.999, 0.958, 0.924, 0.928, 0.999, 0.873, 0.873, 0.894, 0.96, 0.999, 0.981, 0.964, 0.968, 0.845, 0.999, 0.999, 0.902]",4,4
utt_01467,Order a coffee and a pastry at a cafe.,quisiera un cafe y un croissant por favor,es,B1,0.83,"[0.827, 0.832, 0.83, 0.831, 0.834, 0.826, 0.832, 0.83]",1,1
utt_01468,Ask for directions to the train station.,gare s'il vous plait ou,fr,A2,0.66,"[0.651, 0.679, 0.679, 0.638, 0.655]",1,1
utt_01469,Explain your plans for the summer holidays.,sommer ich gehe strand,de,A1,0.667,"[0.67, 0.642, 0.685, 0.67]",0,1
utt_01470,Explain how to get from your house to the office.,prendo autobus ufficio,it,A2,0.726,"[0.892, 0.577, 0.709]",3,2
utt_01471,Order a coffee and a pastry at a cafe.,un cafe croissant,es,A2,0.668,"[0.65, 0.753, 0.601]",2,1
utt_01472,Talk about your favorite hobby and why you like it.,mon passe-temps prefere est le foot; je l'adore car ca me maintient en forme et j'aime le travail d'equipe bon,fr,B2,0.96,"[0.981, 0.94, 0.936, 0.906, 0.947, 1.0, 0.965, 0.992, 1.0, 0.977, 0.943, 0.986, 0.944, 0.945, 0.903, 1.0, 0.95, 0.974, 0.923, 0.984]",4,4
utt_01473,Describe your typical workday.,??? ???,de,A2,0.607,"[0.581, 0.632]",2,1
utt_01474,Give your opinion on working from home.,"personally i think remote work boosts productivity, but you have to be disciplined to avoid isolation",en,C1,0.908,"[0.962, 0.797, 0.811, 0.96, 0.86, 0.959, 0.91, 0.963, 0.951, 0.859, 0.999, 0.93, 0.719, 0.999, 0.895, 0.958]",4,4
utt_01475,Describe your typical workday.,ich fange um neun uhr an zu arbeiten und benutze den ganzen tag den computer weißt du,de,B1,0.169,"[0.175, 0.174, 0.162, 0.135, 0.207, 0.188, 0.173, 0.151, 0.16, 0.154, 0.181, 0.166, 0.15, 0.155, 0.179, 0.186, 0.185]",1,2
utt_01476,Order a coffee and a pastry at a cafe.,quisiera un cafe y un croissant por favor,es,B1,0.353,"[0.463, 0.127, 0.447, 0.262, 0.359, 0.292, 0.45, 0.422]",3,2
utt_01477,Talk about your favorite hobby and why you like it.,mon passe-temps prefere est le foot parce que j'aime jouer en equipe you know,fr,B1,0.641,"[0.718, 0.621, 0.331, 0.674, 0.645, 0.659, 0.65, 0.516, 0.699, 0.706, 0.711, 0.737, 0.704, 0.605]",1,3
utt_01478,Describe your typical workday.,ich arbeite computer,de,A1,0.741,"[0.731, 0.745, 0.746]",2,1
utt_01479,Give your opinion on working from home.,i like home,en,A1,0.573,"[0.607, 0.464, 0.649]",2,1
utt_01480,Talk about a book or film you enjoyed recently.,i like film action,en,A1,0.631,"[0.648, 0.63, 0.54, 0.708]",2,1
utt_01481,Talk about your favorite hobby and why you like it.,mon passe-temps prefere est le foot; je l'adore car ca me maintient en forme et j'aime le travail d'equipe,fr,B2,0.772,"[0.838, 0.816, 0.906, 0.914, 0.78, 0.534, 0.853, 0.741, 0.725, 0.75, 0.747, 0.814, 0.677, 0.707, 0.797, 0.814, 0.816, 0.726, 0.714]",1,4
utt_01482,Explain your plans for the summer holidays.,fuer die sommerferien plane ich nach spanien zu reisen und die kueste zu besuchen ehrlich gesagt,de,B2,0.701,"[0.657, 0.717, 0.816, 0.534, 0.68, 0.591, 0.566, 0.775, 0.741, 0.733, 0.771, 0.659, 0.663, 0.872, 0.678, 0.756]",2,4
utt_01483,Describe what you did last weekend.,el fin de semana fui al parque con amigos,es,A2,0.515,"[0.522, 0.419, 0.408, 0.49, 0.581, 0.566, 0.573, 0.467, 0.612]",1,1
utt_01484,Explain how to get from your house to the office.,prendo autobus ufficio,it,A2,0.592,"[0.562, 0.612, 0.603]",0,1
utt_01485,Order a coffee and a pastry at a cafe.,un cafe croissant,es,A2,0.645,"[0.616, 0.752, 0.568]",1,1
utt_01486,Describe your typical workday.,"an einem typischen tag fange ich um neun an, beantworte e-mails und habe nachmittags besprechungen",de,B2,0.323,"[0.22, 0.32, 0.289, 0.567, 0.369, 0.289, 0.241, 0.181, 0.244, 0.327, 0.424, 0.401, 0.336, 0.295, 0.339]",3,3
utt_01487,Talk about a book or film you enjoyed recently.,...,en,A1,0.473,[0.473],1,1
utt_01488,Ask for directions to the train station.,...,fr,B2,0.649,[0.649],2,2
utt_01489,Order a coffee and a pastry at a cafe.,un cafe croissant,es,A2,0.689,"[0.818, 0.619, 0.629]",1,1
utt_01490,Explain how to get from your house to the office.,uh,it,B2,0.449,[0.449],2,1
utt_01491,Describe your typical workday.,morgens arbeit dann zuhause,de,A2,0.798,"[0.807, 0.893, 0.734, 0.76]",3,2
utt_01492,Describe your typical workday.,"an einem typischen tag fange ich um neun an, beantworte e-mails und habe nachmittags besprechungen",de,B2,0.945,"[1.0, 0.863, 1.0, 0.921, 0.929, 0.885, 0.976, 1.0, 1.0, 0.9, 1.0, 0.934, 1.0, 1.0, 0.774]",3,4
utt_01493,Introduce yourself and say where you are from.,soy de madrid,es,A2,0.815,"[0.747, 0.875, 0.823]",2,2
utt_01494,Describe what you did last weekend.,dormi y comi i mean,es,A1,0.59,"[0.557, 0.574, 0.518, 0.598, 0.701]",1,1
utt_01495,Introduce yourself and say where you are from.,me llamo ana,es,A1,0.794,"[0.751, 0.874, 0.758]",2,2
utt_01496,Order a coffee and a pastry at a cafe.,cafe por favor,es,A1,0.758,"[0.747, 0.85, 0.676]",3,1
utt_01497,Order a coffee and a pastry at a cafe.,cafe por favor,fr,A1,0.729,"[0.568, 0.717, 0.903]",2,2
utt_01498,Introduce yourself and say where you are from.,me llamo ana,es,A1,0.982,"[0.947, 1.0, 1.0]",2,2
utt_01499,Talk about a book or film you enjoyed recently.,i recently enjoyed a film about space travel; the story was really moving and so on,en,B1,0.837,"[0.758, 0.698, 0.899, 0.999, 0.953, 0.808, 0.821, 0.83, 0.912, 0.718, 0.821, 0.783, 0.946, 0.831, 0.697, 0.926]",3,4
utt_01500,Talk about your favorite hobby and why you like it.,mon passe-temps est le foot le samedi,fr,A2,0.957,"[0.936, 0.926, 0.962, 0.992, 0.99, 0.896, 1.0]",3,3
utt_01501,Ask for directions to the train station.,"pardon, pourriez-vous me dire comment aller a gare? et cetera i mean",fr,B2,0.326,"[0.325, 0.325, 0.325, 0.328, 0.326, 0.325, 0.326, 0.326, 0.325, 0.326, 0.325, 0.325]",4,2
utt_01502,Give your opinion on working from home.,i think working from home is good but sometimes lonely,en,B2,0.712,"[0.763, 0.697, 0.769, 0.634, 0.679, 0.746, 0.62, 0.65, 0.764, 0.798]",2,2
utt_01503,Introduce yourself and say where you are from.,soy de madrid,es,A2,0.877,"[0.834, 0.854, 0.943]",1,2
utt_01504,Describe your typical workday.,"an einem typischen tag fange ich um neun an, beantworte e-mails und habe nachmittags besprechungen und so weiter",de,C1,0.8,"[0.957, 0.784, 0.959, 0.759, 0.75, 0.783, 0.763, 0.753, 0.902, 0.793, 0.855, 0.89, 0.819, 0.67, 0.628, 0.793, 0.758, 0.786]",2,3
utt_01505,Explain your plans for the summer holidays.,urlaub spanien vielleicht,de,A2,0.771,"[0.739, 0.933, 0.64]",2,3
utt_01506,Give your opinion on working from home.,"personally i think remote work boosts productivity, but you have to be disciplined to avoid isolation",en,C1,0.835,"[0.893, 0.841, 0.802, 0.718, 0.925, 0.784, 0.746, 0.723, 0.907, 0.944, 0.938, 0.999, 0.844, 0.626, 0.834, 0.84]",4,4
utt_01507,Ask for directions to the train station.,excusez-moi ou est la gare s'il vous plait,fr,B1,0.649,"[0.698, 0.672, 0.654, 0.596, 0.629, 0.596, 0.695, 0.656]",1,2
utt_01508,Ask for directions to the train station.,excusez-moi ou est la gare s'il vous plait tu vois,fr,B1,0.588,"[0.498, 0.607, 0.574, 0.606, 0.619, 0.652, 0.521, 0.565, 0.612, 0.628]",2,2
utt_01509,Describe your typical workday.,ich arbeite computer,de,A1,0.878,"[0.913, 0.876, 0.845]",0,2
utt_01510,Explain how to get from your house to the office.,prendo l'autobus e poi cammino fino all'ufficio,it,B1,0.618,"[0.591, 0.609, 0.608, 0.678, 0.655, 0.567, 0.616]",1,1
utt_01511,Explain how to get from your house to the office.,prendo l'autobus e poi cammino fino all'ufficio sinceramente,it,B1,0.203,"[0.238, 0.203, 0.217, 0.205, 0.286, 0.196, 0.155, 0.121]",4,4
utt_01512,Ask for directions to the train station.,ou train,fr,A1,0.748,"[0.843, 0.654]",2,2
utt_01513,Talk about a book or film you enjoyed recently.,eh no can,en,A1,0.555,"[0.578, 0.457, 0.629]",1,1
utt_01514,Order a coffee and a pastry at a cafe.,"podria darme un cafe y un croissant de chocolate, por favor? gracias la verdad",es,B2,0.782,"[0.762, 0.76, 0.665, 0.701, 0.844, 0.796, 0.785, 0.802, 0.785, 0.88, 0.787, 0.657, 0.911, 0.808]",2,3
utt_01515,Order a coffee and a pastry at a cafe.,un cafe croissant,es,A2,0.881,"[0.876, 0.842, 0.926]",3,2
utt_01516,Ask for directions to the train station.,excusez-moi ou est la gare s'il vous plait bon,fr,B1,0.389,"[0.34, 0.528, 0.315, 0.26, 0.453, 0.456, 0.372, 0.428, 0.349]",2,2
utt_01517,Order a coffee and a pastry at a cafe.,"podria darme un cafe y un croissant de chocolate, favor? gracias etcetera i mean",es,C1,0.82,"[0.83, 0.877, 0.85, 0.809, 0.886, 0.698, 0.922, 0.731, 0.786, 0.816, 0.81, 0.869, 0.764, 0.831]",3,4
utt_01518,Talk about a book or film you enjoyed recently.,i watched a good film last week about space,en,A2,0.794,"[0.853, 0.906, 0.707, 0.709, 0.915, 0.697, 0.906, 0.656, 0.795]",2,2
utt_01519,Describe what you did last weekend.,el fin de semana al parque con amigos you know,es,A2,0.785,"[0.812, 0.82, 0.721, 0.905, 0.802, 0.706, 0.963, 0.687, 0.741, 0.692]",1,3
utt_01520,Ask for directions to the train station.,excusez-moi ou est la gare s'il vous plait,fr,B1,0.931,"[0.899, 0.949, 0.928, 0.937, 0.9, 0.902, 0.949, 0.986]",3,2
utt_01521,Talk about your favorite hobby and why you like it.,j'aime le foot,fr,A1,0.772,"[0.759, 0.748, 0.808]",2,2
utt_01522,Talk about a book or film you enjoyed recently.,i watched a good film last week about space,en,B2,0.812,"[0.813, 0.894, 0.911, 0.772, 0.727, 0.848, 0.757, 0.709, 0.879]",2,2
utt_01523,Describe your typical workday.,morgens arbeit dann zuhause,de,A2,0.709,"[0.808, 0.62, 0.719, 0.689]",2,2
utt_01524,Explain your plans for the summer holidays.,sommer ich gehe strand,de,A1,0.832,"[0.864, 0.928, 0.799, 0.735]",3,2
utt_01525,Talk about your favorite hobby and why you like it.,j'aime le foot,fr,A1,0.75,"[0.746, 0.735, 0.769]",0,2
utt_01526,Talk about a book or film you enjoyed recently.,i watched a good film last week about space,en,B2,0.84,"[0.849, 0.771, 0.847, 0.99, 0.924, 0.854, 0.781, 0.722, 0.819]",1,3
utt_01527,Introduce yourself and say where you are from.,hola me llamo ana soy de madrid la verdad,es,B1,0.962,"[0.999, 0.937, 0.96, 0.958, 0.971, 0.999, 0.937, 0.934, 0.961]",2,2
utt_01528,Talk about a book or film you enjoyed recently.,i watched a good film last week about space,en,A2,0.904,"[0.941, 0.934, 0.762, 0.928, 0.881, 0.98, 0.9, 0.998, 0.809]",2,3
utt_01529,Order a coffee and a pastry at a cafe.,cafe por favor i mean,es,A1,0.768,"[0.721, 0.82, 0.746, 0.777, 0.778]",4,2
utt_01530,Talk about your favorite hobby and why you like it.,mon passe-temps prefere est le foot parce que j'aime jouer en equipe,fr,B1,0.865,"[0.88, 0.859, 0.909, 0.787, 0.993, 0.839, 0.739, 0.879, 0.782, 0.924, 1.0, 0.788]",4,4
utt_01531,Explain your plans for the summer holidays.,sommer ich gehe strand,de,A1,0.534,"[0.601, 0.445, 0.572, 0.517]",0,2
utt_01532,Talk about your favorite hobby and why you like it.,j'aime le foot,fr,A1,0.732,"[0.6, 0.727, 0.869]",1,2
utt_01533,Ask for directions to the train station.,gare s'il vous plait ou,fr,A2,0.56,"[0.609, 0.485, 0.616, 0.537, 0.552]",1,1
utt_01534,Introduce yourself and say where you are from.,hola me llamo ana soy de madrid sabes well,es,B1,0.875,"[0.791, 0.954, 0.978, 0.891, 0.812, 1.0, 0.822, 0.697, 0.929]",3,3
utt_01535,Order a coffee and a pastry at a cafe.,quisiera un cafe y un croissant por favor etcetera,es,B1,0.86,"[0.746, 0.888, 0.892, 0.948, 0.852, 0.931, 0.868, 0.819, 0.792]",2,3
utt_01536,Talk about a book or film you enjoyed recently.,i watched a good film last week about space,en,B2,0.816,"[0.806, 0.76, 0.813, 0.816, 0.812, 0.758, 0.857, 0.854, 0.871]",3,3
utt_01537,Order a coffee and a pastry at a cafe.,un cafe croissant,es,A2,0.441,"[0.341, 0.508, 0.475]",0,1
utt_01538,Ask for directions to the train station.,excusez-moi ou est la gare s'il vous plait tu vois,fr,B1,0.774,"[0.653, 0.872, 0.729, 0.832, 0.915, 0.642, 0.709, 0.76, 0.929, 0.7]",2,3
utt_01539,Give your opinion on working from home.,i think working from home is good but sometimes lonely,en,B1,0.521,"[0.533, 0.596, 0.559, 0.415, 0.496, 0.52, 0.526, 0.531, 0.601, 0.434]",3,2
utt_01540,Order a coffee and a pastry at a cafe.,quisiera un cafe y un croissant por favor o sea you know,es,B1,0.733,"[0.69, 0.758, 0.691, 0.737, 0.629, 0.868, 0.642, 0.707, 0.725, 0.849, 0.643, 0.854]",3,2
utt_01541,Talk about your favorite hobby and why you like it.,[inaudible] brrr klk mmm mmm,fr,A1,0.913,"[0.958, 0.938, 0.854, 0.947, 0.869]",2,3
utt_01542,Order a coffee and a pastry at a cafe.,quisiera un cafe y un croissant por favor o sea,es,B1,0.598,"[0.706, 0.508, 0.584, 0.545, 0.507, 0.659, 0.641, 0.701, 0.437, 0.688]",1,2
utt_01543,Introduce yourself and say where you are from.,hola me llamo ana soy de madrid,es,B1,0.784,"[0.961, 0.708, 0.909, 0.724, 0.63, 0.721, 0.836]",3,2
utt_01544,Introduce yourself and say where you are from.,hola me llamo ana soy de madrid,es,B1,0.767,"[0.691, 0.711, 0.812, 0.762, 0.811, 0.782, 0.802]",2,1
utt_01545,Explain your plans for the summer holidays.,fuer die sommerferien plane ich nach spanien zu reisen und die kueste zu besuchen und so weiter,de,B2,0.928,"[0.919, 0.961, 0.888, 1.0, 0.906, 1.0, 0.932, 0.96, 0.915, 0.882, 0.836, 0.88, 0.926, 0.96, 1.0, 0.918, 0.891]",3,4
utt_01546,Talk about your favorite hobby and why you like it.,j'aime le foot,fr,A1,0.93,"[0.828, 0.962, 1.0]",2,3
utt_01547,Explain how to get from your house to the office.,prendo l'autobus numero dieci e poi cammino cinque minuti fino all'ufficio sai,it,C1,0.582,"[0.669, 0.612, 0.605, 0.713, 0.574, 0.606, 0.508, 0.402, 0.471, 0.539, 0.547, 0.736]",2,3
utt_01548,Explain your plans for the summer holidays.,uh uh [inaudible],de,B1,0.874,"[0.856, 0.956, 0.809]",2,4
utt_01549,Order a coffee and a pastry at a cafe.,cafe por favor,es,A1,0.606,"[0.611, 0.601, 0.607]",1,1
utt_01550,Introduce yourself and say where you are from.,"hola, me llamo ana y soy de madrid en espana etcetera",es,B2,0.709,"[0.709, 0.674, 0.737, 0.686, 0.65, 0.819, 0.668, 0.752, 0.647, 0.722, 0.736]",3,2
utt_01551,Talk about your favorite hobby and why you like it.,mon passe-temps est le foot le samedi,fr,A2,0.941,"[0.967, 0.832, 0.957, 1.0, 0.984, 0.979, 0.866]",3,3
utt_01552,Explain how to get from your house to the office.,cammino poi autobus,it,A1,0.752,"[0.689, 0.784, 0.784]",1,1
utt_01553,Give your opinion on working from home.,"personally i think remote work boosts productivity, but you have to be disciplined to avoid isolation",en,C1,0.711,"[0.728, 0.684, 0.679, 0.668, 0.693, 0.808, 0.651, 0.619, 0.768, 0.736, 0.827, 0.612, 0.633, 0.667, 0.792, 0.809]",4,4
utt_01554,Order a coffee and a pastry at a cafe.,quisiera un cafe un croissant por favor i mean,es,B1,0.638,"[0.669, 0.67, 0.605, 0.699, 0.676, 0.537, 0.595, 0.68, 0.613]",2,2
utt_01555,Explain how to get from your house to the office.,prendo l'autobus e poi cammino fino all'ufficio sai,it,B1,0.425,"[0.514, 0.425, 0.461, 0.436, 0.371, 0.288, 0.463, 0.446]",2,1
utt_01556,Talk about your favorite hobby and why you like it.,j'aime le foot,fr,A1,0.688,"[0.639, 0.721, 0.704]",2,1
utt_01557,Talk about a book or film you enjoyed recently.,i like film action,en,A1,0.804,"[0.698, 0.828, 0.862, 0.828]",1,2
utt_01558,Talk about your favorite hobby and why you like it.,mon passe-temps prefere est le foot; je l'adore car ca me maintient en forme et j'aime le travail d'equipe bon,fr,B2,0.682,"[0.636, 0.551, 0.741, 0.666, 0.735, 0.845, 0.507, 0.629, 0.67, 0.811, 0.55, 0.851, 0.699, 0.68, 0.671, 0.651, 0.776, 0.598, 0.717, 0.656]",2,4
utt_01559,Talk about your favorite hobby and why you like it.,j'aime le foot,fr,A1,0.656,"[0.647, 0.706, 0.614]",2,1
utt_01560,Talk about your favorite hobby and why you like it.,mon passe-temps prefere est le foot parce que j'aime jouer en equipe tu vois,fr,B1,0.692,"[0.63, 0.876, 0.717, 0.731, 0.769, 0.582, 0.815, 0.502, 0.63, 0.652, 0.729, 0.702, 0.674, 0.685]",3,2
utt_01561,Introduce yourself and say where you are from.,soy de madrid,es,A2,0.926,"[0.905, 0.878, 0.996]",3,2
utt_01562,Describe what you did last weekend.,dormi y comi well,es,A1,0.611,"[0.619, 0.661, 0.666, 0.497]",1,1
utt_01563,Order a coffee and a pastry at a cafe.,cafe por favor,es,A1,0.586,"[0.637, 0.549, 0.571]",1,1
utt_01564,Describe your typical workday.,ich fange um neun uhr an zu arbeiten und benutze den ganzen tag den computer also,de,B1,0.766,"[0.746, 0.677, 0.689, 0.793, 0.769, 0.774, 0.848, 0.749, 0.722, 0.851, 0.757, 0.702, 0.779, 0.842, 0.713, 0.839]",3,3
utt_01565,Ask for directions to the train station.,"pardon, pourriez-vous me dire comment aller a la gare? tu vois",fr,C1,0.962,"[0.976, 1.0, 0.886, 0.976, 0.917, 1.0, 0.997, 0.947, 0.913, 0.993, 0.974]",4,3
utt_01566,Give your opinion on working from home.,i like home,en,A2,0.66,"[0.509, 0.752, 0.718]",1,1
utt_01567,Explain your plans for the summer holidays.,diesen sommer moechte ich mit meiner familie nach spanien fahren,de,B1,0.535,"[0.499, 0.459, 0.524, 0.639, 0.615, 0.472, 0.469, 0.623, 0.471, 0.575]",1,1
utt_01568,Introduce yourself and say where you are from.,soy de madrid,es,A2,0.619,"[0.584, 0.696, 0.576]",0,1
utt_01569,Describe what you did last weekend.,"el fin de semana pasado visite el parque, di un largo paseo y luego cene con viejos amigos",es,B2,0.946,"[0.999, 0.96, 0.963, 0.874, 0.864, 0.944, 0.963, 0.908, 0.909, 0.975, 0.975, 0.947, 0.984, 0.906, 0.938, 1.0, 0.956, 0.958]",3,3
utt_01570,Order a coffee and a pastry at a cafe.,cafe por favor,es,A1,0.898,"[1.0, 0.767, 0.926]",2,2
utt_01571,Talk about a book or film you enjoyed recently.,book is good,en,A2,0.577,"[0.441, 0.67, 0.621]",2,1
utt_01572,Describe your typical workday.,ich fange um neun uhr an zu arbeiten und benutze den ganzen tag den computer weißt du,de,B1,0.325,"[0.477, 0.251, 0.385, 0.176, 0.209, 0.331, 0.378, 0.415, 0.466, 0.28, 0.423, 0.249, 0.39, 0.311, 0.338, 0.336, 0.105]",4,3
utt_01573,Describe your typical workday.,morgens arbeit dann zuhause,de,A2,0.776,"[0.768, 0.783, 0.761, 0.792]",1,1
utt_01574,Talk about a book or film you enjoyed recently.,i watched a good film last week about space,en,A2,0.739,"[0.751, 0.812, 0.681, 0.793, 0.698, 0.631, 0.729, 0.726, 0.834]",3,2
utt_01575,Explain how to get from your house to the office.,prendo l'autobus numero dieci e poi cammino cinque minuti fino all'ufficio,it,B2,0.826,"[0.844, 0.822, 0.764, 0.864, 0.891, 0.815, 0.829, 0.817, 0.83, 0.804, 0.808]",1,2
utt_01576,Talk about a book or film you enjoyed recently.,i like film action,en,A2,0.892,"[0.866, 0.956, 0.789, 0.958]",1,1
utt_01577,Order a coffee and a pastry at a cafe.,??? ???,es,B1,0.821,"[0.792, 0.85]",2,2
utt_01578,Talk about a book or film you enjoyed recently.,i like film action,en,A1,0.653,"[0.652, 0.689, 0.595, 0.675]",0,1
utt_01579,Describe what you did last weekend.,el fin de semana fui al parque con amigos,es,A2,0.657,"[0.561, 0.65, 0.576, 0.767, 0.617, 0.558, 0.701, 0.777, 0.703]",1,2
utt_01580,Explain how to get from your house to the office.,prendo l'autobus e poi cammino fino all'ufficio eccetera,it,B1,0.465,"[0.486, 0.499, 0.565, 0.415, 0.465, 0.443, 0.396, 0.451]",4,1
utt_01581,Talk about a book or film you enjoyed recently.,i recently watched a film about space travel that i loved - the story was moving and the visuals were stunning,en,C1,0.8,"[0.963, 0.744, 0.751, 0.721, 0.745, 0.753, 0.708, 0.821, 0.999, 0.82, 0.817, 0.969, 0.756, 0.749, 0.778, 0.92, 0.742, 0.689, 0.78, 0.852, 0.728]",4,3
utt_01582,Talk about a book or film you enjoyed recently.,i not know how say,en,A1,0.587,"[0.618, 0.547, 0.663, 0.469, 0.638]",0,1
utt_01583,Explain how to get from your house to the office.,prendo l'autobus e poi cammino fino all'ufficio,it,B1,0.715,"[0.768, 0.734, 0.739, 0.707, 0.731, 0.647, 0.678]",2,2
utt_01584,Explain your plans for the summer holidays.,fuer die sommerferien plane ich nach spanien zu reisen und die kueste zu besuchen und so weiter,de,B2,0.783,"[0.805, 0.812, 0.816, 0.774, 0.752, 1.0, 0.87, 0.825, 0.766, 0.746, 0.775, 0.814, 0.615, 0.643, 0.729, 0.806, 0.765]",4,3
utt_01585,Introduce yourself and say where you are from.,soy de madrid,es,A2,0.817,"[0.938, 0.731, 0.782]",3,1
utt_01586,Give your opinion on working from home.,i think working from home is good but sometimes lonely,en,A2,0.761,"[0.856, 0.708, 0.781, 0.824, 0.679, 0.645, 0.811, 0.927, 0.603, 0.773]",3,3
utt_01587,Give your opinion on working from home.,...,en,A1,0.569,[0.569],0,1
utt_01588,Introduce yourself and say where you are from.,hola me llamo ana soy de madrid etcetera,es,B1,0.688,"[0.792, 0.683, 0.742, 0.834, 0.618, 0.665, 0.651, 0.519]",2,2
utt_01589,Introduce yourself and say where you are from.,soy de madrid,es,A2,0.584,"[0.553, 0.608, 0.592]",0,1
utt_01590,Order a coffee and a pastry at a cafe.,quisiera un cafe y un croissant por favor o sea,es,B1,0.691,"[0.709, 0.666, 0.654, 0.737, 0.661, 0.695, 0.689, 0.746, 0.724, 0.626]",2,2
utt_01591,Talk about a book or film you enjoyed recently.,i watched a good film last week about space,en,A2,0.707,"[0.574, 0.68, 0.734, 0.709, 0.701, 0.797, 0.811, 0.688, 0.667]",2,2
utt_01592,Give your opinion on working from home.,"personally i think remote work boosts productivity, but you have to be disciplined to avoid isolation well",en,C1,0.9,"[0.987, 0.999, 0.839, 0.914, 0.954, 0.999, 0.888, 0.973, 0.935, 0.808, 0.804, 0.781, 0.851, 0.931, 0.747, 0.92, 0.967]",3,4
utt_01593,Explain your plans for the summer holidays.,fuer die sommerferien plane ich nach spanien zu reisen und die kueste zu besuchen und so weiter,de,B2,0.872,"[0.763, 0.899, 0.849, 0.819, 0.933, 0.869, 0.858, 0.915, 0.825, 0.975, 0.794, 0.905, 0.965, 0.748, 0.828, 0.943, 0.944]",4,4
utt_01594,Explain how to get from your house to the office.,prendo l'autobus e poi cammino fino all'ufficio beh,it,B1,0.734,"[0.724, 0.685, 0.803, 0.818, 0.656, 0.653, 0.752, 0.78]",2,2
utt_01595,Order a coffee and a pastry at a cafe.,quisiera un cafe y un croissant por favor well,es,B1,0.717,"[0.674, 0.763, 0.644, 0.578, 0.828, 0.736, 0.8, 0.723, 0.704]",2,2
utt_01596,Talk about a book or film you enjoyed recently.,book is good,en,A1,0.665,"[0.575, 0.735, 0.686]",1,1
utt_01597,Explain how to get from your house to the office.,prendo l'autobus e poi cammino fino all'ufficio,it,B1,0.735,"[0.738, 0.757, 0.73, 0.702, 0.735, 0.745, 0.738]",1,1
utt_01598,Talk about your favorite hobby and why you like it.,mon passe-temps est le foot le samedi,fr,A2,0.763,"[0.717, 0.688, 0.746, 0.809, 0.825, 0.822, 0.733]",3,2
utt_01599,Explain how to get from your house to the office.,prendo autobus ufficio,it,A2,0.766,"[0.708, 0.792, 0.799]",2,2
utt_01600,Explain how to get from your house to the office.,prendo l'autobus numero dieci e poi cammino cinque minuti fino all'ufficio,it,B2,0.832,"[0.867, 0.643, 0.75, 0.827, 0.875, 0.901, 0.843, 0.861, 0.838, 0.893, 0.859]",4,3
utt_01601,Explain how to get from your house to the office.,cammino poi autobus,it,A1,0.718,"[0.727, 0.699, 0.728]",2,1
utt_01602,Order a coffee and a pastry at a cafe.,quisiera un cafe y un croissant por favor,es,B1,0.589,"[0.609, 0.593, 0.602, 0.67, 0.593, 0.529, 0.637, 0.478]",2,1
utt_01603,Talk about your favorite hobby and why you like it.,mon passe-temps prefere est le foot; je l'adore car ca me maintient en forme et j'aime le travail d'equipe franchement,fr,C1,0.311,"[0.262, 0.333, 0.342, 0.254, 0.297, 0.286, 0.292, 0.363, 0.351, 0.315, 0.289, 0.249, 0.387, 0.346, 0.281, 0.352, 0.312, 0.302, 0.338, 0.279]",4,4
utt_01604,Order a coffee and a pastry at a cafe.,"podria darme un cafe y un croissant de chocolate, por favor? gracias bueno",es,B2,0.95,"[0.956, 0.979, 0.948, 1.0, 1.0, 0.936, 0.89, 0.874, 0.966, 0.94, 0.984, 0.98, 0.894]",3,3
utt_01605,Give your opinion on working from home.,i think working from home is good but sometimes lonely,en,A1,0.651,"[0.513, 0.764, 0.57, 0.697, 0.756, 0.621, 0.737, 0.676, 0.607, 0.568]",2,2
utt_01606,Describe what you did last weekend.,"el fin de semana pasado visite el parque, di un largo paseo y luego cene con viejos amigos la verdad i mean",es,C1,0.953,"[0.898, 0.981, 0.974, 0.952, 0.904, 0.987, 1.0, 0.98, 0.936, 0.971, 0.916, 1.0, 0.972, 0.9, 0.957, 0.987, 0.956, 0.958, 0.921, 0.991, 0.944, 0.885]",3,4
utt_01607,Explain how to get from your house to the office.,??? ???,it,B2,0.9,"[0.85, 0.95]",4,2
utt_01608,Order a coffee and a pastry at a cafe.,cafe por favor,es,A1,0.933,"[0.87, 1.0, 0.93]",3,3
utt_01609,Describe what you did last weekend.,el fin de semana pasado fui al parque y luego cene con unos amigos o sea,es,B1,0.652,"[0.685, 0.643, 0.648, 0.631, 0.628, 0.702, 0.571, 0.559, 0.555, 0.836, 0.702, 0.682, 0.561, 0.71, 0.644, 0.674]",1,3
utt_01610,Describe your typical workday.,morgens arbeit dann zuhause,de,A2,0.48,"[0.54, 0.351, 0.503, 0.526]",0,1
utt_01611,Introduce yourself and say where you are from.,*noise* *noise* *noise*,es,B1,0.704,"[0.657, 0.752, 0.703]",3,2
utt_01612,Explain how to get from your house to the office.,prendo l'autobus e poi cammino fino all'ufficio cioe,it,B1,0.77,"[0.718, 0.878, 0.636, 0.86, 0.872, 0.706, 0.712, 0.776]",3,3
utt_01613,Talk about your favorite hobby and why you like it.,j'aime le foot,fr,A1,0.775,"[0.782, 0.748, 0.794]",2,1
utt_01614,Talk about your favorite hobby and why you like it.,mon passe-temps est le foot le samedi,fr,A2,0.779,"[0.904, 0.723, 0.627, 0.829, 0.898, 0.795, 0.677]",1,2
utt_01615,Describe what you did last weekend.,dormi y comi,es,A1,0.229,"[0.235, 0.155, 0.296]",2,2
utt_01616,Describe what you did last weekend.,dormi y comi,es,A1,0.55,"[0.526, 0.579, 0.544]",0,1
utt_01617,Introduce yourself and say where you are from.,soy de madrid,es,A2,0.598,"[0.606, 0.578, 0.609]",3,1
utt_01618,Describe what you did last weekend.,el fin de semana pasado fui al parque y luego cene con unos amigos,fr,B1,0.901,"[0.889, 0.828, 0.925, 0.884, 0.828, 1.0, 0.916, 0.878, 0.972, 0.998, 0.879, 0.908, 0.828, 0.878]",3,3
utt_01619,Ask for directions to the train station.,"pardon, pourriez-vous me dire comment aller a la gare?",fr,C1,0.924,"[0.925, 0.949, 0.958, 0.972, 0.952, 0.861, 0.878, 0.903, 0.92]",3,4
utt_01620,Talk about a book or film you enjoyed recently.,i watched a good film last week about space,en,B1,0.854,"[0.661, 0.843, 0.909, 0.935, 0.868, 0.778, 0.951, 0.813, 0.927]",1,3
utt_01621,Ask for directions to the train station.,"pardon, pourriez-vous me dire comment aller a la gare?",fr,B2,0.679,"[0.729, 0.617, 0.658, 0.724, 0.661, 0.699, 0.669, 0.689, 0.665]",2,1
utt_01622,Give your opinion on working from home.,i think working from home is good but sometimes lonely,en,C1,0.617,"[0.681, 0.615, 0.573, 0.476, 0.737, 0.599, 0.673, 0.627, 0.61, 0.577]",2,3
utt_01623,Explain your plans for the summer holidays.,urlaub spanien vielleicht,de,A2,0.64,"[0.579, 0.536, 0.804]",1,1
utt_01624,Introduce yourself and say where you are from.,me llamo ana,es,A1,0.567,"[0.611, 0.521, 0.569]",1,1
utt_01625,Introduce yourself and say where you are from.,soy de madrid i mean,fr,A2,0.843,"[0.826, 0.837, 0.878, 0.796, 0.878]",4,1
utt_01626,Talk about your favorite hobby and why you like it.,j'aime le foot,fr,A1,0.78,"[0.673, 0.858, 0.81]",3,2
utt_01627,Give your opinion on working from home.,"personally i think remote work boosts productivity, but you have to be disciplined to avoid isolation and so on",en,B2,0.941,"[0.999, 0.873, 0.896, 0.999, 0.999, 0.841, 0.999, 0.987, 0.93, 0.999, 0.999, 0.816, 0.999, 0.863, 0.972, 0.858, 0.901, 0.949, 0.999]",4,4
utt_01628,Give your opinion on working from home.,i believe working from home is convenient though it can feel isolating well,en,B2,0.81,"[0.786, 0.729, 0.854, 0.799, 0.937, 0.84, 0.818, 0.862, 0.85, 0.768, 0.744, 0.817, 0.726]",4,3
utt_01629,Ask for directions to the train station.,gare s'il vous plait ou,fr,A2,0.75,"[0.689, 0.776, 0.75, 0.798, 0.738]",2,1
utt_01630,Talk about your favorite hobby and why you like it.,xxx,fr,B1,0.75,[0.75],1,2
utt_01631,Talk about your favorite hobby and why you like it.,mon passe-temps prefere est le foot parce que j'aime jouer en equipe,it,B1,0.455,"[0.495, 0.43, 0.471, 0.425, 0.508, 0.405, 0.408, 0.501, 0.415, 0.505, 0.474, 0.428]",2,2
utt_01632,Order a coffee and a pastry at a cafe.,un cafe croissant,es,A2,0.608,"[0.647, 0.66, 0.517]",2,1
utt_01633,Explain your plans for the summer holidays.,sommer ich gehe strand,de,A1,0.9,"[0.764, 0.912, 0.922, 1.0]",3,2
utt_01634,Describe your typical workday.,ich arbeite computer i mean,de,A1,0.734,"[0.746, 0.716, 0.736, 0.735, 0.739]",2,2
utt_01635,Talk about a book or film you enjoyed recently.,uh uh brrr klk ??? ???,en,A1,0.237,"[0.121, 0.238, 0.301, 0.266, 0.326, 0.171]",4,2
utt_01636,Ask for directions to the train station.,gare s'il vous plait ou,fr,A2,0.822,"[0.9, 0.725, 0.853, 0.782, 0.85]",3,3
utt_01637,Ask for directions to the train station.,"pardon, pourriez-vous me dire comment aller a la gare? en fait",fr,C1,0.699,"[0.815, 0.759, 0.829, 0.762, 0.625, 0.523, 0.746, 0.715, 0.652, 0.591, 0.672]",2,3
utt_01638,Talk about a book or film you enjoyed recently.,i watched a good film last week about space,en,A2,0.91,"[0.829, 0.895, 0.999, 0.834, 0.906, 0.934, 0.978, 0.873, 0.939]",1,3
utt_01639,Explain your plans for the summer holidays.,fuer die sommerferien plane ich nach spanien zu reisen und die kueste zu besuchen ehrlich gesagt,de,B2,0.912,"[0.904, 0.985, 0.916, 0.96, 0.999, 0.999, 0.86, 0.785, 0.999, 0.803, 0.968, 0.856, 0.858, 0.935, 0.86, 0.9]",4,4
utt_01640,Explain how to get from your house to the office.,prendo autobus ufficio,it,A2,0.723,"[0.701, 0.747, 0.722]",1,2
utt_01641,Describe your typical workday.,ich arbeite computer,de,A1,0.722,"[0.705, 0.694, 0.767]",1,2
utt_01642,Describe your typical workday.,ich arbeite computer,de,A1,0.908,"[0.976, 0.815, 0.932]",2,2
utt_01643,Ask for directions to the train station.,gare s'il vous plait ou,fr,A2,0.792,"[0.759, 0.833, 0.703, 0.877, 0.787]",3,2
utt_01644,Explain your plans for the summer holidays.,urlaub spanien vielleicht,de,A2,0.727,"[0.703, 0.746, 0.731]",3,1
utt_01645,Give your opinion on working from home.,"personally i think remote work boosts productivity, but you have to be disciplined to avoid isolation well",en,B2,0.716,"[0.77, 0.665, 0.763, 0.731, 0.799, 0.732, 0.819, 0.688, 0.606, 0.672, 0.696, 0.499, 0.595, 0.844, 0.811, 0.755, 0.722]",4,4
utt_01646,Talk about your favorite hobby and why you like it.,mon passe-temps prefere est le foot parce que j'aime jouer en equipe,fr,B1,0.619,"[0.647, 0.531, 0.611, 0.641, 0.616, 0.707, 0.667, 0.613, 0.628, 0.634, 0.641, 0.487]",0,2
utt_01647,Describe what you did last weekend.,"el fin de semana pasado visite el parque, di un largo paseo y luego cene con viejos amigos o sea",es,C1,0.857,"[0.851, 0.76, 0.973, 0.87, 0.859, 0.943, 0.907, 0.787, 0.869, 0.848, 0.74, 0.821, 0.86, 0.865, 0.76, 0.963, 0.866, 0.877, 0.905, 0.814]",3,4
utt_01648,Talk about your favorite hobby and why you like it.,j'aime le foot,fr,A1,0.71,"[0.73, 0.707, 0.692]",1,1
utt_01649,Explain your plans for the summer holidays.,diesen sommer moechte ich mit meiner familie nach spanien fahren und so weiter,de,B1,0.737,"[0.762, 0.822, 0.772, 0.785, 0.69, 0.619, 0.822, 0.859, 0.826, 0.702, 0.649, 0.654, 0.614]",3,3
utt_01650,Talk about a book or film you enjoyed recently.,i watched a good film last week about space,en,A1,0.785,"[0.77, 0.845, 0.712, 0.882, 0.838, 0.773, 0.7, 0.704, 0.844]",2,2
utt_01651,Ask for directions to the train station.,gare s'il vous plait ou,fr,A2,0.537,"[0.536, 0.538, 0.536, 0.536, 0.537]",1,1
utt_01652,Describe what you did last weekend.,"el fin de semana pasado visite el parque, di un largo paseo y luego cene con viejos amigos sabes",es,B2,0.859,"[0.813, 0.986, 0.983, 0.832, 0.801, 0.891, 0.817, 0.76, 0.933, 0.928, 0.853, 0.752, 0.754, 0.849, 0.806, 0.817, 0.914, 0.894, 0.939]",3,4
utt_01653,Ask for directions to the train station.,excusez-moi ou est la gare s'il vous plait,fr,B1,0.528,"[0.555, 0.562, 0.669, 0.648, 0.449, 0.421, 0.465, 0.454]",1,1
utt_01654,Explain your plans for the summer holidays.,urlaub spanien vielleicht,de,A2,0.555,"[0.512, 0.547, 0.607]",3,1
utt_01655,Explain your plans for the summer holidays.,urlaub spanien vielleicht,de,A2,0.717,"[0.696, 0.761, 0.694]",2,1
utt_01656,Describe what you did last weekend.,el fin de semana fui al parque con amigos,es,A2,0.764,"[0.864, 0.75, 0.795, 0.674, 0.704, 0.782, 0.844, 0.766, 0.695]",2,2
utt_01657,Order a coffee and a pastry at a cafe.,"podria darme un cafe y un croissant de chocolate, por favor? gracias o sea",es,B2,0.726,"[0.801, 0.554, 0.608, 0.753, 0.707, 0.748, 0.71, 0.746, 0.65, 0.746, 0.775, 0.791, 0.845, 0.723]",2,3
utt_01658,Describe what you did last weekend.,dormi y comi,es,A1,0.75,"[0.81, 0.685, 0.754]",2,1
utt_01659,Explain how to get from your house to the office.,cammino poi autobus,it,A1,0.567,"[0.552, 0.628, 0.521]",1,1
utt_01660,Order a coffee and a pastry at a cafe.,cafe por favor i mean,es,A1,0.754,"[0.724, 0.819, 0.692, 0.799, 0.738]",2,1
utt_01661,Ask for directions to the train station.,gare s'il vous plait ou,fr,A2,0.709,"[0.725, 0.746, 0.714, 0.713, 0.649]",0,1
utt_01662,Order a coffee and a pastry at a cafe.,cafe por favor,es,A1,0.475,"[0.498, 0.548, 0.379]",0,1
utt_01663,Explain your plans for the summer holidays.,sommer ich strand well,de,A1,0.548,"[0.544, 0.52, 0.517, 0.613]",2,1
utt_01664,Introduce yourself and say where you are from.,hola me llamo ana soy de madrid la verdad,es,B1,0.877,"[0.9, 0.854, 0.937, 0.891, 0.796, 0.778, 0.863, 0.891, 0.981]",3,2
utt_01665,Describe your typical workday.,ich fange um neun uhr an zu arbeiten und benutze den ganzen tag den computer also you know,de,B1,0.91,"[0.948, 0.869, 0.87, 0.903, 0.895, 0.889, 0.847, 0.898, 0.986, 0.826, 0.883, 0.942, 0.971, 0.922, 0.95, 0.879, 0.961, 0.934]",3,3
utt_01666,Describe what you did last weekend.,dormi y comi,es,A1,0.584,"[0.664, 0.527, 0.562]",2,1
utt_01667,Order a coffee and a pastry at a cafe.,cafe por favor,es,A1,0.887,"[0.874, 0.897, 0.889]",2,1
utt_01668,Order a coffee and a pastry at a cafe.,quisiera un cafe y un croissant por favor o sea,es,B1,0.661,"[0.675, 0.567, 0.59, 0.705, 0.711, 0.581, 0.685, 0.738, 0.577, 0.78]",2,2
utt_01669,Describe your typical workday.,ich fange um neun uhr an zu arbeiten und benutze den ganzen tag den computer,de,B1,0.666,"[0.645, 0.767, 0.633, 0.597, 0.639, 0.666, 0.644, 0.657, 0.698, 0.66, 0.668, 0.546, 0.703, 0.667, 0.794]",4,2
utt_01670,Order a coffee and a pastry at a cafe.,un cafe croissant,es,A2,0.666,"[0.666, 0.665, 0.668]",0,1
utt_01671,Talk about a book or film you enjoyed recently.,book is good,en,A2,0.633,"[0.769, 0.542, 0.588]",1,1
utt_01672,Order a coffee and a pastry at a cafe.,"podria darme un cafe y un croissant de chocolate, por favor? gracias o sea",es,B2,0.871,"[0.903, 0.832, 0.805, 0.964, 0.958, 0.755, 0.861, 0.971, 0.86, 0.859, 0.87, 0.826, 0.796, 0.939]",1,3
utt_01673,Introduce yourself and say where you are from.,hola me llamo ana soy de madrid o sea,es,B1,0.815,"[0.827, 0.705, 0.948, 0.851, 0.742, 0.871, 0.811, 0.875, 0.702]",1,2
utt_01674,Introduce yourself and say where you are from.,"hola, me llamo ana y soy de madrid en well",es,B2,0.728,"[0.543, 0.748, 0.81, 0.581, 0.633, 0.842, 0.776, 0.663, 0.841, 0.842]",3,2
utt_01675,Order a coffee and a pastry at a cafe.,"podria darme un cafe y un croissant de chocolate, por favor? gracias",es,C1,0.636,"[0.701, 0.599, 0.641, 0.702, 0.661, 0.76, 0.544, 0.547, 0.693, 0.634, 0.623, 0.523]",1,3
utt_01676,Explain your plans for the summer holidays.,diesen sommer moechte ich mit meiner familie nach spanien fahren sozusagen,de,B1,0.807,"[0.805, 0.898, 0.78, 0.739, 0.836, 0.789, 0.836, 0.733, 0.853, 0.811, 0.796]",1,3
utt_01677,Introduce yourself and say where you are from.,soy de madrid,es,A2,0.682,"[0.67, 0.666, 0.71]",2,1
utt_01678,Ask for directions to the train station.,ou train,fr,A1,0.163,"[0.166, 0.16]",4,2
utt_01679,Give your opinion on working from home.,i like home,en,A2,0.74,"[0.673, 0.77, 0.777]",1,1
utt_01680,Introduce yourself and say where you are from.,hola me llamo ana soy de madrid,es,B1,0.822,"[0.893, 0.778, 0.863, 0.761, 0.8, 0.782, 0.875]",2,2
utt_01681,Describe what you did last weekend.,"el fin de semana pasado visite el parque, di un paseo y luego cene con viejos amigos well",es,C1,0.589,"[0.593, 0.594, 0.565, 0.586, 0.574, 0.605, 0.568, 0.63, 0.549, 0.573, 0.64, 0.583, 0.559, 0.6, 0.582, 0.572, 0.565, 0.669]",0,2
utt_01682,Give your opinion on working from home.,i believe working from home is convenient though it can feel isolating,en,B1,0.608,"[0.616, 0.738, 0.548, 0.64, 0.513, 0.696, 0.588, 0.643, 0.627, 0.589, 0.459, 0.643]",2,2
utt_01683,Talk about your favorite hobby and why you like it.,mon passe-temps prefere est le foot; je l'adore car ca me maintient en forme et j'aime le travail d'equipe,fr,B2,0.783,"[0.768, 0.621, 0.922, 0.844, 0.723, 0.708, 0.849, 0.768, 0.621, 0.947, 0.752, 0.922, 0.903, 0.702, 0.881, 0.733, 0.626, 0.753, 0.825]",2,3
utt_01684,Ask for directions to the train station.,"pardon, pourriez-vous me dire comment aller a la i mean",fr,C1,0.78,"[0.751, 0.764, 0.883, 0.798, 0.72, 0.847, 0.805, 0.583, 0.824, 0.821]",4,3
utt_01685,Give your opinion on working from home.,"personally i think remote work boosts productivity, but you have to be disciplined to avoid isolation you know",en,C1,0.855,"[0.781, 0.88, 0.869, 0.831, 0.757, 0.775, 0.736, 0.977, 0.914, 0.94, 0.876, 0.883, 0.999, 0.848, 0.867, 0.828, 0.875, 0.752]",4,4
utt_01686,Talk about a book or film you enjoyed recently.,book is good,en,A2,0.626,"[0.685, 0.669, 0.523]",1,1
utt_01687,Talk about a book or film you enjoyed recently.,no sé,en,A2,0.543,"[0.618, 0.468]",0,1
utt_01688,Describe what you did last weekend.,el fin de semana pasado fui al parque y luego cene con unos amigos i mean,es,B1,0.854,"[0.867, 0.934, 0.813, 0.891, 0.744, 0.897, 1.0, 0.788, 0.806, 0.81, 0.875, 0.783, 0.898, 0.931, 0.906, 0.728]",2,3
utt_01689,Describe what you did last weekend.,el fin de semana fui al parque con amigos,es,A2,0.908,"[0.924, 0.921, 0.915, 0.888, 0.88, 0.926, 0.977, 0.812, 0.929]",1,3
utt_01690,Give your opinion on working from home.,i like home,en,A2,0.765,"[0.769, 0.752, 0.773]",1,1
utt_01691,Give your opinion on working from home.,i think working from home is good but sometimes lonely,en,A2,0.88,"[0.999, 0.897, 0.943, 0.863, 0.891, 0.868, 0.788, 0.807, 0.913, 0.835]",2,3
utt_01692,Introduce yourself and say where you are from.,hola me llamo ana soy de madrid la verdad,es,B1,0.728,"[0.696, 0.656, 0.741, 0.747, 0.835, 0.595, 0.684, 0.753, 0.843]",1,2
utt_01693,Talk about a book or film you enjoyed recently.,book is good,en,A2,0.543,"[0.551, 0.516, 0.562]",0,1
utt_01694,Describe what you did last weekend.,el fin de semana fui parque con amigos you know,es,A2,0.707,"[0.742, 0.738, 0.628, 0.726, 0.671, 0.712, 0.663, 0.713, 0.717, 0.756]",3,2
utt_01695,Give your opinion on working from home.,"personally i think remote work boosts productivity, but you have to be disciplined to avoid isolation to be honest",en,A2,0.935,"[0.944, 0.915, 0.901, 0.861, 0.999, 0.867, 0.926, 0.948, 0.999, 0.887, 0.999, 0.941, 0.954, 0.882, 0.845, 0.973, 0.997, 0.923, 0.997]",3,3
utt_01696,Talk about a book or film you enjoyed recently.,i watched a good film last week about space,en,A1,0.966,"[0.999, 0.969, 0.999, 0.93, 0.999, 0.991, 0.903, 0.909, 0.999]",2,3
utt_01697,Talk about a book or film you enjoyed recently.,book is good,en,A2,0.678,"[0.644, 0.774, 0.615]",1,1
utt_01698,Explain your plans for the summer holidays.,urlaub spanien vielleicht,de,A2,0.395,"[0.366, 0.451, 0.368]",0,1
utt_01699,Explain your plans for the summer holidays.,diesen sommer moechte ich mit meiner familie nach spanien fahren also,de,B1,0.395,"[0.315, 0.324, 0.414, 0.356, 0.45, 0.407, 0.426, 0.467, 0.381, 0.367, 0.44]",1,2
utt_01700,Order a coffee and a pastry at a cafe.,un cafe croissant,es,A2,0.967,"[0.965, 0.935, 1.0]",4,4
utt_01701,Give your opinion on working from home.,"personally i think remote work boosts productivity, but you have to be disciplined to avoid isolation",en,C1,0.756,"[0.882, 0.752, 0.704, 0.831, 0.831, 0.66, 0.738, 0.73, 0.737, 0.645, 0.697, 0.792, 0.725, 0.848, 0.826, 0.701]",4,4
utt_01702,Talk about your favorite hobby and why you like it.,j'aime le foot,fr,A1,0.876,"[0.937, 0.852, 0.839]",1,2
utt_01703,Describe what you did last weekend.,dormi y comi,es,A1,0.989,"[0.985, 0.991, 0.991]",1,1
utt_01704,Explain your plans for the summer holidays.,urlaub spanien vielleicht,de,A2,0.646,"[0.601, 0.642, 0.696]",2,1
utt_01705,Ask for directions to the train station.,excusez-moi ou est la gare s'il vous plait,fr,B1,0.654,"[0.735, 0.513, 0.765, 0.646, 0.58, 0.739, 0.62, 0.638]",2,2
utt_01706,Explain how to get from your house to the office.,cammino poi autobus,it,A1,0.539,"[0.563, 0.534, 0.521]",0,1
utt_01707,Talk about a book or film you enjoyed recently.,i watched a good film last week about space,en,B1,0.833,"[0.762, 0.761, 0.978, 0.813, 0.859, 0.868, 0.847, 0.815, 0.794]",3,2
utt_01708,Talk about a book or film you enjoyed recently.,i recently enjoyed a film about space travel; the story was really moving i mean,en,B1,0.929,"[0.859, 0.869, 0.828, 0.998, 0.879, 0.999, 0.999, 0.925, 0.842, 0.95, 0.999, 0.846, 0.972, 0.975, 0.999]",2,3
utt_01709,Order a coffee and a pastry at a cafe.,un cafe croissant,es,A2,0.58,"[0.569, 0.588, 0.582]",1,2
utt_01710,Ask for directions to the train station.,"pardon, pourriez-vous me dire comment aller a la gare?",fr,B2,0.867,"[0.85, 0.893, 0.903, 0.807, 0.883, 0.732, 0.903, 0.914, 0.92]",4,4
utt_01711,Introduce yourself and say where you are from.,me llamo ana,es,A1,0.866,"[0.799, 0.855, 0.943]",4,2
utt_01712,Introduce yourself and say where you are from.,me llamo ana well,es,A1,0.301,"[0.338, 0.268, 0.276, 0.323]",2,1
utt_01713,Describe your typical workday.,"an einem typischen tag fange ich um neun an, beantworte e-mails und habe nachmittags besprechungen ehrlich gesagt",de,B2,0.626,"[0.543, 0.624, 0.737, 0.713, 0.671, 0.543, 0.643, 0.606, 0.669, 0.591, 0.576, 0.505, 0.73, 0.619, 0.657, 0.646, 0.573]",4,2
utt_01714,Talk about your favorite hobby and why you like it.,mon passe-temps est le foot le samedi,fr,A2,0.763,"[0.661, 0.683, 0.708, 0.803, 0.701, 0.924, 0.861]",1,2
utt_01715,Talk about a book or film you enjoyed recently.,i recently enjoyed a film about space travel; the story was really moving to be honest,en,A2,0.824,"[0.793, 0.894, 0.781, 0.877, 0.817, 0.537, 0.759, 0.877, 0.838, 0.999, 0.911, 0.809, 0.803, 0.764, 0.911, 0.811]",3,4
utt_01716,Ask for directions to the train station.,excusez-moi ou est la gare s'il vous plait et cetera,fr,B1,0.69,"[0.739, 0.659, 0.799, 0.651, 0.667, 0.684, 0.73, 0.724, 0.628, 0.623]",2,2
utt_01717,Talk about a book or film you enjoyed recently.,i watched a good film last week about space,en,B1,0.85,"[0.68, 0.648, 0.916, 0.783, 0.917, 0.999, 0.875, 0.832, 0.999]",2,3
utt_01718,Ask for directions to the train station.,gare s'il vous plait ou i mean,fr,A2,0.946,"[0.98, 0.984, 0.915, 0.84, 0.926, 0.979, 1.0]",3,4
utt_01719,Talk about a book or film you enjoyed recently.,i like film action,en,A1,0.573,"[0.637, 0.611, 0.5, 0.542]",1,1
utt_01720,Describe what you did last weekend.,"el fin de semana pasado visite el parque, di un largo paseo y luego cene con viejos amigos",es,B2,0.923,"[0.855, 0.902, 0.904, 1.0, 0.925, 0.873, 0.96, 0.903, 0.854, 0.874, 1.0, 0.95, 0.933, 0.912, 0.945, 0.944, 0.945, 0.934]",4,3
utt_01721,Order a coffee and a pastry at a cafe.,cafe por favor,es,A1,0.224,"[0.252, 0.225, 0.194]",0,1
utt_01722,Talk about a book or film you enjoyed recently.,book is good,en,A2,0.616,"[0.672, 0.603, 0.573]",0,1
utt_01723,Talk about a book or film you enjoyed recently.,i recently enjoyed a film about space travel; the story was really moving,en,A2,0.831,"[0.754, 0.806, 0.757, 0.968, 0.926, 0.856, 0.887, 0.686, 0.991, 0.798, 0.883, 0.772, 0.716]",3,3
utt_01724,Talk about a book or film you enjoyed recently.,i recently enjoyed a film about space travel; the story was really moving,en,B1,0.709,"[0.752, 0.787, 0.606, 0.73, 0.791, 0.626, 0.658, 0.701, 0.812, 0.621, 0.709, 0.699, 0.73]",3,2
utt_01725,Order a coffee and a pastry at a cafe.,"podria darme un cafe y un croissant de chocolate, por favor? gracias",es,B2,0.918,"[0.965, 0.955, 0.999, 0.999, 0.951, 0.829, 0.95, 0.938, 0.879, 0.915, 0.795, 0.847]",2,3
utt_01726,Order a coffee and a pastry at a cafe.,cafe por favor,es,A1,0.616,"[0.598, 0.54, 0.711]",0,1
utt_01727,Explain your plans for the summer holidays.,fuer die sommerferien plane ich nach spanien zu reisen und die kueste zu besuchen,de,B2,0.798,"[0.859, 0.762, 0.794, 0.773, 0.898, 0.729, 0.816, 0.804, 0.857, 0.804, 0.71, 0.795, 0.754, 0.814]",1,2
utt_01728,Describe your typical workday.,ich fange um neun uhr an zu arbeiten und benutze den ganzen tag den computer und so weiter,de,B1,0.821,"[0.965, 0.638, 0.735, 0.76, 0.778, 0.894, 0.8, 0.86, 0.753, 0.841, 0.898, 0.742, 0.898, 0.823, 0.925, 0.797, 0.857, 0.813]",1,3
utt_01729,Explain your plans for the summer holidays.,sommer ich gehe strand,de,A1,0.639,"[0.643, 0.68, 0.708, 0.526]",3,1
utt_01730,Introduce yourself and say where you are from.,hola me llamo ana soy de madrid,es,B1,0.763,"[0.9, 0.616, 0.717, 0.768, 0.812, 0.912, 0.616]",3,2
utt_01731,Describe your typical workday.,ich arbeite computer,de,A1,0.777,"[0.794, 0.719, 0.819]",3,2
utt_01732,Talk about a book or film you enjoyed recently.,i recently enjoyed a film about space travel; the story was really moving and so on,en,A2,0.942,"[0.85, 0.976, 0.96, 0.847, 0.999, 0.999, 0.987, 0.893, 0.928, 0.999, 0.999, 0.997, 0.891, 0.942, 0.935, 0.874]",3,4
utt_01733,Ask for directions to the train station.,gare s'il vous plait ou,fr,A2,0.837,"[0.797, 0.914, 0.783, 0.865, 0.824]",2,2
utt_01734,Describe your typical workday.,morgens arbeit dann zuhause,de,A2,0.605,"[0.614, 0.568, 0.614, 0.623]",1,1
utt_01735,Talk about your favorite hobby and why you like it.,mon passe-temps prefere est le foot; je l'adore car ca me maintient en forme et j'aime le travail d'equipe,fr,B2,0.734,"[0.689, 0.595, 0.757, 0.587, 0.854, 0.715, 0.845, 0.684, 0.756, 0.75, 0.726, 0.689, 0.768, 0.642, 0.614, 0.849, 0.8, 0.737, 0.89]",4,3
utt_01736,Introduce yourself and say where you are from.,soy de madrid you know,es,A2,0.831,"[0.819, 0.848, 0.827, 0.805, 0.857]",1,2
utt_01737,Talk about a book or film you enjoyed recently.,i watched a good film last week about space,en,A1,0.814,"[0.808, 0.909, 0.622, 0.66, 0.871, 0.945, 0.958, 0.807, 0.744]",2,2
utt_01738,Describe your typical workday.,morgens arbeit dann zuhause,de,A2,0.714,"[0.761, 0.685, 0.743, 0.666]",3,2
utt_01739,Give your opinion on working from home.,i think working from home is good but sometimes lonely,en,A1,0.74,"[0.833, 0.819, 0.892, 0.712, 0.745, 0.633, 0.74, 0.641, 0.641, 0.747]",2,3
utt_01740,Describe your typical workday.,morgens arbeit dann zuhause,de,A2,0.433,"[0.403, 0.456, 0.48, 0.392]",1,1
utt_01741,Describe what you did last weekend.,el fin de semana fui al parque con amigos,es,A2,0.635,"[0.723, 0.38, 0.526, 0.739, 0.608, 0.656, 0.491, 0.831, 0.761]",1,2
utt_01742,Talk about your favorite hobby and why you like it.,mon passe-temps est le foot le samedi,de,A2,0.857,"[0.807, 0.795, 0.878, 0.933, 0.874, 0.944, 0.766]",2,2
utt_01743,Describe what you did last weekend.,"el fin de semana pasado visite el parque, di un largo paseo y luego cene con viejos amigos",es,B2,0.808,"[0.742, 0.707, 0.862, 0.836, 0.805, 0.896, 0.936, 0.675, 0.763, 0.897, 0.775, 0.744, 0.916, 0.697, 0.791, 0.851, 0.765, 0.894]",4,3
utt_01744,Explain your plans for the summer holidays.,urlaub spanien vielleicht,de,A2,0.603,"[0.523, 0.718, 0.567]",2,1
utt_01745,Introduce yourself and say where you are from.,me llamo ana,es,A1,0.422,"[0.443, 0.446, 0.378]",1,1
utt_01746,Explain your plans for the summer holidays.,uh,de,A1,0.555,[0.555],1,1
utt_01747,Introduce yourself and say where you are from.,soy de madrid,es,A2,0.622,"[0.625, 0.6, 0.642]",0,1
utt_01748,Order a coffee and a pastry at a cafe.,quisiera un cafe y un croissant por favor la verdad,es,B1,0.529,"[0.522, 0.511, 0.633, 0.459, 0.57, 0.504, 0.516, 0.517, 0.493, 0.562]",0,1
utt_01749,Explain your plans for the summer holidays.,sommer ich gehe strand,de,A1,0.693,"[0.712, 0.697, 0.69, 0.672]",1,1
utt_01750,Give your opinion on working from home.,home work is good,en,B1,0.715,"[0.659, 0.712, 0.831, 0.659]",1,1
utt_01751,Talk about a book or film you enjoyed recently.,i recently enjoyed a film about space travel; the story was really moving i mean,en,B2,0.699,"[0.674, 0.893, 0.805, 0.677, 0.609, 0.61, 0.623, 0.807, 0.723, 0.758, 0.653, 0.623, 0.741, 0.636, 0.652]",2,4
utt_01752,Give your opinion on working from home.,i think working from home is good but sometimes lonely,en,B2,0.824,"[0.943, 0.74, 0.999, 0.825, 0.866, 0.852, 0.791, 0.7, 0.713, 0.813]",2,3
utt_01753,Describe your typical workday.,ich arbeite computer,de,A1,0.946,"[0.949, 1.0, 0.888]",4,3
utt_01754,Give your opinion on working from home.,uh,en,A1,0.438,[0.438],0,1
utt_01755,Describe your typical workday.,ich arbeite computer,de,A1,0.46,"[0.465, 0.455, 0.459]",2,1
utt_01756,Talk about a book or film you enjoyed recently.,i like film action,en,A2,0.713,"[0.666, 0.727, 0.641, 0.82]",2,1
utt_01757,Talk about a book or film you enjoyed recently.,i watched a good film last week about space,en,A1,0.904,"[0.982, 0.985, 0.857, 0.77, 0.919, 0.889, 0.862, 0.999, 0.873]",2,2
utt_01758,Explain your plans for the summer holidays.,diesen sommer moechte ich mit meiner familie nach spanien fahren also,de,B1,0.769,"[0.644, 0.828, 0.755, 0.71, 0.849, 0.741, 0.785, 0.891, 0.722, 0.715, 0.82]",4,3
utt_01759,Order a coffee and a pastry at a cafe.,un cafe croissant,es,A2,0.887,"[0.96, 0.787, 0.913]",1,2
utt_01760,Describe your typical workday.,ich fange um neun uhr an zu arbeiten und benutze den ganzen tag den computer,de,B1,0.725,"[0.761, 0.59, 0.775, 0.781, 0.703, 0.805, 0.797, 0.73, 0.694, 0.66, 0.721, 0.761, 0.703, 0.581, 0.806]",3,2
utt_01761,Give your opinion on working from home.,uh,en,A1,0.521,[0.521],0,1
utt_01762,Explain how to get from your house to the office.,cammino poi autobus,it,A1,0.732,"[0.731, 0.702, 0.764]",0,1
utt_01763,Ask for directions to the train station.,"pardon, pourriez-vous me dire comment aller a la gare?",fr,C1,0.823,"[0.96, 0.649, 0.881, 0.748, 0.886, 0.859, 0.896, 0.814, 0.716]",4,3
utt_01764,Describe your typical workday.,ich fange um neun uhr an zu arbeiten und benutze den ganzen tag den computer sozusagen,de,B1,0.534,"[0.49, 0.549, 0.59, 0.441, 0.591, 0.477, 0.546, 0.486, 0.534, 0.582, 0.438, 0.475, 0.534, 0.685, 0.462, 0.66]",2,2
utt_01765,Describe your typical workday.,morgens arbeit dann zuhause,de,A2,0.899,"[1.0, 0.89, 0.871, 0.833]",0,3
utt_01766,Talk about a book or film you enjoyed recently.,i watched a good film last week about space,en,A2,0.504,"[0.466, 0.437, 0.521, 0.518, 0.622, 0.515, 0.52, 0.467, 0.467]",2,1
utt_01767,Talk about your favorite hobby and why you like it.,mon passe-temps est le foot le samedi,fr,A2,0.389,"[0.413, 0.306, 0.413, 0.539, 0.37, 0.399, 0.282]",1,2
utt_01768,Order a coffee and a pastry at a cafe.,"podria darme un cafe y un croissant de chocolate, por favor? gracias o sea",es,B2,0.969,"[0.988, 0.999, 0.895, 0.903, 0.988, 0.999, 0.999, 0.988, 0.999, 0.999, 0.892, 0.999, 0.917, 0.999]",3,4
utt_01769,Order a coffee and a pastry at a cafe.,cafe por favor,es,A1,0.59,"[0.513, 0.584, 0.672]",1,1
utt_01770,Ask for directions to the train station.,gare s'il vous plait ou,fr,A2,0.836,"[0.875, 0.862, 0.839, 0.807, 0.798]",2,2
utt_01771,Talk about a book or film you enjoyed recently.,i watched a good film last week about space,en,B1,0.742,"[0.675, 0.81, 0.687, 0.698, 0.767, 0.636, 0.79, 0.837, 0.782]",2,2
utt_01772,Describe your typical workday.,uh uh [inaudible],de,A1,0.785,"[0.804, 0.763, 0.789]",2,2
utt_01773,Describe what you did last weekend.,"el fin de semana visite el parque, di un largo paseo y luego cene con viejos amigos bueno you know",es,B2,0.893,"[0.89, 0.943, 0.917, 0.889, 0.966, 0.902, 0.954, 0.913, 0.771, 0.954, 0.886, 0.875, 0.894, 0.858, 0.891, 0.844, 0.952, 0.871, 0.856, 0.824]",3,3
utt_01774,Introduce yourself and say where you are from.,me llamo ana,es,A1,0.692,"[0.706, 0.771, 0.599]",0,1
utt_01775,Describe what you did last weekend.,"el fin de semana pasado visite el parque, di un largo paseo y luego cene con viejos amigos la verdad",es,C1,0.784,"[0.815, 0.81, 0.823, 0.726, 0.687, 0.839, 0.898, 0.727, 0.905, 0.816, 0.796, 0.77, 0.702, 0.864, 0.744, 0.743, 0.865, 0.668, 0.693, 0.795]",4,3
utt_01776,Explain your plans for the summer holidays.,urlaub spanien vielleicht,de,A2,0.616,"[0.63, 0.54, 0.679]",1,1
utt_01777,Give your opinion on working from home.,i think working from home is good but sometimes lonely,en,A1,0.858,"[0.82, 0.797, 0.753, 0.901, 0.869, 0.999, 0.734, 0.989, 0.863, 0.854]",3,3
utt_01778,Ask for directions to the train station.,ou train,fr,A1,0.697,"[0.689, 0.705]",1,1
utt_01779,Give your opinion on working from home.,i like home,en,A1,0.623,"[0.559, 0.639, 0.67]",1,1
utt_01780,Describe your typical workday.,"an einem typischen tag fange ich um neun an, beantworte e-mails und habe nachmittags besprechungen sozusagen i mean",de,C1,0.946,"[0.926, 1.0, 0.931, 0.93, 0.893, 0.954, 0.986, 1.0, 0.848, 0.929, 0.975, 0.984, 0.946, 0.981, 0.892, 1.0, 1.0, 0.857]",4,4
utt_01781,Introduce yourself and say where you are from.,hola me llamo ana soy de madrid bueno,es,B1,0.569,"[0.512, 0.515, 0.641, 0.497, 0.567, 0.625, 0.587, 0.611]",2,2
utt_01782,Describe what you did last weekend.,dormi y comi,es,A1,0.691,"[0.648, 0.75, 0.676]",2,1
utt_01783,Talk about a book or film you enjoyed recently.,book is good,en,B2,0.827,"[0.88, 0.791, 0.811]",2,2
utt_01784,Talk about your favorite hobby and why you like it.,j'aime le foot,fr,A1,0.741,"[0.708, 0.764, 0.75]",4,1
utt_01785,Order a coffee and a pastry at a cafe.,un cafe croissant i mean,es,A2,0.797,"[0.832, 0.779, 0.81, 0.83, 0.736]",2,2
utt_01786,Order a coffee and a pastry at a cafe.,un cafe croissant,es,A2,0.86,"[0.859, 0.915, 0.805]",3,2
utt_01787,Explain your plans for the summer holidays.,sommer ich gehe i mean,de,A1,0.689,"[0.743, 0.752, 0.552, 0.759, 0.64]",1,1
utt_01788,Ask for directions to the train station.,ou train,fr,A1,0.791,"[0.833, 0.75]",2,2
utt_01789,Ask for directions to the train station.,ou train well,fr,A1,0.561,"[0.569, 0.65, 0.465]",1,1
utt_01790,Give your opinion on working from home.,i think working from home is good but sometimes lonely,en,B1,0.807,"[0.834, 0.758, 0.859, 0.812, 0.697, 0.787, 0.819, 0.836, 0.787, 0.883]",3,3
utt_01791,Describe what you did last weekend.,el fin de semana pasado fui al parque y luego cene con unos amigos,es,B1,0.786,"[0.852, 0.82, 0.744, 0.722, 0.703, 0.806, 0.83, 0.835, 0.787, 0.722, 0.752, 0.866, 0.764, 0.803]",3,3
utt_01792,Explain how to get from your house to the office.,cammino poi autobus well,it,A1,0.75,"[0.681, 0.774, 0.722, 0.821]",2,2
utt_01793,Give your opinion on working from home.,i think working from home is good but sometimes lonely,en,B1,0.725,"[0.729, 0.659, 0.812, 0.654, 0.69, 0.703, 0.723, 0.73, 0.756, 0.792]",2,2
utt_01794,Ask for directions to the train station.,ou train well,fr,A1,0.709,"[0.731, 0.692, 0.704]",0,1
utt_01795,Introduce yourself and say where you are from.,hola me llamo ana soy de madrid,es,B1,0.911,"[0.901, 0.857, 0.885, 0.939, 0.945, 0.936, 0.913]",3,2
utt_01796,Explain your plans for the summer holidays.,urlaub spanien vielleicht,de,A2,0.778,"[0.806, 0.74, 0.789]",2,2
utt_01797,Give your opinion on working from home.,i like home,en,A2,0.692,"[0.739, 0.605, 0.732]",1,1
utt_01798,Ask for directions to the train station.,excusez-moi ou est la gare s'il vous plait en fait,fr,B1,0.582,"[0.535, 0.46, 0.608, 0.548, 0.59, 0.587, 0.653, 0.612, 0.603, 0.627]",1,1
utt_01799,Talk about a book or film you enjoyed recently.,i like film action,en,A2,0.726,"[0.857, 0.686, 0.731, 0.631]",1,1
utt_01800,Give your opinion on working from home.,i think working from home is good but sometimes lonely,en,A2,0.68,"[0.66, 0.724, 0.572, 0.621, 0.625, 0.704, 0.763, 0.731, 0.674, 0.722]",2,2
utt_01801,Describe your typical workday.,morgens arbeit dann zuhause,de,A2,0.679,"[0.676, 0.658, 0.656, 0.724]",0,1
utt_01802,Give your opinion on working from home.,"personally i think remote work boosts productivity, but you have to be disciplined to avoid isolation",en,C1,0.827,"[0.858, 0.869, 0.781, 0.697, 0.742, 0.856, 0.801, 0.827, 0.829, 0.857, 0.779, 0.938, 0.856, 0.875, 0.943, 0.731]",3,4
utt_01803,Describe what you did last weekend.,el fin de semana pasado fui al parque y luego cene con unos amigos,es,B1,0.79,"[0.822, 0.751, 0.884, 0.694, 0.819, 0.656, 0.808, 0.807, 0.936, 0.654, 0.738, 0.862, 0.82, 0.806]",3,3
utt_01804,Order a coffee and a pastry at a cafe.,"podria darme un y un croissant de chocolate, por favor? gracias you know",es,B2,0.647,"[0.586, 0.607, 0.717, 0.639, 0.665, 0.636, 0.572, 0.698, 0.672, 0.78, 0.582, 0.691, 0.564]",3,2
utt_01805,Explain your plans for the summer holidays.,urlaub spanien vielleicht,de,A2,0.878,"[0.906, 0.954, 0.774]",3,3
utt_01806,Talk about a book or film you enjoyed recently.,i watched a good film last week about space,en,A1,0.744,"[0.698, 0.823, 0.743, 0.787, 0.816, 0.708, 0.662, 0.708, 0.751]",0,2
utt_01807,Give your opinion on working from home.,i think working from home is good but sometimes lonely,en,A1,0.706,"[0.696, 0.688, 0.619, 0.719, 0.667, 0.631, 0.681, 0.862, 0.744, 0.749]",2,3
utt_01808,Describe your typical workday.,ich arbeite computer,de,A1,0.82,"[0.753, 0.795, 0.911]",0,2
utt_01809,Introduce yourself and say where you are from.,hola me llamo ana soy de madrid,es,B1,0.77,"[0.755, 0.731, 0.722, 0.795, 0.844, 0.76, 0.783]",1,2
utt_01810,Explain how to get from your house to the office.,prendo autobus ufficio,it,A2,0.724,"[0.752, 0.745, 0.676]",3,1
utt_01811,Explain your plans for the summer holidays.,urlaub spanien vielleicht,de,A2,0.916,"[0.942, 0.901, 0.906]",2,2
utt_01812,Give your opinion on working from home.,i like home,en,A2,0.693,"[0.67, 0.724, 0.685]",1,1
utt_01813,Ask for directions to the train station.,"pardon, pourriez-vous me dire comment aller a la gare?",fr,B2,0.824,"[0.819, 0.838, 0.854, 0.778, 0.77, 0.83, 0.892, 0.827, 0.807]",3,3
utt_01814,Explain your plans for the summer holidays.,fuer die sommerferien plane ich nach spanien zu reisen und die kueste zu besuchen und so weiter,de,C1,0.818,"[0.762, 0.787, 0.794, 0.969, 0.892, 0.889, 0.899, 0.749, 0.734, 0.742, 0.911, 0.78, 0.732, 0.788, 0.802, 0.837, 0.836]",2,3
utt_01815,Ask for directions to the train station.,gare s'il vous plait ou,fr,A2,0.708,"[0.67, 0.745, 0.679, 0.703, 0.745]",0,1
utt_01816,Talk about a book or film you enjoyed recently.,i like film action,en,A1,0.689,"[0.749, 0.654, 0.587, 0.765]",1,1
utt_01817,Order a coffee and a pastry at a cafe.,cafe por favor,es,A1,0.938,"[0.912, 0.916, 0.986]",1,3
utt_01818,Explain how to get from your house to the office.,prendo autobus ufficio,it,A2,0.765,"[0.739, 0.758, 0.797]",2,2
utt_01819,Ask for directions to the train station.,"pardon, pourriez-vous me dire comment aller a la gare? well",fr,B2,0.772,"[0.879, 0.788, 0.78, 0.783, 0.683, 0.757, 0.748, 0.77, 0.757, 0.774]",3,2
utt_01820,Explain your plans for the summer holidays.,urlaub spanien vielleicht,de,A2,0.761,"[0.725, 0.801, 0.758]",1,2
utt_01821,Describe what you did last weekend.,dormi y comi,es,A1,0.809,"[0.824, 0.853, 0.751]",3,1
utt_01822,Describe your typical workday.,ich arbeite computer,de,A1,0.734,"[0.69, 0.786, 0.725]",0,2
utt_01823,Describe what you did last weekend.,dormi y comi,es,A1,0.802,"[0.782, 0.977, 0.646]",2,2
utt_01824,Describe what you did last weekend.,*noise* [inaudible] [inaudible],es,A1,0.686,"[0.69, 0.697, 0.671]",0,2
utt_01825,Ask for directions to the train station.,"pardon, pourriez-vous me dire comment aller a la gare?",fr,B2,0.793,"[0.728, 0.913, 0.804, 0.785, 0.722, 0.83, 0.837, 0.729, 0.792]",2,3
utt_01826,Ask for directions to the train station.,excusez-moi ou est la gare s'il vous plait bon,fr,B1,0.74,"[0.725, 0.757, 0.682, 0.811, 0.793, 0.723, 0.731, 0.736, 0.701]",2,2
utt_01827,Ask for directions to the train station.,gare s'il plait ou you know,fr,A2,0.73,"[0.648, 0.663, 0.822, 0.766, 0.765, 0.717]",1,2
utt_01828,Order a coffee and a pastry at a cafe.,un cafe croissant,es,A2,0.894,"[0.856, 0.895, 0.932]",1,2
utt_01829,Explain your plans for the summer holidays.,xxx xxx,de,A1,0.625,"[0.571, 0.678]",2,1
utt_01830,Explain how to get from your house to the office.,prendo l'autobus numero dieci e poi cammino cinque minuti fino all'ufficio,it,B2,0.785,"[0.894, 0.809, 0.832, 0.752, 0.802, 0.688, 0.791, 0.781, 0.757, 0.826, 0.701]",2,2
utt_01831,Describe what you did last weekend.,el fin de semana fui al parque con amigos,es,A2,0.633,"[0.64, 0.654, 0.598, 0.66, 0.563, 0.701, 0.651, 0.623, 0.607]",0,2
utt_01832,Order a coffee and a pastry at a cafe.,cafe por favor,es,A1,0.55,"[0.505, 0.579, 0.567]",2,1
utt_01833,Describe what you did last weekend.,"el fin de semana pasado visite el parque, di un largo paseo y luego cene con viejos amigos o sea",es,B2,0.879,"[0.837, 0.824, 0.958, 0.835, 0.905, 0.91, 0.927, 0.976, 0.787, 0.729, 0.849, 1.0, 1.0, 1.0, 0.882, 0.741, 0.691, 0.845, 0.882, 1.0]",2,4
utt_01834,Give your opinion on working from home.,i like home,en,B1,0.72,"[0.778, 0.705, 0.676]",1,1
utt_01835,Ask for directions to the train station.,ou train,fr,A1,0.804,"[0.825, 0.783]",1,1
utt_01836,Order a coffee and a pastry at a cafe.,"podria darme un cafe y un croissant de chocolate, por favor? gracias",es,C1,0.768,"[0.701, 0.695, 0.806, 0.846, 0.818, 0.688, 0.842, 0.821, 0.685, 0.711, 0.845, 0.761]",4,3
utt_01837,Explain your plans for the summer holidays.,sommer ich gehe strand,de,A1,0.522,"[0.583, 0.528, 0.477, 0.501]",0,1
utt_01838,Explain how to get from your house to the office.,prendo l'autobus numero dieci e poi cammino cinque minuti fino all'ufficio sai,it,B2,0.671,"[0.679, 0.621, 0.608, 0.725, 0.736, 0.718, 0.784, 0.635, 0.796, 0.608, 0.6, 0.546]",4,3
utt_01839,Ask for directions to the train station.,excusez-moi ou est la gare s'il vous plait franchement,fr,B1,0.599,"[0.609, 0.603, 0.71, 0.681, 0.531, 0.614, 0.617, 0.47, 0.553]",1,2
utt_01840,Talk about your favorite hobby and why you like it.,mon passe-temps prefere est le foot parce que j'aime jouer en equipe,fr,B1,0.802,"[0.751, 0.893, 0.813, 0.844, 0.704, 0.878, 0.885, 0.672, 0.755, 0.833, 0.843, 0.757]",1,3
utt_01841,Talk about a book or film you enjoyed recently.,book is good,en,A2,0.653,"[0.637, 0.712, 0.611]",2,1
utt_01842,Explain how to get from your house to the office.,prendo autobus ufficio,it,A2,0.729,"[0.725, 0.699, 0.763]",1,1
utt_01843,Explain your plans for the summer holidays.,sommer ich gehe strand,de,A1,0.622,"[0.644, 0.692, 0.598, 0.553]",1,1
utt_01844,Explain how to get from your house to the office.,prendo l'autobus numero dieci e poi cammino cinque minuti fino all'ufficio cioe you know,it,B2,0.789,"[0.835, 0.755, 0.827, 0.755, 0.752, 0.82, 0.824, 0.821, 0.733, 0.768, 0.82, 0.788, 0.743, 0.805]",2,3
utt_01845,Talk about a book or film you enjoyed recently.,i recently enjoyed a film about space travel; the story was really moving you know,en,B2,0.704,"[0.706, 0.742, 0.577, 0.741, 0.663, 0.803, 0.654, 0.721, 0.623, 0.642, 0.705, 0.803, 0.703, 0.716, 0.755]",2,3
utt_01846,Explain how to get from your house to the office.,prendo autobus ufficio,it,A2,0.719,"[0.654, 0.757, 0.746]",2,1
utt_01847,Talk about your favorite hobby and why you like it.,mon passe-temps prefere est le foot; je l'adore car ca me maintient en forme et j'aime le travail d'equipe en fait,fr,C1,0.749,"[0.78, 0.834, 0.741, 0.791, 0.843, 0.754, 0.718, 0.613, 0.73, 0.795, 0.804, 0.772, 0.697, 0.594, 0.7, 0.714, 0.714, 0.781, 0.879, 0.745, 0.721]",4,3
utt_01848,Introduce yourself and say where you are from.,hola me llamo ana soy de madrid bueno,es,B1,0.791,"[0.762, 0.794, 0.714, 0.794, 0.822, 0.802, 0.823, 0.821]",2,2
utt_01849,Ask for directions to the train station.,gare vous plait ou i mean,fr,A2,0.826,"[0.76, 0.896, 0.822, 0.798, 0.798, 0.884]",3,3
utt_01850,Ask for directions to the train station.,"pardon, pourriez-vous me dire comment aller la gare? i mean",fr,C1,0.696,"[0.69, 0.598, 0.734, 0.613, 0.712, 0.719, 0.759, 0.816, 0.618, 0.7]",4,3
utt_01851,Talk about a book or film you enjoyed recently.,xxx mmm mmm,en,A2,0.167,"[0.197, 0.104, 0.199]",3,3
utt_01852,Ask for directions to the train station.,gare s'il vous plait ou,fr,A2,0.855,"[0.841, 0.893, 0.877, 0.836, 0.83]",1,1
utt_01853,Order a coffee and a pastry at a cafe.,un cafe croissant,es,A2,0.899,"[0.792, 0.975, 0.929]",1,2
utt_01854,Talk about your favorite hobby and why you like it.,mon passe-temps prefere est le foot; je l'adore car ca me maintient en forme et j'aime le travail d'equipe,fr,C1,0.919,"[0.992, 0.914, 0.892, 0.866, 0.956, 0.868, 1.0, 0.851, 0.951, 1.0, 0.971, 0.945, 0.873, 0.847, 0.982, 1.0, 0.906, 0.862, 0.779]",3,4
utt_01855,Introduce yourself and say where you are from.,"hola, me llamo ana y soy de madrid en espana etcetera",es,B2,0.652,"[0.594, 0.648, 0.756, 0.698, 0.675, 0.63, 0.619, 0.744, 0.668, 0.523, 0.613]",2,2
utt_01856,Talk about a book or film you enjoyed recently.,i watched a good film last week about space,en,B1,0.785,"[0.769, 0.883, 0.82, 0.764, 0.809, 0.803, 0.772, 0.708, 0.735]",2,2
utt_01857,Explain your plans for the summer holidays.,sommer ich gehe strand,de,A1,0.752,"[0.769, 0.727, 0.763, 0.748]",0,1
utt_01858,Order a coffee and a pastry at a cafe.,cafe por favor,es,A1,0.532,"[0.503, 0.519, 0.574]",0,1
utt_01859,Order a coffee and a pastry at a cafe.,quisiera un cafe y un croissant por favor,es,B1,0.716,"[0.695, 0.697, 0.798, 0.652, 0.839, 0.653, 0.709, 0.682]",3,1
utt_01860,Give your opinion on working from home.,i think working from home is good but sometimes lonely,en,A1,0.698,"[0.742, 0.642, 0.672, 0.742, 0.719, 0.72, 0.618, 0.788, 0.753, 0.587]",1,2
utt_01861,Give your opinion on working from home.,i think working from home is good but sometimes lonely,en,A1,0.639,"[0.626, 0.732, 0.608, 0.605, 0.701, 0.602, 0.643, 0.586, 0.66, 0.631]",1,2
utt_01862,Describe your typical workday.,morgens arbeit dann zuhause,de,A2,0.688,"[0.692, 0.717, 0.716, 0.626]",2,1
utt_01863,Introduce yourself and say where you are from.,me llamo ana,es,A1,0.786,"[0.688, 0.937, 0.732]",2,2
utt_01864,Ask for directions to the train station.,"pardon, pourriez-vous me dire comment aller a la gare? bon",fr,B2,0.63,"[0.731, 0.542, 0.651, 0.663, 0.713, 0.45, 0.687, 0.579, 0.7, 0.589]",2,2
utt_01865,Ask for directions to the train station.,ou train,fr,A1,0.607,"[0.588, 0.625]",2,1
utt_01866,Ask for directions to the train station.,ou train,fr,A1,0.58,"[0.564, 0.596]",2,1
utt_01867,Talk about a book or film you enjoyed recently.,book is good,en,A2,0.532,"[0.565, 0.55, 0.482]",2,1
utt_01868,Explain how to get from your house to the office.,cammino poi autobus well,it,A1,0.593,"[0.614, 0.657, 0.575, 0.524]",1,1
utt_01869,Talk about a book or film you enjoyed recently.,i like film action,en,A2,0.733,"[0.693, 0.729, 0.746, 0.765]",1,1
utt_01870,Describe your typical workday.,ich fange um neun uhr an zu arbeiten und benutze den ganzen tag den computer ehrlich gesagt,de,B1,0.806,"[0.743, 0.69, 0.928, 0.735, 0.828, 0.906, 0.792, 0.774, 0.862, 0.937, 0.745, 0.831, 0.698, 0.81, 0.846, 0.772, 0.805]",3,3
utt_01871,Describe your typical workday.,"an einem typischen tag fange ich um neun an, beantworte e-mails und habe nachmittags besprechungen",de,B2,0.966,"[0.93, 0.974, 1.0, 0.94, 0.953, 0.986, 1.0, 0.928, 0.967, 0.98, 0.969, 0.899, 0.986, 1.0, 0.975]",4,4
utt_01872,Talk about a book or film you enjoyed recently.,i like film action,en,A1,0.771,"[0.746, 0.921, 0.692, 0.726]",0,1
utt_01873,Talk about a book or film you enjoyed recently.,i watched a good film last week about space,en,B2,0.753,"[0.652, 0.63, 0.754, 0.727, 0.752, 0.759, 0.83, 0.962, 0.713]",2,3
utt_01874,Explain your plans for the summer holidays.,fuer die sommerferien plane ich nach spanien zu reisen und die kueste zu besuchen,de,C1,0.878,"[0.886, 0.772, 0.903, 0.957, 0.884, 0.88, 0.813, 0.83, 0.798, 0.921, 0.906, 0.97, 0.892, 0.879]",2,4
utt_01875,Explain how to get from your house to the office.,cammino poi autobus,it,A1,0.654,"[0.614, 0.633, 0.716]",1,1
utt_01876,Ask for directions to the train station.,"pardon, pourriez-vous me dire comment aller a la gare?",fr,B2,0.749,"[0.782, 0.762, 0.742, 0.668, 0.702, 0.71, 0.756, 0.825, 0.797]",2,2
utt_01877,Order a coffee and a pastry at a cafe.,un cafe croissant you know,es,A2,0.548,"[0.516, 0.555, 0.568, 0.565, 0.535]",1,1
utt_01878,Give your opinion on working from home.,i think working from home is good but sometimes lonely,en,A2,0.583,"[0.563, 0.584, 0.687, 0.509, 0.533, 0.588, 0.62, 0.553, 0.538, 0.656]",3,2
utt_01879,Talk about a book or film you enjoyed recently.,i watched a good film last week about space,en,A1,0.762,"[0.663, 0.862, 0.838, 0.776, 0.764, 0.67, 0.892, 0.629, 0.767]",2,2
utt_01880,Explain your plans for the summer holidays.,diesen sommer moechte ich mit meiner familie nach spanien fahren ehrlich gesagt,de,B1,0.742,"[0.959, 0.613, 0.629, 0.738, 0.893, 0.65, 0.697, 0.808, 0.717, 0.691, 0.765, 0.741]",0,3
utt_01881,Ask for directions to the train station.,"pardon, pourriez-vous me comment aller a la gare? you know",fr,B2,0.929,"[0.949, 0.962, 0.912, 0.912, 0.908, 0.921, 0.9, 0.897, 0.957, 0.973]",2,4
utt_01882,Describe your typical workday.,ich fange um neun uhr an zu arbeiten und benutze den ganzen tag den computer also,de,B1,0.825,"[0.718, 0.858, 0.793, 0.828, 0.894, 0.918, 0.846, 0.681, 0.768, 0.939, 0.605, 0.966, 0.905, 0.978, 0.838, 0.667]",4,3
utt_01883,Describe what you did last weekend.,el fin de semana fui al parque con amigos,es,A2,0.546,"[0.56, 0.591, 0.578, 0.519, 0.547, 0.524, 0.513, 0.579, 0.499]",2,2
utt_01884,Describe your typical workday.,"an einem typischen tag fange ich um neun an, beantworte e-mails und habe nachmittags besprechungen",de,B2,0.793,"[0.739, 0.723, 0.695, 0.814, 0.888, 0.79, 0.694, 0.864, 0.926, 0.757, 0.769, 0.841, 0.921, 0.766, 0.707]",2,3
utt_01885,Talk about a book or film you enjoyed recently.,i recently watched a film about space travel that i loved - the story was moving and the visuals were stunning,en,B2,0.959,"[0.85, 0.949, 0.999, 0.981, 0.998, 0.977, 0.999, 0.999, 0.974, 0.896, 0.999, 0.999, 0.867, 0.999, 0.913, 0.984, 0.999, 0.919, 0.965, 0.867, 0.999]",4,3
utt_01886,Order a coffee and a pastry at a cafe.,cafe por favor,es,A1,0.772,"[0.77, 0.75, 0.797]",1,1
utt_01887,Introduce yourself and say where you are from.,me llamo ana,es,A1,0.767,"[0.782, 0.799, 0.72]",1,2
utt_01888,Give your opinion on working from home.,i like home,en,B1,0.589,"[0.597, 0.635, 0.536]",1,1
utt_01889,Explain how to get from your house to the office.,prendo l'autobus numero dieci e poi cammino cinque minuti fino all'ufficio,it,B2,0.728,"[0.754, 0.875, 0.672, 0.737, 0.734, 0.639, 0.791, 0.705, 0.744, 0.64, 0.722]",3,2
utt_01890,Explain your plans for the summer holidays.,fuer die plane ich nach spanien zu reisen und die kueste zu besuchen und so weiter you know,de,C1,0.796,"[0.742, 0.881, 0.839, 0.723, 0.796, 0.671, 0.853, 0.769, 0.753, 0.789, 0.796, 0.872, 0.845, 0.778, 0.86, 0.828, 0.754, 0.781]",3,4
utt_01891,Describe what you did last weekend.,"el fin de semana pasado visite el parque, di un largo paseo y luego cene con viejos amigos bueno",es,C1,0.861,"[0.832, 0.872, 0.818, 0.817, 0.963, 0.899, 0.793, 0.876, 0.848, 0.865, 0.849, 0.915, 0.862, 0.837, 0.906, 0.855, 0.848, 0.86, 0.835]",2,4
utt_01892,Explain how to get from your house to the office.,prendo l'autobus e poi cammino fino all'ufficio,it,B1,0.827,"[0.881, 0.834, 0.821, 0.802, 0.771, 0.811, 0.866]",2,3
utt_01893,Introduce yourself and say where you are from.,"hola, me llamo ana y soy de madrid en espana o sea",es,B2,0.85,"[0.849, 0.822, 0.671, 0.955, 0.92, 0.874, 0.979, 0.771, 0.978, 0.772, 0.859, 0.749]",3,3
utt_01894,Ask for directions to the train station.,gare s'il vous plait ou,fr,A2,0.536,"[0.517, 0.553, 0.501, 0.584, 0.525]",4,1
utt_01895,Explain how to get from your house to the office.,prendo autobus ufficio,it,A2,0.935,"[0.904, 0.901, 1.0]",2,3
utt_01896,Give your opinion on working from home.,i think working from home is good but sometimes lonely,en,A2,0.807,"[0.716, 0.795, 0.793, 0.702, 0.811, 0.874, 0.81, 0.86, 0.833, 0.873]",2,3
utt_01897,Talk about a book or film you enjoyed recently.,i like film action,en,A1,0.712,"[0.8, 0.772, 0.699, 0.576]",1,1
utt_01898,Explain your plans for the summer holidays.,sommer ich gehe strand,de,A1,0.47,"[0.435, 0.525, 0.543, 0.377]",0,1
utt_01899,Ask for directions to the train station.,"pardon, pourriez-vous me dire comment aller a la gare? en fait",fr,C1,0.628,"[0.67, 0.727, 0.616, 0.638, 0.664, 0.584, 0.612, 0.521, 0.61, 0.632, 0.633]",3,2
utt_01900,Talk about a book or film you enjoyed recently.,xxx,en,A2,0.111,[0.111],2,2
utt_01901,Talk about a book or film you enjoyed recently.,i recently enjoyed a film about space travel; the story was really moving,en,B1,0.944,"[0.875, 0.989, 0.999, 0.895, 0.96, 0.971, 0.874, 0.944, 0.92, 0.936, 0.999, 0.999, 0.915]",3,3
utt_01902,Describe your typical workday.,"an einem typischen tag fange ich um neun an, beantworte e-mails und habe nachmittags besprechungen",de,B2,0.719,"[0.757, 0.703, 0.71, 0.781, 0.721, 0.732, 0.724, 0.702, 0.773, 0.71, 0.693, 0.713, 0.668, 0.707, 0.698]",2,3
utt_01903,Talk about a book or film you enjoyed recently.,i recently enjoyed a film about space travel; the story was really moving and so on,en,B2,0.817,"[0.776, 0.819, 0.763, 0.849, 0.799, 0.708, 0.846, 0.726, 0.817, 0.854, 0.941, 0.818, 0.877, 0.737, 0.978, 0.76]",3,4
utt_01904,Describe your typical workday.,ich fange um neun uhr an zu arbeiten und benutze den ganzen tag den computer ehrlich gesagt,de,B1,0.597,"[0.628, 0.546, 0.645, 0.678, 0.639, 0.575, 0.598, 0.492, 0.58, 0.534, 0.633, 0.753, 0.621, 0.462, 0.566, 0.597, 0.594]",3,1
utt_01905,Describe what you did last weekend.,"el fin de semana pasado visite el parque, di un largo paseo y luego cene con viejos amigos",es,C1,0.836,"[0.799, 0.852, 0.77, 0.787, 0.874, 0.783, 0.868, 0.764, 0.936, 0.796, 0.826, 0.857, 0.808, 0.847, 0.87, 0.891, 0.882, 0.829]",4,3
utt_01906,Talk about your favorite hobby and why you like it.,mon passe-temps prefere est le foot parce que j'aime jouer en equipe franchement,fr,B1,0.805,"[0.788, 0.964, 0.866, 0.733, 0.805, 0.775, 0.789, 0.711, 0.769, 0.926, 0.839, 0.622, 0.884]",3,3
utt_01907,Explain your plans for the summer holidays.,sommer ich gehe strand,de,A1,0.913,"[0.973, 0.881, 0.949, 0.849]",2,2
utt_01908,Introduce yourself and say where you are from.,hola me llamo ana soy de madrid etcetera,es,B1,0.893,"[0.865, 0.985, 0.877, 0.78, 0.89, 0.889, 0.967, 0.895]",3,3
utt_01909,Give your opinion on working from home.,i like home,en,A2,0.648,"[0.662, 0.72, 0.562]",1,1
utt_01910,Order a coffee and a pastry at a cafe.,"podria darme un cafe y un croissant de chocolate, por favor? gracias",es,C1,0.361,"[0.325, 0.46, 0.375, 0.294, 0.47, 0.381, 0.364, 0.38, 0.265, 0.315, 0.364, 0.345]",3,3
utt_01911,Talk about your favorite hobby and why you like it.,mon passe-temps prefere est le foot parce que j'aime jouer en equipe et cetera,fr,B1,0.811,"[0.842, 0.812, 0.83, 0.806, 0.836, 0.817, 0.806, 0.805, 0.778, 0.82, 0.804, 0.791, 0.837, 0.769]",2,2
utt_01912,Give your opinion on working from home.,home work is good,en,A2,0.568,"[0.576, 0.642, 0.552, 0.502]",1,1
utt_01913,Describe your typical workday.,morgens arbeit dann zuhause,de,A2,0.748,"[0.703, 0.805, 0.755, 0.729]",1,2
utt_01914,Explain how to get from your house to the office.,cammino poi autobus,it,A1,0.292,"[0.291, 0.291, 0.294]",1,2
utt_01915,Ask for directions to the train station.,ou train,fr,A1,0.665,"[0.667, 0.662]",1,1
utt_01916,Give your opinion on working from home.,i believe working from home is convenient though it can feel isolating,en,A2,0.746,"[0.75, 0.678, 0.593, 0.793, 0.78, 0.741, 0.772, 0.691, 0.793, 0.753, 0.773, 0.835]",3,2
utt_01917,Describe what you did last weekend.,el fin de semana fui al parque con amigos,es,A2,0.685,"[0.566, 0.673, 0.852, 0.645, 0.676, 0.655, 0.697, 0.651, 0.749]",2,2
utt_01918,Describe what you did last weekend.,el fin de semana pasado fui al parque y luego cene unos amigos la verdad well,es,B1,0.744,"[0.757, 0.825, 0.611, 0.694, 0.708, 0.787, 0.641, 0.841, 0.873, 0.618, 0.677, 0.672, 1.0, 0.684, 0.931, 0.586]",2,1
utt_01919,Give your opinion on working from home.,i think working from home is good but sometimes lonely,en,A2,0.784,"[0.825, 0.892, 0.731, 0.659, 0.743, 0.81, 0.83, 0.78, 0.738, 0.833]",2,3
utt_01920,Talk about your favorite hobby and why you like it.,mon passe-temps prefere est le foot; je l'adore car ca me maintient en forme et j'aime le travail d'equipe,fr,B2,0.825,"[0.765, 0.784, 0.774, 0.809, 0.782, 0.775, 0.897, 0.901, 0.884, 0.858, 0.832, 0.795, 0.767, 0.848, 0.754, 0.765, 0.897, 0.943, 0.85]",2,3
utt_01921,Order a coffee and a pastry at a cafe.,cafe por favor,es,A1,0.264,"[0.349, 0.258, 0.185]",1,2
utt_01922,Explain how to get from your house to the office.,prendo l'autobus e poi cammino fino all'ufficio,it,B1,0.723,"[0.762, 0.759, 0.726, 0.705, 0.785, 0.655, 0.669]",1,2
utt_01923,Ask for directions to the train station.,gare s'il vous plait ou,fr,A2,0.63,"[0.596, 0.711, 0.587, 0.63, 0.628]",1,1
utt_01924,Explain how to get from your house to the office.,prendo autobus ufficio,it,A2,0.755,"[0.78, 0.676, 0.809]",3,2
utt_01925,Describe your typical workday.,"an einem typischen tag fange ich um neun an, beantworte e-mails und habe nachmittags besprechungen und so weiter",de,B2,0.782,"[0.861, 0.785, 0.881, 0.867, 0.829, 0.781, 0.778, 0.828, 0.749, 0.648, 0.81, 0.699, 0.71, 0.776, 0.77, 0.68, 0.787, 0.842]",2,3
utt_01926,Talk about your favorite hobby and why you like it.,mon passe-temps prefere est le foot; je l'adore car ca me maintient en forme et j'aime le travail d'equipe et cetera,fr,B2,0.844,"[0.801, 0.902, 0.783, 0.937, 0.831, 0.854, 0.769, 0.846, 0.858, 0.845, 0.825, 0.809, 0.896, 0.85, 0.913, 0.826, 0.83, 0.882, 0.78, 0.797, 0.894]",2,4
utt_01927,Explain your plans for the summer holidays.,urlaub spanien vielleicht,de,A2,0.801,"[0.76, 0.727, 0.917]",3,3
utt_01928,Introduce yourself and say where you are from.,me llamo ana,es,A1,0.583,"[0.568, 0.659, 0.522]",1,1
utt_01929,Introduce yourself and say where you are from.,hola me llamo ana soy de madrid,es,B1,0.9,"[0.835, 0.948, 0.94, 0.733, 0.916, 0.967, 0.96]",1,2
utt_01930,Describe your typical workday.,morgens arbeit dann zuhause,de,A2,0.667,"[0.744, 0.614, 0.725, 0.584]",3,1
utt_01931,Explain your plans for the summer holidays.,sommer ich gehe strand,de,A1,0.747,"[0.692, 0.702, 0.688, 0.908]",2,2
utt_01932,Give your opinion on working from home.,i think working from home is good but sometimes lonely,en,A2,0.784,"[0.876, 0.806, 0.839, 0.785, 0.67, 0.72, 0.877, 0.832, 0.624, 0.814]",2,3
utt_01933,Ask for directions to the train station.,excusez-moi ou est la gare s'il vous plait bon,fr,B1,0.614,"[0.533, 0.63, 0.601, 0.61, 0.69, 0.592, 0.649, 0.618, 0.607]",3,1
utt_01934,Talk about your favorite hobby and why you like it.,mon passe-temps prefere est le foot; je l'adore car ca me maintient en forme et j'aime le travail d'equipe,fr,B2,0.873,"[1.0, 0.775, 0.966, 0.922, 0.842, 0.99, 0.747, 0.839, 0.791, 0.905, 0.798, 0.906, 0.863, 0.842, 0.903, 0.857, 0.8, 1.0, 0.842]",4,4
utt_01935,Explain how to get from your house to the office.,uh uh [inaudible],it,A1,0.616,"[0.556, 0.662, 0.629]",2,1
utt_01936,Describe what you did last weekend.,dormi y comi,es,A1,0.577,"[0.606, 0.558, 0.566]",0,1
utt_01937,Talk about a book or film you enjoyed recently.,i watched a good film last week about space,en,B1,0.716,"[0.601, 0.783, 0.646, 0.637, 0.777, 0.764, 0.727, 0.747, 0.76]",2,1
utt_01938,Talk about your favorite hobby and why you like it.,j'aime le foot,fr,A1,0.504,"[0.539, 0.469, 0.505]",1,1
utt_01939,Explain how to get from your house to the office.,cammino poi autobus,it,A1,0.742,"[0.74, 0.746, 0.74]",3,1
utt_01940,Order a coffee and a pastry at a cafe.,"podria darme un cafe y un croissant de chocolate, por favor? gracias la verdad",es,C1,0.868,"[0.841, 0.802, 0.811, 0.839, 0.852, 0.896, 0.92, 0.961, 0.768, 0.898, 0.97, 0.87, 0.967, 0.75]",3,3
utt_01941,Ask for directions to the train station.,gare s'il vous plait ou,fr,A2,0.862,"[0.816, 0.9, 0.854, 0.869, 0.869]",3,1
utt_01942,Describe your typical workday.,ich fange um neun uhr an zu arbeiten und benutze den ganzen tag den computer,de,B1,0.735,"[0.821, 0.763, 0.77, 0.85, 0.67, 0.652, 0.62, 0.753, 0.555, 0.78, 0.724, 0.845, 0.67, 0.715, 0.844]",4,3
utt_01943,Describe what you did last weekend.,el fin de semana pasado fui al parque y luego cene con unos amigos o sea,es,B1,0.88,"[0.946, 0.826, 0.876, 0.883, 0.887, 0.85, 0.94, 0.756, 0.841, 0.891, 0.892, 0.944, 0.935, 0.849, 0.941, 0.824]",3,3
utt_01944,Introduce yourself and say where you are from.,"hola, me llamo ana y soy de madrid en espana",es,C1,0.777,"[0.849, 0.914, 0.87, 0.789, 0.757, 0.669, 0.804, 0.7, 0.723, 0.694]",3,3
utt_01945,Give your opinion on working from home.,i believe working from home is convenient though it can feel isolating,en,A2,0.879,"[0.999, 0.898, 0.92, 0.883, 0.755, 0.788, 0.767, 0.999, 0.902, 0.904, 0.903, 0.824]",4,3
utt_01946,Describe your typical workday.,ich arbeite computer,de,A1,0.77,"[0.732, 0.774, 0.803]",2,1
utt_01947,Describe your typical workday.,ich arbeite computer,de,A1,0.465,"[0.432, 0.513, 0.451]",0,1
utt_01948,Talk about your favorite hobby and why you like it.,xxx,fr,B1,0.824,[0.824],1,1
utt_01949,Introduce yourself and say where you are from.,soy de madrid,es,A2,0.95,"[0.921, 1.0, 0.929]",4,3
utt_01950,Ask for directions to the train station.,"pardon, pourriez-vous me dire comment aller a la gare? franchement",fr,B2,0.608,"[0.602, 0.514, 0.613, 0.647, 0.6, 0.503, 0.565, 0.74, 0.738, 0.562]",3,2
utt_01951,Ask for directions to the train station.,ou train,fr,A1,0.446,"[0.492, 0.399]",0,1
utt_01952,Talk about a book or film you enjoyed recently.,i watched a good film last week about space,en,B2,0.788,"[0.758, 0.744, 0.79, 0.767, 0.852, 0.832, 0.65, 0.779, 0.916]",2,2
utt_01953,Talk about your favorite hobby and why you like it.,mon passe-temps est le foot le samedi,fr,A2,0.477,"[0.53, 0.472, 0.507, 0.374, 0.494, 0.46, 0.503]",0,1
utt_01954,Talk about your favorite hobby and why you like it.,mon passe-temps prefere est le foot parce que j'aime jouer en equipe,fr,B1,0.856,"[0.936, 0.873, 0.823, 0.926, 0.863, 0.802, 0.799, 0.757, 0.829, 0.95, 0.881, 0.828]",2,4
utt_01955,Explain your plans for the summer holidays.,fuer sommerferien plane ich nach spanien zu reisen und die kueste zu besuchen also you know,fr,C1,0.52,"[0.604, 0.446, 0.535, 0.509, 0.601, 0.374, 0.444, 0.368, 0.501, 0.643, 0.477, 0.477, 0.61, 0.629, 0.518, 0.592]",4,3
utt_01956,Explain your plans for the summer holidays.,xxx,de,B1,0.782,[0.782],4,1
utt_01957,Ask for directions to the train station.,gare s'il vous plait ou,fr,A2,0.918,"[0.959, 0.988, 0.927, 0.829, 0.886]",1,2
utt_01958,Explain your plans for the summer holidays.,sommer ich gehe strand,de,A1,0.607,"[0.722, 0.594, 0.534, 0.578]",1,1
utt_01959,Order a coffee and a pastry at a cafe.,quisiera un cafe y un croissant por favor,es,B1,0.825,"[0.863, 0.794, 0.907, 0.861, 0.775, 0.824, 0.763, 0.81]",4,2
utt_01960,Talk about your favorite hobby and why you like it.,mon passe-temps est le foot le samedi,fr,A2,0.37,"[0.359, 0.45, 0.5, 0.313, 0.287, 0.375, 0.308]",2,1
utt_01961,Explain your plans for the summer holidays.,urlaub spanien vielleicht,de,A2,0.93,"[0.887, 0.929, 0.974]",2,3
utt_01962,Give your opinion on working from home.,home work is good,en,A1,0.516,"[0.506, 0.591, 0.452, 0.515]",1,1
utt_01963,Introduce yourself and say where you are from.,me llamo ana,es,A1,0.77,"[0.828, 0.802, 0.68]",2,1
utt_01964,Talk about your favorite hobby and why you like it.,j'aime le foot well,fr,A1,0.712,"[0.713, 0.713, 0.724, 0.698]",1,1
utt_01965,Order a coffee and a pastry at a cafe.,quisiera un cafe y un croissant por favor la verdad,es,B1,0.533,"[0.605, 0.504, 0.426, 0.54, 0.495, 0.679, 0.597, 0.595, 0.552, 0.335]",2,1
utt_01966,Give your opinion on working from home.,i think working from home is good but sometimes lonely,en,A2,0.881,"[0.887, 0.868, 0.703, 0.745, 0.987, 0.872, 0.947, 0.889, 0.97, 0.941]",2,4
utt_01967,Order a coffee and a pastry at a cafe.,cafe por favor i mean,es,A1,0.685,"[0.786, 0.627, 0.664, 0.598, 0.752]",1,1
utt_01968,Talk about a book or film you enjoyed recently.,book is good,en,A2,0.669,"[0.741, 0.713, 0.553]",2,1
utt_01969,Give your opinion on working from home.,i think working from home is good but sometimes lonely,en,A2,0.635,"[0.694, 0.583, 0.601, 0.55, 0.74, 0.617, 0.589, 0.704, 0.55, 0.724]",3,2
utt_01970,Explain your plans for the summer holidays.,diesen sommer moechte ich mit meiner familie nach spanien fahren also,de,B1,0.808,"[0.912, 0.842, 0.84, 0.735, 0.867, 0.932, 0.878, 0.758, 0.729, 0.581, 0.818]",2,3
utt_01971,Explain how to get from your house to the office.,prendo l'autobus e poi cammino fino all'ufficio cioe,it,B1,0.932,"[0.959, 0.911, 0.933, 1.0, 0.948, 0.943, 0.906, 0.859]",4,3
utt_01972,Describe your typical workday.,"an einem typischen tag fange ich um neun an, beantworte e-mails und habe nachmittags besprechungen also",de,B2,0.36,"[0.35, 0.374, 0.413, 0.246, 0.302, 0.329, 0.358, 0.351, 0.352, 0.378, 0.313, 0.405, 0.38, 0.342, 0.438, 0.436]",2,3
utt_01973,Order a coffee and a pastry at a cafe.,cafe por favor,es,A1,0.702,"[0.709, 0.683, 0.713]",1,1
utt_01974,Introduce yourself and say where you are from.,"hola, me llamo ana y soy de madrid en espana i mean",es,C1,0.901,"[0.907, 1.0, 0.943, 0.97, 0.914, 0.951, 1.0, 0.861, 0.717, 0.819, 0.875, 0.849]",3,3
utt_01975,Talk about a book or film you enjoyed recently.,i watched a good film last week about space,en,A1,0.771,"[0.708, 0.724, 0.811, 0.676, 0.692, 0.904, 0.812, 0.859, 0.752]",2,2
utt_01976,Give your opinion on working from home.,"personally i think remote work boosts productivity, but you have to be disciplined to avoid isolation",en,B1,0.954,"[0.905, 0.999, 0.999, 0.953, 0.999, 0.937, 0.999, 0.977, 0.914, 0.921, 0.999, 0.967, 0.999, 0.872, 0.907, 0.923]",4,4
utt_01977,Talk about a book or film you enjoyed recently.,i watched a good film last week about space,en,B2,0.835,"[0.68, 0.889, 0.912, 0.82, 0.855, 0.851, 0.766, 0.874, 0.865]",3,3
utt_01978,Introduce yourself and say where you are from.,soy de madrid,es,A2,0.626,"[0.623, 0.591, 0.663]",1,1
utt_01979,Explain how to get from your house to the office.,cammino poi autobus well,it,A1,0.895,"[0.876, 0.928, 0.883, 0.893]",2,1
utt_01980,Introduce yourself and say where you are from.,hola me llamo ana soy de madrid la verdad,es,B1,0.716,"[0.621, 0.708, 0.742, 0.658, 0.802, 0.686, 0.701, 0.758, 0.767]",3,2
utt_01981,Describe your typical workday.,"an einem typischen tag fange ich um neun an, beantworte e-mails und habe nachmittags besprechungen ehrlich gesagt",de,C1,0.621,"[0.629, 0.47, 0.593, 0.612, 0.589, 0.643, 0.68, 0.719, 0.611, 0.454, 0.591, 0.641, 0.755, 0.583, 0.687, 0.665, 0.641]",2,3
utt_01982,Talk about your favorite hobby and why you like it.,xxx xxx,fr,C1,0.755,"[0.823, 0.687]",3,2
utt_01983,Give your opinion on working from home.,i think working from home is good but sometimes lonely,en,B2,0.802,"[0.776, 0.768, 0.859, 0.871, 0.815, 0.87, 0.732, 0.805, 0.707, 0.819]",3,3
utt_01984,Describe what you did last weekend.,dormi y comi,es,A1,0.867,"[0.86, 0.883, 0.858]",0,1
utt_01985,Give your opinion on working from home.,i believe working from home is convenient though it can feel isolating,en,C1,0.841,"[0.844, 0.838, 0.752, 0.978, 0.844, 0.764, 0.876, 0.692, 0.811, 0.999, 0.766, 0.933]",3,3
utt_01986,Talk about your favorite hobby and why you like it.,j'aime le foot,fr,A1,0.591,"[0.659, 0.625, 0.489]",1,1
utt_01987,Introduce yourself and say where you are from.,"hola, me llamo ana y soy de madrid en espana etcetera",es,B2,0.786,"[0.821, 0.71, 0.796, 0.766, 0.794, 0.733, 0.744, 0.784, 0.793, 0.775, 0.93]",4,2
utt_01988,Explain how to get from your house to the office.,prendo l'autobus e poi cammino fino all'ufficio,it,B1,0.793,"[0.769, 0.823, 0.735, 0.849, 0.762, 0.811, 0.805]",1,2
utt_01989,Introduce yourself and say where you are from.,hola me llamo ana soy de madrid etcetera,es,B1,0.764,"[0.77, 0.703, 0.7, 0.862, 0.77, 0.703, 0.728, 0.878]",2,3
utt_01990,Introduce yourself and say where you are from.,"hola, me llamo ana y soy de madrid en espana bueno",es,B2,0.932,"[0.941, 0.927, 0.927, 0.931, 0.93, 0.908, 0.913, 0.923, 0.968, 0.937, 0.942]",4,3
utt_01991,Give your opinion on working from home.,??? ???,en,B1,0.355,"[0.339, 0.371]",2,1
utt_01992,Explain how to get from your house to the office.,prendo autobus ufficio,it,A2,0.315,"[0.34, 0.341, 0.265]",4,2
utt_01993,Describe what you did last weekend.,el fin de semana fui al parque con amigos,es,A2,0.737,"[0.727, 0.716, 0.794, 0.749, 0.74, 0.718, 0.721, 0.775, 0.693]",0,2
utt_01994,Ask for directions to the train station.,gare s'il vous plait ou,fr,A2,0.939,"[0.994, 0.924, 0.942, 0.888, 0.948]",2,3
utt_01995,Explain your plans for the summer holidays.,sommer ich gehe strand,de,A1,0.885,"[0.975, 0.869, 0.82, 0.878]",2,3
utt_01996,Give your opinion on working from home.,...,en,B2,0.535,[0.535],0,1
utt_01997,Talk about your favorite hobby and why you like it.,mon passe-temps prefere est le foot parce que j'aime jouer en equipe,fr,B1,0.899,"[0.857, 0.874, 0.962, 0.887, 0.83, 0.835, 0.911, 0.952, 0.893, 0.917, 0.912, 0.959]",3,3
utt_01998,Order a coffee and a pastry at a cafe.,quisiera un cafe y un croissant por favor,es,B1,0.603,"[0.514, 0.684, 0.704, 0.554, 0.583, 0.585, 0.593, 0.609]",2,1
utt_01999,Order a coffee and a pastry at a cafe.,"podria darme un cafe y un croissant de chocolate, por favor? gracias sabes",es,B2,0.805,"[0.803, 0.844, 0.858, 0.733, 0.733, 0.873, 0.829, 0.793, 0.818, 0.786, 0.822, 0.766, 0.805]",3,3
